text,label
gemuruh suara asteroid melintas,1
sinyal internet berhentikan indonesia,1
minum air hangat kali sehari menyembuhkan covid,1
penjualan iphone merosot bos apple turun gunung,0
rp triliun pdb indonesia diperoleh youtube,0
melampaui regulasi ekonomi digital,0
tangkapan layar berita media daring berjudul presiden jokowi marah kualitas tenaga kerja ri rendah tambahan narasi salah faktor impor tka besarbesaran china,1
eksplorasi terbaru joko avianto continuum seniman lihai garap bambu,0
pdip tunggu etika politik gibran kembalikan kta,0
tulisan teriakan pancasila mu dr abdul mu ti med,1
jejak rumah kapiten tan jin sing kampung ketandan jogja,0
pacari taylor swift travis kelce terpaksa beli rumah seharga rp m,0
foto buaya berenang rumah terendam banjir badai florida,1
catat nih kiat kelola keuangan pasangan muda ala tokopedia,0
istana meresmikan pki diperbolehkan indonesia,1
kadiv humas polri ingatkan jaga persatuan pemilu damai,0
pesan jusuf kalla,1
toyota buruburu berbenah lihat mobil chinakorea atraktif,0
besok job fair itb pencari kerja yuk merapat,0
le minerale mitra hidrasi jakarta marathon,0
bos ducati bagnaia vs martin samasama dibayar menang,0
wajah hacker perusak server kpud jabar,1
gerindra pdip anggap gibran pembangkang internal,0
jokowi evaluasi pj kepala daerah miringmiring ganti,0
samsung galaxy tab a a plus dirilis global harganya murah,0
jabar sepekan pencarian enuh kematian wanita tangan kekasih,0
megawati jokowi idaman alam alien pimpin beliau,1
kominfo waspadai hoax editan ai contohkan video jokowi bicara mandarin,0
ika universitas negeri makassar undang capres diskusi demokrasi,0
peneliti analis laboratorium terkena corona perawat korban,1
legenda futsal terbaik dunia idolamu,0
jokowi menteri berkumpul masker,1
kriteria kapten timnas aniescak imin versi pkb lionel messi,0
ulama terbesar madura berbondongbondong deklarasi aniesmuhaimin,1
gibran elit pdip pembangkang,0
kemenristekdikti luruskan wacana dosen impor,0
fifa resmi sanksi berat timnas israel,1
telkomsel pastikan keandalan jaringan glteg jelang motogp mandalika,0
coba lari turunkan berat badan biar nggak gagal pesan dokter,0
penerbangan spacex editan buktinya manusia duduk pinggiran roket peluncuran,1
xiami jualan hp komunisme,0
panglima mutasi pati tni wakasal pangkogabwilhan i diganti,0
miliarder kritik produktivitas anak muda rendah usul kerja jam seminggu,0
pemkot kirim tim teliti keretakan jembatan kaca kampung warnawarni malang,0
lakukan sehat cuaca panas,0
video warga austria menentang lockdown,1
ahy serang jokowi kelakuan istrinya,1
jalanan lumpuh total akibat relawan dukung anies debat terbuka,1
pemprov bali tetapkan status siaga darurat kekeringan,0
baliho ganjarmahfud dicopot jelang kunjungan jokowi perintah mahendra,0
video selamatkan jasad sriwijayaairsj,1
panita pengawas desa aceh tamiang dipecat pose jari,0
jurus takedown konten hoax ampuh,0
pdip tampakkan wajah duet ganjar ahok diumumkan publik,1
jalan pertamina luncurkan avtur ramah lingkungan tekan emisi,0
kampus bidang teknik terbaik indonesia versi the wur nomor,0
hotel prancis vs kutu busuk teknologi tingkat dipasang,0
pj gubernur sulsel resmi lantik pj walkot parepare pj bupati enrekang,0
lomba lari ajak peserta olahraga menabung haji,0
jokowi memperhatikan anies membaca buku,1
innalilahi pesan wasiat irfan hakim istri anakanaknya meninggl dunia,1
ahok belajar kebijakan publik kennedy center john fkennedy school of government harvard university,1
liga ayo antarpelajar digelar kota,0
mahasiswa ui manfaatkan parafin panel surya patut dicontoh,0
bakrie brothers kantongi laba bersih rp miliar sumbernya,0
riadi saputra pembawa bendera indonesia opening asian games,0
sms kejutan tiktok bonus rp juta,1
review kamera nikon zf desain retro serba,0
kejahatan hindu india modi wanita muslim membawa daging,1
klarifikasi humas pemprov ntb terkait kabar gurbenur zulkifliemansyah selamat prabowo sandi,0
klarifikasi pt schroder terkait isu dana kampanye sandiaga uno,0
air nanas panas membunuh sel kanker,1
innalillah anies baswedan menjenguk bima arya keluarga histeris,1
khutbah jumat sumpah pemuda bangkitkan jiwa persatuan,0
skpd pemkot makassar rapor merah realisasi apbd pejabat terancam dicopot,0
maruf amin aturan landasi papua provinsi olahraga digodok,0
jokowi berpidato bahasa mandarin fasih bahasa inggris,1
anies positif gagal nyapres kader nasdem indramayu ramairamai tuntut,1
pelintiran konteks foto najwa tommy soeharto,1
perang ukraina masuki babak menjelang musim dingin,0
anies baswedan setuju berduet ganjar pilpres,1
anies baswedan menandatangani kontrak pimpin jakarta syariat islam,1
dukung literasi anak guru dilatih maksimalkan buku bacaan bermutu,0
foto sby dijemput paksa brimob bersenjata lengkap,1
kebersamaan pemimpin depok robot prabowo jokowi wowi,1
ditemukan es batu,1
ahok putra tertak bangsa,1
menerka sikap pdip gibran kadernya cawapres prabowo,0
perwakilan ri mit bangun ekosistem inovasi indonesia,0
jokowi ajak negaranegara teluk arab kembangkan industri halal,0
demo hongkong menolak campur tangan fihak negara china komunis,1
promosi komprehensif tokopedia dapatkan data intrnet gb isi ulang,1
biden cina negara unggul tertandingi,1
tandatanda usia biologis tua ketimbang kronologis wajah boros,0
korban radiasi hp,1
dibayar kontan adzab penjual agama harta yusuf mansur terbaring,1
jogetin rumor stroke gerindra jatim tegaskan prabowo sehat tempur,0
praktis twinkl sediakan bahan ajar kurikulum merdeka guru,0
pemerintahan jokowi terpapar neo komunisme,1
mengenal jong java perannya sumpah pemuda,0
juta produk bersertifikat halal lampaui target bpjph,0
misi agenda new world order pbb,1
jokowi bertolak tanah air riyadh,0
contoh sambutan singkat pidato santri nasional,0
johnny plate meluapkan kesedihan pleidoi korban politik,0
nusron bicara anak sukarnosoeharto cawapres prestasi,0
massa mahasiswa jogja coret poster jokowigibrananwar usman,0
dicalonkan ketum pesti chairuddin majukan soft tennis ri,0
pekan kebudayaan nasional hadir titik jabodetabek,0
masjid jerman terima paket ancaman islamofobia,0
bill gates meluncurkan kapsul implan manusia melawan virus corona,1
foto ahok berseragam pertamina,1
lengkap pidato perdana gibran rakabuming cawapres prabowo,0
mandi basahkan kepala basahkan badan,1
kpu sumbar coret nama irman gusman daftar calon dpd ri,0
foto anak korban vaksinasi covid,1
universitas indonesia terkait kelompok ikatan keluarga universitas indonesia,1
tulisan anies murah indonesia rhenald kasali,1
bahaya asap rokok tumbuh kembang anak pengaruhi psikologis,0
perintah luhut amien rais dijemput paksa,1
rockefeller foundation rencanakan skenario pandemi covid,1
ras anjing terbesar dunia tingginya meter,0
foto muslim new delhi dibantai akibat uu kewarganegaraan india,1
pj gubernur sulsel ajak kemenpora bahas anggaran khusus mattoanging,0
prisma sihir tergantikan disney petro vlahos ubah sinema,0
sederet tips dosen ugmumy anak muda jelang pemilu,0
tpd ganjarmahfud tana toraja terbentuk komitmen dulang suara,0
jokowi bertemu capres cak imin kesimpulannya presidenaparatur netral,0
dana miliar syarat ahy cawapres anies,1
kejanggalan tabiat misteri kematian wanita lembah cisolok,0
pesan giveaway kedas beauty,1
viral lulusan itb menggelandang jalanan demak depresi gegara cinta,0
asian games emas indonesia bertambah persembahan judo,0
messi jersey presiden jokowi permohonan maaf indonesia,1
foto miliarder tiongkok he shihua memaksa pelatih memainkannya lapangan,1
saleh daulay isu presiden periode sehatdiskreditkan jokowi,0
ketua kpud bekasi meninggal dunia,1
asian games resmi ditutup,0
tukul arwana meninggal dunia,1
reaksi gibran status pdip de facto dinyatakan,0
pesan berantai sinyal internet dihentikan aktifitas hp dipantau,1
spanduk petruk marak solosemarang analisis pakar ugm,0
biar damai kominfo kaji penggunaan teknologi ai pemilu,0
hobi ngoprek cuan,0
terseret korupsi dana formula e anies baswedan terancam penjara seumur hidup,1
walkot semarang ajak pemuda pancasila jaga kondusivitas jelang pemilu,0
pkn resmi ditutup soroti kebijakan kawasan pemajuan kebudayaan,0
menpora dito saksi korupsi bts kominfo,0
lantik pejabat pengawas dirjen perumahan pesan,0
jurnalis muda amerika bernama fira aziz keuntungan tiktok disalurkan camp konsentrasi warga uighur,1
polisi intimidasi warga infoakurat,1
panda nababan sentil gibran mudah berkhianat berbohong,0
jembatan kaca kampung warnawarni malang retak sebulan,0
foto penyanyi korea won young ive kurus,1
ganjar cerita momen peluk menteri pupr basuki beliau meneteskan air mata,0
belajar tatap muka resmi januari anak wajib swab test sekolah,1
mahasiswa bantuan kodam dampingi gelar unjuk,1
kpk geledah kantor walikota solo,1
studi anak muda ri pendidikan formal,0
loris capirossi suka ngebut dibanding pecco beda detik,0
pilpres pengaruh industri otomotif indonesia,0
fakta jembatan kaca malang retak bikin ketarketir banyumas,0
jokowi buka suara pencopotan baliho ganjarmahfud kunker bali,0
realisasi apbd rendah dprd makassar singgung skpd takut belanjakan anggaran,0
doa sumpah pemuda upacara bendera oktober,0
solo spanduk petruk ojo ilang jowone marak semarang,0
anies percaya jokowi netral pilpres,0
lmnd deklarasi manifesto pendidikan nasional ri,0
ungkit asta cita relawan tegaskan prabowogibran komitmen isu energi,0
mantan wakil presiden filipina berpakaian transparan kunjungan arab saudi negara mayoritas muslim,1
foto anak ukraina melempar batu tank tentara rusia,1
klarifikasi bmkg terkait prediksi gempa bermagnitudo tsunami daerah jateng,0
kemenperin produk elektronik ri bertarung pasar dunia,0
video berita terkinigaragara anies berani ancm jkwviral news jokowi kpk anies,1
bugillagi pecat,1
gibran setel video porno presentasi,1
seragam kontingen indonesia asian games,0
pilpres dibatalkan rakyat jokowi diangkat presiden,1
raffi ahmad baim membuka bisnis game slot online,1
video gedung cyber mabes polri mampang jaksel kebakaran,1
partai bersatu pan golkar pks sepakat jadikan anies baswedan calon tunggal,1
kontingen indonesia terbang hangzhou kejar emas asian games,0
bersyukur cak imin kubu prabowo berkoalisi,0
gerindra sulsel target menangkan prabowogibran persen suara,0
duh ronaldo langgar pasal zina iran terancam hukuman cambuk kali,0
tepis isu keretakan masinton bu mega sayang jokowi,0
sehari rapid test covid santri kudus santri sadarkan,1
rahasia wajah glowing natasha wilona sandwich skincare,0
pedoman susunan upacara sumpah pemuda oktober sesuai kemenpora ri,0
bus timnas u meter,1
ganjar izin cuti ketum persada jelang pilpres biar etis,0
dasco gerindra tangerang menangkan prabowogibran muda berkarya,0
akun facebook irjen polisi supratman,1
pesan pj gubernur dki warga pakai masker kondisi,0
kebutuhan sekunder pengertian contoh faktor memengaruhinya,0
ustaz abdul somad mengacungkan jari mendukung jokowi,1
nata de coco terbuat plastik berbahaya anakanak,1
kapolri mutasi jendral irjen argo didapuk kapolda kaltim,1
waspada penyakit orang tua jantung mengintai anak muda,0
klarifikasi putra aji adhari anak kelas ll mts bobol situs kpu pemilu,0
redaksi liputan sctv revisi quick count,0
sambut pemilu bisnis percetakan sleman banjir orderan,0
visi misi pasangan ganjar pranowomahfud md indonesia unggul,0
sapi blasteran babi,1
jokowi pbb global warming global boiling,0
video raja bahrain dikawal robot,1
foto jokowi ma ruf amin menjenguk ade armando,1
tim sepakbola kalsel lolos pon,0
gadget wifi sebabkan kanker darah,1
jadwal vaksinasi massal royal plaza surabaya tanggal agustus,1
cepet kayak ngisi bensin fuso pamer stasiun penukaran baterai truk listrik,0
link nonton film gratis aman drakor box office,0
covid virus sumber kementerian kesehatan italy,1
wanita kali berisiko kena stroke faktor risiko,0
robot berukuran sel ditemukan vaksin covid,1
lolongan histeris siksa kubur alexander,1
gibran bertemu produsen carica wonosobo bahas kredit startupdigitalisasi,0
cawabup oku timur menawarkan kredit mobil whatsapp,1
video bendera khilafah dikibarkan pembukaan piala dunia qatar,1
dilantik pj walkot parepare besok akbar ali jaga netralitas asn,0
password wifi jakarta anieskeren,1
daftar nasional november tanggal merah,0
penemu mobil berbahan bakar air dibunuh,1
video petinju babak belur melawan petinju,1
dicontoh tips irit tukar uang asing ala ayudia bing slamet,0
mu bikin investigasi internal pemain cedera,0
israel ngeri masuk terowongan hamas lawan hantu,0
jutaan warga saksi prabw janjikan terpilih,1
kartu dijanjikan wapres ma ruf debat cawapres terealisasi,1
kuliah standar kings college london malang buka september,0
piala kasad xiv diharap munculkan pejudo andal,0
butiran es hasil fenomena hujan es meningkatkan imunitas tubuh,1
contoh pantun santri nasional lucu kocak menghibur,0
pembajakan akun aplikasi telegram pemulihan kunci,1
surat perintah bnpb terkait normalisasi sungai sulawesi tenggara,1
daftar kartu prakerja pt shell indonesia bantuan senilai rp,1
giliran thariq halilintar posting foto aaliyah massaid,0
layanan kegiatan kerjasama like and share rcti,1
lompatan sistem kesehatan,0
megahnya palm jumeirah pulau buatan dubai,0
minum air es makan sebabkan kanker,1
foto bunga tumbuh benua antartika diklaim efek buruk pemanasan global,1
rencana pemkab sumedang manfaatkan bekas bangunan lapan,0
singgung penyalahgunaan kekuasaan pengamat pemilu ternodai,0
akun twitter lawanpolitikjkw milik ferdinand hutahean,1
ahmad dhani sesumbar suara prabowo persen ntb,0
geliat kota pelajar pemicu menjamurnya bioskop jogja,0
barcelona siapkan laga perpisahan messi,0
nasdem dengar kabar jokowi undang capres makan siang istana,0
prabowo kacamata google glass contek debat pilpres,1
kampus terbaik jurusan bisnis manajemen duniaindonesia versi the wur,0
penjualan kalender police news polda jateng seharga rp ribu,1
tim karate universitas gemilang okc piala kemenpora,0
boccia indonesia genjot latihan medali asian games,0
pelaut ri singapura ngeluh diklat syarat lisensi menhub kasih solusi,0
imbas israel vs hamas napoli ogah main supercoppa italia,0
gambar bernilai seribu syamsia hassani,1
ballon dor vinicius raih socrates award,0
pengertian webinar platform gratis seminar online,0
lowongan kerja kpp pratama sumba,1
foto rapper ice cube cent memakai topi trump,1
foto timnas indonesia u promosi jam tangan pintar jepang,1
kpk periksa ganjar akui dana t bayar buzzer serang anies,1
daftar produk perusahaan israel diboikot dunia,0
ruu hip disahkan malam,1
terdakwa korupsi stadion sultan agung bantul divonis bui,0
manajemen okupansi hotel sultan anjlok gegara akses ditutup,0
daftar gpu nvidia dilarang diekspor china,0
unik pria gunduli kepala janji setia dukung jokowi,0
video ditonton situasi terkait cedera andre gomes,1
geger anggota parlemen inggris ditangkap dugaan pemerkosaan,0
jelang pildun u heru budi tinjau pemasangan rumputakses tambahan jis,0
ancaman anies kapolda ditulis media,1
pan resmi gabung koalisi kpp dukung anies capres,1
wajib berobat penyakit ditanggung bpjs,0
dicurangi fifa presiden jokowi tinggalkan fifa pindah conifa,1
informasi peringkat sayuran anti kanker institut pencegahan kanker,1
foto pandemi flu,1
serangan gila indonesia tewaskan ratusan tentara australiamayat berserakan pulau,1
christiano ronaldo menolak bersalaman presiden israel mendukung umat islam,1
aliansi dokter dunia varian delta,1
video pesawat kiamat milik rusia china kepulauan pasir,1
cak imin pemimpin menderita ceritakan penderitaan anies,0
gunung slamet waspada kawasan wisata baturraden buka,0
video maret juragan pemilik ms glow diciduk bareskrim tangis sang istri pecah,1
pendaftaran caprescawapres ditutup kpu verifikasi data,0
waspada sakit punggung indikasi penyakit serius,0
link peduli lindungi pedulilindungiacom,1
video militer pakistan menang lawan militer amerika lomba,1
memotong gajinya tim medis memotong tunjangan tim medis,1
ngabalin pertemuan jokowi capres,0
udeh kronis ame jari,1
mengkonsumsi bawang dikupas menyerap kuman virus udara,1
bambang triatmojo anak soehato buka bicara cendana membongkar status jokowi anak gembong pki,1
beasiswa indonesia maju program persiapan sarjana negeri dibuka syaratnya,0
startup gibran disuntik dana investor miliaran rupiah,0
jokowi revolusi mental gagal agama dipisahkan politik,1
meminum air berbahaya tubuh ginjal memproses air,1
ahok resmi dilantik ketua kpk,1
masinton pdip usul hak angket mk paripurna dpr,0
jokowi megawati restui duet ganjarprabowo,1
keluarkan nasi rice cooker matang jam pemicu diabetes,1
media cup selesai detikcom runnerup,0
habib rizieq shihab bersumpah masuk indonesia seumur hidup,1
agustus ott kpk padang,1
sekjen pks maaf acara senam pagi amin depok bikin macet,0
video kabar terbaru tit shkan fp perntahkan fp tegkkan amr ma ruf nhi munkr viral,1
imbauan kapolresta solo karantina pendatang tanggal desember,1
ganjarmahfud panjatkan doa kebangsaan bareng santri kiai gresik,0
viral pimpin rapat pemenangan gibran wamendes kapasitas relawan,0
karyawan outsourcing bank bumn pesangon,0
bos psis yoyok sukawi nyatakan maju pemilihan wali kota semarang,0
perdana menteri jepang mundur terkait virus corona,1
pogba selesaikan dopingnya bicara comeback,0
pemilu demografi marwah kepentingan rakyat,0
dokter bicara wanita depok kena usus buntu diet ekstrem,0
azan pitu raksa wajit cililin warisan budaya benda,0
video prabowo subianto nabok tangan pendukungnya,1
capres menampar wakil menteri,1
rencana ujian nasional diselenggarakan kali,0
rakyat misi jahat amerika hancurkan nkri tangan anies,1
sederet anggota kabinet jokowi dampingi prabowogibran kpu,0
kampus pemujaan setan bandung,1
fakta sumpah pemuda oktober,0
link twibbon sumpah pemuda gratis,0
poster ungkapan duka cita pmi dki jakarta meninggalnya megawati,1
pdip usul pemerintah pesantren tutup indonesia,1
grab bantuan sembako senilai rp ribu warga surabaya,1
hasto pdip lempar isu kartu truf ketum dipegang,0
adian enggan pusing mikirin gibran,0
dinner bareng bos isuzu ngomongin panther sekolah sopir,0
bocoran truk fuso kelas berat tampang bos tenangsopir aman nyetir,0
link download spanduk banner umbulumbul sumpah pemuda,0
tanda kemenangan alam paslon no pilkada jember,1
video penggerebekan pasangan mesum gancet,1
kpk bantah terima tiket gratis asian games erick tohir,0
ribuan relawan network for ganjar menggoyang subang,0
sosok alex tirta bos alexis diduga bayar sewa rumah firli bahuri,0
duh valentino rossi borok marc marquez motogp,0
subsidi pulsa rp ribu kuota gb kemendikbud,1
najwa shihab klarifikasi disinformasi foto pertemuan najwa tommy soeharto,1
aplikasi flixonline menawarkan akses netflix gratis,1
safari politik kaesang jalan santai car free day kupang ntt,0
balap sepeda sumbang medali asian games,0
video perdana menteri israel benjamin netanyahu membunuh orang islam,1
review huawei matepad tablet canggih laptop harmonyos,0
jutaan burung kerumuni pantai dubai,1
wapres maruf berkantor papua kegiatannya,0
kiaisantri depok gelar istigasah doakan kemenangan ganjarmahfud,0
informasi agenda komunis internasional rrc artikel solopos,1
video langkah cerdik prabowo gabung koalisi perubahan nyatakan perang lawan istana anies,1
pahit sk gubernur cabut detik detik jokowi umumkan pemecatan anies,1
murid sd korban pencabulan guru olahraga langkat,0
video sosok makhluk aneh hutan,1
mengenal petruk tokoh wayang spanduk marak solosemarang,0
beda puan hasto isu periode muncul,0
profil wilda nurfadhilah eks kapten timnas voli putri menikah,0
trump mengamuk pilpres,1
rice cooker gratis dibagi disperindag sumut proses pendataan,0
peran sir jim ratcliffe resmi akuisisi mu,0
dijerat perkara terselubung bawaslu resmi tetapkan anies pasal berat,1
tanggal pembuatan vaksin setahun covid melanda,1
prabowo pastikan pemerintah tindak lanjuti pengadaan air bersih papua,0
wuhan china orang berteriak gak karuan,1
menlu retno bertemu menlu lithuania bahas perdagangan pendidikan,0
surat ajakan debat terbuka diadakan pengurus cabang muhammadiyah jember,1
gambar minuman keras fifa,1
pesan whatsapp undangan rakernas peningkatan kinerja tenaga kesehatan dinkes dki,1
pdip gibran pembangkang projo framing,0
foto baliho masyarakat ntt dukung prabowo jan ethes,1
malam jokowi ancam partai nasdem gawat surya paloh frustasi,1
nomor imei ponsel disadap polisi,1
santri ponpes jatim zulhas cerita kemajuan tiongkok,0
gibran pdip kabur partai golkar,1
luhut menteri indonesia dubes khusus china indonesia tulisan akbar tandjung,1
pemprov jabar tegur panitia acara kaesang sor arcamanik,0
persen warga jawa barat pilih anies calon presiden efek dukungan putri ariani,1
pesan berantai tangkapan layar artikel jakarta banjir ketua dprd temukan fakta mengejutkan trotoar,1
klarifikasi terkait kabar petugas kpps way kanan lampung tewas ditikam melerai keributan timses caleg,0
militer india tingkatkan kemampuan ai efektif,0
sms pt len hadiah rp juta,1
kejurnas judo ajang persiapan pon,0
hut rs mandaya puri layani pasien tumor kanker,0
jokowi pimpin ratas kesiapan pon xxi acehsumut istana,0
harga philips air fryer low watt terbaru oktober,0
demokrat sulsel tahan sebar baliho capres pasang dicabut,0
terpilih capres pdip puan maharani tawarkan cawapres anies baswedan,1
habib bahar positif gangguan jiwa habisi orang tahanan,1
janji gibran terpilih kredit startup milenial kis lansia,0
bmkg bantah gempa lombok picu gempa megatrhust selatan jawa selat sunda,0
perangkat anti pengenalan wajah demonstran hong kong,1
rekayasa lintas jalan kemang raya,1
rekomendasi playgroundtempat bermain anak makassar,0
persigo gorontalo lolos pon fadel muhammad bangga lihatnya,0
ketua satgas antimafia maruarar sirait pesan sepakbola ri,0
video penghina iriana diusir paksa,1
contoh teks tanggapan lengkap struktur ragam kalimatnya,0
tiket pesawat gratis wni pulang tanah air pt angkasa pura virus corona,1
kadrun sebutan pki an umat islam musuhnya,1
pangeran edward adik raja charles iii ri november anak muda indonesia,0
tim semarakkan turnamen tarkam sambut piala dunia u surabaya,0
maret kominfo unregistrasi kartu paket aktivitas internet jam,1
terbongkar agenda makar mahfud md turun tangan perintahkan aparat sikat ompong novel,1
faktor pendorong pergerakan nasional negeri,0
foto kumpulan covid cleveland endcovid,1
pemerintah rogoh kocek rp m pembangunan pengolahan air limbah ikn,0
unand buka prodi magister manajemen bencana dipelajari,0
video serangan udara tentara india pok pakistan occupied kashmir,1
amanat pembina upacara sumpah pemuda resmi link download pdf,0
foto relawan dibebaskan prabowo penjara,1
amien rais meninggal dunia ancam jokowi,1
kekasih lepas berpelukan berhubungan intim jalan,1
ketum imi puji kejurnas grastrack motocross kasal cup deli serdang,0
densus temukan bom bunuh grebek rumah anies,1
kemeriahan warga medan beli es krim baskin robbins rp pakai bank mega,0
coach indra sjafri digaji ikhlas,0
foto pesawat angkut disewa peserta reuni,1
pebalap mandalika sag racing team antusias tatap moto mandalika,0
kementerian agama diganti namanya kementerian urusan haji zakat wakaf,1
greysia polii fokus bisnis properti sneakers,0
video bangunan runtuh akibat gempa marrakesh maroko september,1
ganjar mundur pdip,1
nara teater flores timur tampilkan gema ladang pkn,0
gibran dana abadi pesantren keberlanjutan penyempurnaan,0
perintah jokowi surya paloh nyatakan mundur dukung anies,1
tim motogp valentino rossi pakai nama pertamina enduro vr racing team,0
suami puan maharani dijemput aparat terbukti sekongkol johnny g plate,1
mengenal pasang caprescawapres,0
muncul isu gempa palu desember bmkg angkat bicara,0
astrazeneca angkut vaksin cs pakai mobil motor listrik,0
fitur google search bantu pengguna bicara bahasa inggris,0
john cena meninggal dunia,1
prediksi motor meluncur imos pekan,0
usia dilarang masuk mal makan kafe fase new normal,1
swedia usir pria irak pelaku pembakaran alquran,0
partai garuda pendukung capres bawa gus dur pertarungan politik,0
pengertian desentralisasi kelebihan kekurangannya,0
pkb pindah haluan usung ganjar pranowo,1
haji umroh turis ri arab saudi nonton ronaldo f,0
bulutangkis gagal asian games liem swie king mesti introspeksi,0
sakit hati gua bule kagak kenal my presiden,1
greysia polii pengalaman banggakan negeri indonesia,0
harga redmi buds terbaru oktober,0
mundur jabatan menko polhukam mflud nangis,1
wwf wadah kejahatan mafia dunia,1
gempa susulan berpotensi tsunami madura,1
klaim anies merancang lapangan banteng,0
js prabowo pesawat ditumpangi prabowo aborted take off take off diujung runway melintas jet tempur,1
artikel jokowi china bantu padamkan kebakaran hutan indonesia,1
burung penyanyi andal suaranya dihasilkan,0
sebar video hoax deepfake ai jokowi fasih bahasa mandarin,0
milan sengaja jual tonali newcastle gegara judi,0
walikota dorval kanada menolak peniadaan menu babi kantinkantin sekolah,1
bocah sun jisu peretas cina mengganggu facebook whatsapp instagram dunia,1
wasit hentikan pertandingan kasihan timnas china taipei,1
tangis fx rudy keluarkan pernyataan gibran kembalikan kta pdip,0
penumpang kapal rute sorongwaisai keluhkan biaya retribusi rp,0
belajar joe taslimpemuda berprestasi indonesia,0
haornas kemenpora kolaborasi hsp,0
demonstran bergerak rumah megawati,1
bonus rp miliar team garuda dikejuaraan aff,1
viral curhatan pria berotot terpuruk gegara dibully gemuk,0
panggung deklarasi ganjar pranowo hangus terbakar,1
keputusan final partai pan zulkifli hasan kader pan resmi deklarasikan anies,1
telapak kaki relawan melepuh efek samping suntik vaksin covid,1
video bongkar borok anies wakil gubernur ogah dukung anies nyapres,1
video robot norwegia bermain pickleball manusia,1
,1
nasib jembatan kaca indonesia jodipan malang retak,0
indonesia iphone macbook air gratis,0
pertamina digital expo digelar dorong penguasaan teknologi digital,0
senangsenang bareng dash berlin penutupan motogp mandalika,0
bahaya donor darah orang divaksin covid,1
broadcast chat lowongan kerja operator produksi pt astra group,1
surat sean connery steve jobs,1
kepolisian angkat bicara terkait foto kompak penonton acungkan salam jari millenial road safety festival,0
bulutangkis jeblok asian games andalan olimpiade,0
pesan walkot eri jelang pemilu gadaikan harga,0
esdm pembahasan pemanfaatan nuklir ruu energi terbarukan alot,0
gambar tangkapan layar artikel cnbc berjudul google menemukan ijazah joko widodo,1
politisi india urin kotoran sapi obat virus corona,1
besok indonesia seru kehadiran pevita pearce,0
indra sjafri pelatih juventus,1
gibran dipecat cawapres prabowo pakar ugm strategi pdip,0
rekaman suara pertengkaran ferdy sambo istrinya magelang,1
sederet persiapan mahfud md jelang tes kesehatan puasaolahraga,0
tulisan lafadz allah tisu toilet,1
kasad klarifikasi anggota tni bandung membantah positif kena covid,1
pdip de facto keanggotaan gibran resmi cawapres,0
jokowi berhasil coret israel piala dunia,1
panggilan dicatat,1
gagasan ganjar lingkungan pendidikan dinilai konkretsolutif,0
kampus teknik terbaik indonesia versi the wur by subject ui salip itb,0
presiden jokowi sindiran megawati,1
weekend rumah aja rekomendasi kegiatan bikin harimu asik,0
santri nasional jadwal tema logonya,0
binatang aneh muncul pakanbaru badannya kelelawar berenang air,1
provokator timnas thailand dipenggal,1
perintah presiden jokowitangis bahar smith pecah nasibnya jeruji besi,1
fraksi pkb dprd sulsel usul anggaran perjalanan dinas dikurangi rapbd,0
coach rahmad darmawan dukungan la nyalla mattalitti ketua pssi,1
megawati diviralkan empaskan tangan jokowi tpn,0
bangun gedung wajib perhatikan biar aman sentosa,0
kebangkitan anthony ginting dkk tur eropa,0
masuukk truusss silahkan masuukk orang mudik dilarang aseng bebas,1
fakta diet cico kendalikan cadangan kalori tubuh,0
ramadhan jatuh jum at siang terpanjang,1
gp ansor kota pekalongan mengajak pilih caleg nonmuslim dapil x jateng,1
video jakarta terkini,1
pantai alor ntt terpapar tsunami,1
penyumbatan usus konsumsi mie spaghetti disingkirkan dokter operasi,1
jembatan kaca kampung warnawarni retak biaya perawatan ditanggung warga,0
pelintiran konteks buku people power,1
spesifikasi suzuki burgman street ex diduga meluncur imos,0
menag yaqut ajak nwdi tingkatkan kualitas pendidikan,0
diagram batang definisi jenis contoh membuatnya,0
gibran bicara program dana abadi pesantrenkis lansia respons sri mulyani,0
kenal si raja diesel isuzu plaza,0
video detik detik ma ruf amin mundur diganti prabowo wakil presiden dampingi jokowi,1
program beasiswa unggulan mengatasnamakan kemendikbud,1
pks setuju anggota lmk dilarang kader parpol,0
milenial pengganti danny ketua tpd ganjarmahfud sulsel,0
kompetitor bos telkom bukabukaan ancaman berbahaya,0
struktur tim kampanye daerah ganjarmahfud ntb diputuskan pekan,0
parpol sulsel kapok pasang baliho capres kampanye,0
hakim wahyu dicopot jokowi,1
makanan dongkrak energi pagipagi energik,0
luhut bicara prabowogibran gabungan kebijaksanaan energi,0
tekateki keberadaan enuh nugraha,0
petugas operator tipu pengguna jalan tol,1
chris hemsworth dihantui alzheimer matimatian ubah gaya hidupnya,0
temui relawan jokowi ntt kaesang ajak anak muda golput februari,0
puisi pandemi karya kathleen o mara,1
ketua mkmk masinton pdip usul hak angket dpr mk,0
itb stikom bali klarifikasi isu terpapar isis,1
cak imin anies tersangka dugaan korupsi kemnaker,1
pemkab bone gelar vaksinasi massal buntut warga digigit anjing rabies,0
bnn kampanyekan anti narkoba pertandingan tenis meja bali,0
klarifikasi polisi terkait isu larangan kendaraan plat l w masuk malang,0
mouse wireless silent logitech dijamin senyap,0
isi teks keputusan kongres pemuda indonesia link download,0
permainan ketapel tingkatkan motorik mudah konsentrasi lho,0
filosofi logo sumpah pemuda lengkap temanya,0
menpanrb dorong peningkatan layanan publik mpp digital,0
rencana evoting pileg pilpres,1
tiktok snapchat kompak berantas gambar pelecahan anak ai,0
klarifikasi pt gojek terkait isu pemutihan massal akun eks mitra gojek,0
pemilu cek jadwal tahapan lengkapnya,0
video gemparkan china presiden xin jink dikudeta,1
muncul virus china corona hantavirus,1
pemerintah putus kontrak migas simpan harta karun,0
ya ampun larilari ambi bandara tren bikin takut penumpang,0
nostalgia bioskop soboharsono laris manis jadwal film midnight,0
antusiasme warga kunjungi festival pelatihan vokasi job fair nasional,0
foto telanjang tahanan tersebarpria digigit komodo,0
teks keputusan kongres pemuda indonesia upacara oktober,0
siapsiap komet iblis dekati bumi juni,0
teknik cut out kartun home invasion sindir kenakalan bule bali,0
pesan miliarder bernama steve gouves,1
tautan subsidi pulsa kuota kemendikbud periode lebaran,1
surya paloh resmikan ganjar capres anies stres,1
keseruan presiden jokowi menpora indonesia vs brunei,0
ri cadangan nikel terbesar dunia habisnya,0
bamsoet tegaskan urgensi percepatan transformasi birokrasi,0
bukalapak act klarifikasi isu menyokong kelompok radikal,1
video pasien kabur ditangkap security,1
laporan keuangan goto q rugi susut beban turun,0
jubir anies dorong politik dibiayai publik kurangi korupsi gilagilaan,0
jokowi menempuh jalur hukum aparat jemput paksa titiek soeharto,1
artikel berjudul arief poyuono prabowo jokowi periode prabowo merasakan kerjanya ok,1
adu perspektif tegang gibran melenggang,0
ganjar cerita muda kader partai loncat kanankiri,0
hadiahnya banget yuk event btn jakarta run buruan daftar,0
luhut ngaku lelah waspadai gejala fatigue diremehkan,0
vaksinasi ppsdmk bawa ktp syarat,1
lirik lagu notasi angka nusa bangsa sumpah pemuda,0
prabowo terima jabatan menteri pertahan syarat pemerintah pulangkan hrs,1
pemimpin cerminan pemilihnya cina cina,1
nasdem jokowi undang capres makan siang,0
saksi bts blakblakan sebar duit miliaran komisi i menpora bpk,0
retas akses akun ping,1
puan negara maju berkembang pendidikan agama islam hapus,1
jurus injourney genjot destinasi wisata super prioritas mandalika,0
pernyataan tommy soeharto mengganggu fpi berhadapan keluarga cendana,1
jokowi resuffle kabinet menteri lutfi dipecat,1
rekomendasi aktivitas seru kintamani bali coba,0
maju dampingi anies gibran tunjukkan surat pengunduran walikota,1
pesan whatsapp bupati bone bolango tawarkan mobil dijual,1
asian games andalkan nomor sprint atletik ri incar emas,0
menpora punishment cabor gagal respons pbsi,0
orang masuk islam mendengarkan ceramah zakir upacara pembukaan piala dunia fifa qatar,1
imigran ilegal amerika serikat kebebasan akses jaminan kesehatan hak memilih,1
indonesia tampil piala dunia u,1
dampak sosial informatika pelajar mahasiswa,0
pdip usir sandiaga uno ngotot wakil presiden,1
iritnya konsumsi bbm suzuki burgman street ex seliter km,0
ppp pasang baliho mahfud madura pengamat langkah,0
peduli ekonomi hijau sandi relawannya dukung ganjarmahfud,0
bunuh ri nanjak warning tanda orang hidup,0
bahan makanan dibeli chef kondisi beku,0
bamsoet terima aspirasi kaji ulang hasil amandemen uud nri,0
ajakan aksi bertajuk puncak aksi akbar terbesar kemenangan prabowo subianto sandiaga uno,1
foto presiden jokowi minyak goreng pebalap motogp miguel oliveira,1
jurusan ilmu komunikasi terbaik indonesia versi the wur by subject selamat,0
rumah dp dki jakarta foto peti mati,1
foto tentara inggris jerman bermain sepak bola gencatan senjata natal,1
baliho ganjarmahfud gianyar dicopot penjelasan satpol pp,0
bobby charlton wafat skuad inggris tinggal menyisakan legenda,0
usus buntu disebabkan menelan biji jambu,0
jokowi wakili suara rakyat presiden kecurangan,1
reuni alumni sma jakarta bamsoet harap rekatkan persaudaraan,0
hashim energi muda gibran unggul debat vs mahfud cak imin,0
bamsoet diangkat dosen pascasarjana fakultas keamanan nasional unhan,0
jokowi bawa pesan pbb perubahan iklim,0
kartu sim xl indosat smarfren telkomsel disadap badan intelijen as,1
orang masuk islam pasca pembukaan piala dunia qatar,1
video situasi terkini as negara super power menderita akibat resesi melanda dunia,1
pernyataan ekstrim menteri kesehatan letjen tni dr terawan agus putranto sp rad,1
fifa coret israel indonesia argentina tuan rumah piala dunia u,1
randai kuantan tarian pola lengkap kuansing berisi pesan moral,0
pdip sulsel ketua tpd ganjarmahfud pengganti danny internal partai,0
video pengibaran bendera bertuliskan kalimat tauhid,1
audrey yu jian hui nasa,1
ma ruf amin kalo urusan nipu rakyat jokowi ahlinya diajarinya ahli,1
puteri ameera anaknya raja salman,1
kali ai baca teks kuno era romawi gulungan papirus,0
pan gibran pembangkang pejuang,0
link program bantuan pulsa ribu kuota gb,1
nusron wahid persilakan pdip pecat gibran melankolis,0
viralkan berulang ulang nyawa,1
pandangan eks hakim mk polemik putusan usia caprescawapres,0
akibat sumur resapan amblas mobil terperosok,1
proses pemilu dimasa corona menguntungkan petahana,1
teuku yazhid pastikan pria berserban hijau ancam jokowi,1
penemuan rangka wanita kalangan elit abad makamnya utuh,0
video penampakan makhluk asing kota caldwell idaho,1
prabowo dukung paslon no pilkada kalimantan,1
foto spanduk optimis jokowi bohong ingkar janji,1
sofyan tsauri brimob pencetak teroris,1
penjelasan psi sumut tagline partai jokowi baliho,0
sejarah kongres pemuda i ii,0
yenny wahid merapat ganjarmahfud pkb nahdliyin jatim sadar politik,0
ucapan selamat anies ganjar prabowogibran daftar kpu,0
satuan pendidikan vokasi pamer karya busana jmfw,0
gerindra bogor targetkan suara prabowogibran,0
megah mal terbesar dunia luasnya juta meter persegi,0
raja salman doakan anies presiden,1
pulau ri dijual online,1
survei lsj prabowogibran vs ganjarmahfud,0
mesut ozil sindir indonesia wapresnya perihal uighur,1
foto helikoptertank dunia buatan turki pakistan,1
telur palsu beredar pasaran,1
loker dinas pendidikan kabupaten gresik januari,1
kesehatan mental sedunia temasejarah twibbon lucu,0
contoh penelitian geografi kenali langkahlangkahnya,0
inovasi nle optimalkan apbn efisiensi arus logistik,0
foto ribuan orang mengantri membeli jam tangan pintar jepang kekurangan oksigen menyebabkan orang pingsan,1
dito ajak pemuda nongkrong kemenpora,0
snapdragon gen fitur peningkatan daftar hp disokong,0
bikin tiktok meledak kabar bowo tiktok,0
terkait drone china prabowo china negara sahabat,1
video adian diangkat menteri detik detik jokowi pimpin langsung sumpah jabatan,1
kemenag resmi luncurkan sertifikasi dai,1
asian games indonesia selesai tujuh emas,0
penggalian kuil api kuno era sassanid sejarah iran,0
sepi pemberitaan media today revolusi berjuang menumbangkan rezim jokowi,1
asian games widiasih raih perak penasaran,0
detikdetik babi berubah manusia,1
likaliku pembangunan tugu kebangkitan nasional ganti namaditolak belanda,0
anies akui hutangnya permalukan pendukungnya,1
sakit hati lame duck bebek lumpuh jokowi tampar rizal ramli,1
oppo rilis file opening anywhere bikin find n macbook terhubung,0
menpora percepat evaluasi cabor olimpiade paris,0
pesan berantai grand design uji coba pembantaian gas beracun pertandingan bola,1
elite pdip tinggalkan ganjar setuju anies vs prabowo pilpres,1
pengalaman terowongan hamas tenggelam,0
orangorang israel dikeroyok piala dunia qatar,1
samsung targetkan penjualan juta ponsel lipat,0
klasemen asian games indonesia peringkat delapan,0
pdip ditinggal jokowi keluarga ganjar banteng nggak cengeng,0
kasatgas antimafia bola beberkan motif penyuap match fixing liga,0
radiasi g menyebabkan gelaja flu,1
kaesang safari kupang partai silakan pilih,0
pdip jateng buka suara spanduk petruk ojo ilang jowone,0
mengatasi blank spot pakai satelit,0
nissan luncurkan calon pesaing alphard lexus lm intip wujudnya,0
ide menarik banget kwik kian gie ayo november sd desember belanja mall,1
video sosok makhluk durhaka orang tua berbadan hewan berkepala manusia,1
pemerintah berencana dana abadi pariwisata rp t,0
brin buka pendaftaran international workshop ketahanan iklim bencana,0
satuan pendidikan lakukan verifikasi data siswa penerima pip,0
video teamtalk messi jelang laga melawan indonesia,1
anies baswedan pimpin demo rempang batam,1
ferry stoik ngobrol bareng abdur arsyad beda cinta indonesia,0
ruhut sitompul diumumkan anggota bpip menggantikan mahfud md,1
cerita anak mahfud md ayahnya cawapres ganjar,0
presiden macron dilempari telur menghina islam,1
pks tolak dinasti politik makan korban kkn,0
relokasi sd pandeglang terdampak proyek tol serangpanimbang terkendala,0
gerindragolkar bahas strategi pemenangan prabowogibran jatim,0
main event piala presiden esports resmi digelar,0
wapres rakyat bayar iuran kenaikan bpjs dosanya turunan diampuni,1
maruarar makan siang bareng capres politik sejuk jokowi negarawan,0
papu gomez positif doping salahkan obat batuk anak,0
rezim jokowi menghapus tap mpr larangan ajaran komunisme,1
gibran disayang gibran membangkang,0
undangan sosialisasi permendikbudristek nomor,1
novel bamukmin resmi cawapres anies baswedan pks demorat tarik dukungannya,1
permintaan lurah periode diungkit hasto,0
tinggalkan kursi istana ma ruf amin milih fokus mantapkan dukungan anies,1
tolak kedatangan ganjar ribuan mahasiswa tutup jalan utama surabaya,1
pencopotan baliho ganjarmahfud kunjungan jokowi bikin sakit hati pdip,0
fakta menarik kota sukabumi sejarah mitos,0
kisah penjara terkejam batavia napi tertawa dilempar granat,0
mencermati sikap pdip gibran sisi prabowo,0
informasi jembatan kaca malang retak bikin ketarketir,0
penjelasan terkait video truk kontainer bergambar jokowima ruf amin,0
video berita terkini turk arab rtakn prancis penghn lm,1
tangguh kuartal iii bsi catatkan laba rp t,0
video megawati panik partai resmikan menangkan anies,1
ganjar respons anies negara milik rakyat indonesia,0
guru langkat cabuli siswi sd pelajaran olahraga,0
pamer kecanggihan jis presiden fifa akui anies sosok pemimpin,1
gibran ngimpi bebasin palestina israel,1
surat presiden jokowi dukungan bumn pemenangan pilpres,1
gus ali gondrong dukung ganjarmahfud md warga nahdliyin,0
bank dki teken kerja pendirian galeri investasi digital cmse,0
video sombong banget kapolda metro fadil rampas kta paspampres,1
bandara luton inggris terbakar bersumber mobil hybrid baterai listrik,1
politisi pkb cucun ajak pendukung caprescawapres bekompetisi fair,0
fatwah wapres gila menghina jokowi mudik pulkam neraka jahanam tempatnya,1
heboh pernyataan dokter indonesia covid,1
bos pabrik pembuat iphone terancam senasib jack ma,0
pesan fadli zon sby kena bully masak dibilang ikan buntal,1
kolom agama kosongkan,1
jokowi gibran pintar urus solo jakarta,1
letusan gunung tambora menginspirasi nama sepeda,0
amsterdam naikkan pajak turis termahal dunia,0
demo patung kuda massa bakar ban lempar batu petugas,0
harapan motogp mandalika,0
polling perppu ormas gibran rakabuming,1
contoh proposal kegiatan beserta strukturnya,0
presiden ukraina menyambut prajurit robot,1
polisi kkb pimpinan arnold kocu dalang penembakan pos tni arobi,0
video polisi cina indonesia,1
psi kecewa pdip berbalik dukung anies baswedan pilpres,1
nggak bikin tersiksa turunkan bb diet olahraga,0
kekhawatiran gus miftah jelang politik,0
drone matamata berbentuk serangga didanai pemerintah amerika serikat produksi,1
sby kembalikan dana bank century rp triliun bantu covid,1
huawei patenkan pendeteksi demam perangkat wearable,0
ungkapan hati bj habibie akhirat,1
respons irman gusman dicoret kpu sumbar calon dpdri,0
menolak lupa wajah sedih diubah gembira kebohongannya,1
akun facebook komisioner komisi independen pemilihan kip pidie jaya masrur salamuddin,1
gelar world walking day walkot tangerang mudahmudahan semangat jalan kaki,0
terungkap rumah gubernur dki disegel kpk temukan bukti kuat aset korupsi,1
pelatihan desain grafis gratis nih,0
mantan bupati lumajang pimpin timses amin jatim,0
johnny plate pendapat tersangka politik,0
jhonny g plate istri paloh terbukti sekongkol,1
pelapor sidang etik anwar usman cepat mkmk,0
rangkaian acara puncak santri digelar surabaya,0
nusron bantah jokowigibran berkhianat mementingkan kehendak rakyat,0
harga remington catokan pelurus rambut oktober,0
matthew perry si pendulang tawa penuh nestapa,0
kabupaten serentak deklarasikan anies presiden,1
rakor bawaslu polres malang amankan pemilu,0
sederet keunikan deli serdang,0
gempar presiden tempuh langkah hukum tuduhan surya paloh langsung sikapi,1
meteor jatuh wilayah indonesia tanggal mei,1
seekor naga ditemukan mongolia,1
oh untungnya truk pakai swap baterai,0
hasil scanning port bolong,1
bantuan juta pemerintah pemilik ektp,1
cak imin hadapi anak presiden pilpres,0
ustadz abdul somad uas meninggal dunia,1
perempuan rela digilir lunasi hutang fintech,1
kaesang targetkan psi ntt amankan fraksi dprd kabupatenkota,0
gelar nobar serentak film kejarlah janji kpu raih rekor muri,0
puan meredam isu jokowi pdip memanas,0
din syamsuddin mengundurkan kecewa jokowi temui ulama uzbekistan xinjiang,1
video pesepeda masuk pantai indah kapuk pakai paspor,1
eri cahyadi juru kampanye ganjar sadarkan pemuda surabaya,0
periode jokowi rela bayar triliun bawaslu jegal anies,1
gubernur khofifah dorong santri cegah perpecahan pemilu,0
allied telesis produksi switch batam,0
pemkot palembang putuskan kebijakan jam sekolah,0
kemendagri akbar ali pj wali kota parepare gantikan taufan pawe,0
psi desak pengedit video jokowi berbahasa mandarin diproses hukum,0
gambar tangkapan layar artikel cnbc luhut jawa barat mendukung periode,1
suara ketua dpr puan berjanji mensejahterakan partai,1
klarifikasi tokopedia terkait isu kebocoran data,0
panda nababan gibran anak ingusan,0
video rompi pengaman jokowi tinjau langsung pulau pasir ntt,1
spanduk berlogo pks hti bertuliskan ganti presiden ganti sistem khilafah islamiyah,1
objek wisata kabupaten pangandaran dibuka,1
rumah ganjar disita kpk,1
bis surat hilang ditelan zaman pemanis trotoar,0
maju cawapres gibran usung kredit startup milenial,0
sederet suami cepat bercinta bikin istri puas ranjang,0
its berhasil ciptakan alkes berbasis teknologi indonesia,0
pejabat skpd makassar terancam dicopot buntut realisasi apbd rendah,0
gibran ilusi representasi politik anak muda,0
pki jaya tni waspadalah,1
asian games lawn bowls kejutan raih emas keenam indonesia,0
ulama nu seindonesia doakan anies baswedan presiden,1
mahasiswa ugm ciptakan lidah pendeteksi mineral bentuknya,0
turnamen biliar digelar kebangkitan wisata olahraga ri,0
vaksin pfizer menularkan virus orang divaksin,1
surat edaran workshop apak jabatan fungsional perencana pusbindiklatren,1
pelintiran konteks foto apd hasil ekspor korea bertulisan made indonesia,1
dengar beehive konon dinginkan rumah ac lho,0
pdip resmi umumkan pasangan ganjarahok,1
puan status gibran pdip baikbaik cawapres mas prabowo,0
bekal strategic foresight capres,0
artikel berita berjudul barcelona luhut panjaitan pelatih menggantikan ronald koeman,1
refly harun anies presiden orang indonesia asli,1
mesin aneh haarp langit turki menyebabkan gempa bumi,1
ucapan sakit hati pdip jokowi privilese tinggalkan partai,0
rt ciracas terkena covid,1
knpi kepahiang versi igor cairkan dana hibah kubu unar bonte protes,0
panglima yudo ksad agus tni netral pemilu,0
danny mundur ketua tim pemenangan daerah ganjarmahfud sulsel,0
daftar hp akses whatsapp oktober,0
beasiswa ui mahasiswa catat tanggalnya daftar langsung,0
lembaga pengelola dana abadi terbesar dunia rugi rp t biang keroknya,0
alasan promotor pilih gbk konser ed sheeran,0
solusi atasi stunting mahasiswa uns kembangkan enkapsulasi minyak sacha inchi,0
judul artikel jokowi maju pilpres rakyat bahagia rakyat ri menyayanginya,1
jalan berbeda gibran dianggap pdip pembangkangan,0
smk stella maris dibobol mantan satpam springbed kotak tisu digondol,0
bejat guru sd langkat cabuli siswi belajar sekolah,0
viagra menyembuhkan covid,1
pt buana varia komputama kenalkan inovasi bidang kesehatan,0
peringati sumpah pemuda banom ppp kenalkan ganjarmahfud gen z,0
gambar presiden jokowi pimpin periode,1
sukses motogp mandalika kisah pembuatan sirkuitnya,0
pj walkot cimahi selesaikan sampahkeamanan,0
akun facebook gubernur lampung arinal djunaidi,1
ikn dilengkapi jaringan internet cepat,0
breaking news megawati mengundurkan ketua pdip,1
merasakan ketegangan gerbang dunia trans sudio bandung,0
singapura blue zone warganya hidup umur,0
saptoyogo puas catatan gemilangnya asian games,0
poster deklarasi anies baswedan ganjar pranowo capres cawapres,1
pray for banglades,1
sdh melegalkan kemaksiatan,1
mpr dpr resmi deklarasikan anies ahy gantikan jokowi,1
mentan amran sulaiman serahkan gajinya yatim piatu,0
tekan gas rumah kaca pgn kembangkan lng bunkering services,0
undangan aksi hmi balai kota seret anies baswedan,1
batu calcium oxalate ginjal suka konsumsi soft drinks,1
breaking news gibran anak jokowi serang posting foto anies baswedan pakai baju orange,1
kim kardashian rilis bra berputing netizen gila,0
penyebab kematian amien rais,1
bom pengelolaan sampah,0
ketua koni tapsel divonis penjara perkara korupsi rp m,0
keren alat penyerap gas karbon berhasil mahasiswa ugm dipantau real time,0
hnw pemuda inisiator maju terdepan selamatkan bangsa,0
daftar warisan budaya benda jabar,0
alhamdulillah satelit satria slot orbit derajat bujur timur,0
gagal cawapres relawan fatsun sandiaga uno,0
hasto lempar isu kartu truf gerindra sebar fitnah dijauhi,0
racun sebarkan pesawat area madura,1
jusuf kalla perjuangan moral jokowi,1
foto kader perempuan pks atribut tambahistri,1
survei um surabaya pemilih muda jatim pilih prabowogibran,0
titik startfinish jalan sehat santri pindah gedung grahadi,0
liga basket x profesional indonesia,0
psi pasang spanduk bertuliskan hargai hak hak lgbt,1
ma ruf amin memilih jokowi mengantongi tiket surga,1
puan sisipkan pesan etika politik video kompilasi ketemu sbypaloh,0
cak imin saingan kuat,0
vaksin covid mengandung microchip magnetik,1
gangguan jaringan massal internet indonesia dihack,1
paus fransiskus vaksin covid masuk surga,1
beda sikap anies baswedan kaesang berkegiatan bandung,0
margriet si pembunuh engeline ikan tongkol kucing kesayangannya,0
anies baswedan tersangka korupsi formula e bansos heru budi serahkan bukti akurat korupsi kpk,1
wow kang elon musk bikin tweet kunjungan presiden jokowi,1
sejarah lagu indonesia raya momen sumpah pemuda,0
bus pemain timnas brasil dilempari batu supporternya,1
jokowi perintahkan kapolri penjarakan ganjar,1
waswas apbn negaranya jebol ekonom israel bikin surat terbuka benjamin,0
putri tanjung senang ribu umkm go digital inovator wanita,0
bank daerah geber ekonomi lingkungan pesantren,0
alasan gibran dipecat pdip cawapres prabowo,0
tujuan invasi darat israel gaza,0
memakai masker menyebabkan kematian akibat keracunan karbon dioksida co,1
tersandung miliar bawaslu bikin anies gagal nyapres,1
hematoma jenis penyebab gejala mengobati mencegahnya,0
obat nyeri sendi alami salah satunya jahe,0
foto kebobrokan indonesia ditutupi,1
geger sore jokowi dibikin tr gis upaya jegal anies berakibat fatal,1
pdip tunggu etika politik gibran kembalikan kta cawapres prabowo,0
philips air fryer philips low watt harga terbarunya,0
muncul baliho prabowo medan merdeka utara ya gerindra keren banget,0
weekend seru arung jeram sungai citarik,0
pelaku penembakan mantan pm jepang shinzo abe,1
foto bendera ukraina nazi this is ukraine white supremacy,1
anies baswedan resmi deklarasikan ahy cawapres,1
kejar ketertinggalan bidang ai apple gelontorkan rp t,0
lengan kanan dekap lengan kiri,1
foto pendaratan deep web,1
bill gates membeli telegram,1
video surat suara tercoblos medan,1
foto orang alami kelumpuhan wajah disuntik vaksin corona,1
baliho ganjarmahfud dicopot ppp singgung baliho prabowogibran sumbar,0
video pria ditinggal nikah pacaran,1
celana travis kelce sorotan gorden rumah taylor swift,0
fx rudy gibran pamitan muka pergi punggung,0
gelombang kuota internet free operator gb,1
mentan andi amran janji atasi pangan papua,0
toyota pamer calon mobil listrik wujudnya,0
paus jenis nun terdampar pantai nunhila,1
manfaatkan limbah cangkang mahasiswa ub ciptakan baterai kendaraan listrik,0
pan harap gibran kader pdip terkesan penzaliman,0
rektor itb bantah dukungan pasangan cagub cawagub jabar,0
gelar deklarasi akbar tommy soeharto ajak warga jateng dukung anies baswedan,1
bnpb klarifikasi video erupsi gunung merapi,0
sedih banget ratusan lumbalumba mati sungai amazon mengering,0
infografis kebiasaan merusak otak who,1
istana lock down daerah kepala daerah aturan kenakan sanksi,1
raja salman meninggal terindikasikan keracunan kopi,1
mamvus amiren rais gemetar ketakutan jokowi mainmwin seret situa bangka keranah hukum,1
rekaman video asusila panji gumilang santri,1
china libatkan asing program angkasa,0
murai art projects gelar pameran seni continuum langgar batas kreativitas,0
angkasa menakjubkan dalamnya,0
jmfw karya siswa vokasi go globaldigaet desainer ternama,0
breaking news panji gumilang dijemput paksa langsung dikawal mahfud md aparat gerak cepat,1
nasa berencana bangun rumah,0
mal artha gading ajak keluarga seruseruan lari sehat kiko run,0
pertamina hulu energi wmo perkuat ekonomi masyarakat bayusangka,0
heboh video jokowi fasih bahasa mandarin kominfo editan menyesatkan,0
pan kpu digugat rp t wajar prabowogibran pasangan idaman,0
blakblakan anak mahfud md terjun politik,0
panglima tni marsekal hadi tjahyanto istri lim siok lan,1
berbeda fun peran anak muda lakukan perubahan,0
bantahan informasi terkait seruan supporter sepak bola indonesia demo dpr,1
oezil apresiasi dukungan suporter celtic palestina,0
menag nya bilang mesti dirangkul,1
kkp amankan kapal maling ikan selat malaka laut sulawesi,0
fraksi sepakat copot anies,1
sbm itb kesempatan belajar lulusan sma beruntung,0
terungkap imam dalang utama pembakaran bendera pdip,1
ajak jihad bunuh jokowi pria bersorban ditangkap ceramah,1
anies resmi umumkan gatot nurmantyo cawapres lawan ganjar pilpres,1
klarifikasi bin terkait pesan berantai tokoh pendukung prabowosandiaga dimonitori aparat,0
menguji target ekonomi ganjarmahfud aniescak imin realistis,0
warisan ataturk bayangi peringatan republik turki,0
stop lk indoxxi bahaya link nonton online bebas virus,0
ri china garap studi proyek kereta cepat nyambung surabaya,0
foto planet merkurius venus saturnus sejajar piramida giza,1
cerita kepala smkn palembang mobil listrik jokowi siang,0
presiden ganjar bangun sekolah bola papua,0
rumah rocky gerung dibakar massa,1
hidden gem sarkem nih gaes toko buku unikbangkai pesawat hotel,0
artikel analisis mulyo wibisono diedarkan,1
palestina cristiano ronaldo sumbang rp miliar,1
desak pencopotan ketua mk bem nusantara jateng gelar aksi damai,0
vaksin moderna dirancang mengubah dna manusia,1
video berita judul kementerian kesehatan ukraina orang meninggal orang terluka ukraina akibat serangan rusia,1
ribka tjiptaning iman brotoseno ketua panja ruu hip,1
pks sumut mendasar negeri bereskebijakan anak,0
megawati usir jokowi gibran pdip,1
pimpinan muhammadiyah cabang mantrijeron yogyakarta ditangkap densus,1
ripka tjiptaning senang pki bangkit,1
kilang pertamina meledak suplai bahan bakar mengalami kelangkaan,1
pemuda indonesia perubahan deklarasi dukung amin,0
ppp putar haluan deklarasikan dukung anies baswedan,1
basarah pdip pernyataan puanhasto isu periode bertentangan,0
tidur pakai bra aman nggak sih faktanya dokter,0
foto ahmad taufan damanik ketua komnas ham boneka cendana,1
proyek metaverse mark zuckerberg rugi rp t,0
sandiaga uno bongkar aib anies baswedan,1
program internet gratis pemerintah situs programinternetgratiskominfogoidkemeninfopw,1
walkot tiket singapura turunkan hujan jokes,0
akun twitter kementerian negeri ri unggah video porno,1
pemasukan tiktok mendirikan kamp konsentrasi muslim uighur china,1
hektare hutan lereng gunung agung terbakar sebulan,0
bencana alam tanah longsor wilayah lebakbarang menimbulkan korban jiwa,1
menpanrb belanja aplikasi pemerintah tembus rp triliun,0
peserta jalan sehat bareng aniescak imin padati gdc depok lalin macet,0
ganjar pranowo nonton video porno membatalkan orang berpuasa,1
video kerumunan massa pemakaman diego maradona,1
sarmuji mahasiswa alasan golkar dukung gibran,0
ilmuwan prediksi emisi global pecah rekor,0
pgtsganesha operation buka bimbel gratis anak kawasan kaldera toba,0
trent alexanderarnold pemilik tim f,0
nyeleneh vera wang resep awet muda usia burger donat,0
rektor asing memimpin kampus unj universitas negeri jakarta,1
kesbangpol ntb klarifikasi pernyataan terduga teroris terindikasi bangun ponpes,0
forkopimda kota surabaya deklarasikan pemilu damai,0
lazada gelar seller conference dorong umkm indonesia,0
video berita terkini amien rais dikeroyok otk keluarga histeris kondisi si mbah,1
video protein bergerak mikroskop,1
peran amir syarifuddin harahap sumpah pemuda sosok pribadinya,0
jokowi bertemu relawan abj bali cerita makan siang capres,0
klarifikasi milly ratudian purbasari terkait akun facebook kinara kania putri memakai fotonya,0
alasan din syamsuddin mundur utusan khusus presiden,1
satria vs starlink kasih akses internet pelosok ri bakti kominfo,0
enak ya rusia poligami wajib,1
indonesia turunkan orang defile asian games,0
video megawati pidato anti pancasila,1
surat kabar negeri memberitakan jokowi tukang ngibul,1
qatar menolak pendaratan pesawat team sepak bola jerman bergambar atribut lgbt,1
fakultas ilmu keperawatan ui terbaik indonesia versi edurank,0
video yelyel prajurit raider hasil suntingan,1
survei arci jatim prabowogibran ganjarmahfud amin,0
dadvocate ancaman bui suami nafkahi istri,0
amazon bagikan hadiah smartphone huawei mate pro g rangka perayaan ulang,1
momen waka gerindra sulsel salah baca teks sumpah pemuda jalan sehat,0
pdip gibran disiapkan tingkat pilih tabrak konstitusi,0
menpora dito lepas atlet asian games target emas,0
sukses digelar beautyscience fest,0
bukti kecintaannya nkri harga mati,1
ajak siswa melek literasi keuangan dosen its permainan tata harta,0
catat cermat asuransi kesehatan halodoc,0
momen prabowo main air bareng anakanak banyumas resmikan sumur air,0
fasilitasi atlet pb esi diy bikin esport center,0
najwa shihab mempromosikan ac mini akun facebook n b,1
elon musk pikirpikir blokir x eropa,0
bupati dairi apresiasi pln bantuan komputer smp sidikalang,0
dituduh tutupi judi ilegal fagioli juventus buka suara,0
muzani tantang hasto buktikan isu kartu truf ketum dipegang,0
de donal trump keleru nih meninggal maradona madonna,1
foto pemimpin taliban minum wiski,1
gugatan lahan stadion mattoanging tunggu putusan pn makassar besok,0
indonesia menggugat vaksin bermasalah,1
gurun gersang kerajaan pasokan air melimpah,0
mahasiswa its startup kurangi rusak mesin juara denmark,0
atribut baliho anies dibakar,1
fifa indonesia tuan rumah piala dunia,1
pantesan singapura blue zone kebiasaan bikin warganya umur,0
menikah kaesang erina tempuh meja hijau,1
prabowo pose jari pilkada bontang,1
ancelotti ingatkan italia waspadai bellingham jumpa inggris,0
teten inovator startup umkm digital dilirik investor koreaaustralia,0
sindiran anies negara milik keluarga dibalas jargon,0
jokowi resmikan pasangan ganjar pranoworidwan kamil pilpres,1
pdip gibran lakukan pembangkangan cawapres prabowo,0
ganjar jokowi dukung demokrasi pemilu,0
hadiri ultah nwdi menag dorong madrasah bertransformasi digital,0
indonesia rebut medali asian games,0
terowongan gaza bikin pasukan israel mati kutu,0
habib bahar habib rizieq dieksekusi mati,1
pemprov dki dorong integrasi transportasi massal atasi kemacetan,0
narkotika jenis kokain konsumsi meja kerja presiden ukraina,1
survei indikator responden khawatir politik dinasti,0
penjelasan lengkap terkait miftahul jannah didiskualifikasi asian games berhijab,0
tema sumpah pemuda lengkap beserta maknanya,0
djarot gagal pembangkangan mas gibran,0
gerindra prabowo mengirim utusan kepulangan habib rizieq shihab,1
peran kontribusi telkomsel mewujudkan kemajuan indonesia,0
gibran jateng mudah basis,0
indonesia negara putuskan fifa,1
jelang pemilu kapolda metro jajaran intensifkan jumat curhat,0
israel serangan darat gaza,0
viral enuh nugraha lulusan itb ditemukan jalanan,0
fakta sesungguhnya terkait video deklarasi keluarga kandung prabowo minahasa mendukung jokowi pilpres,0
kumpulan mobil pool grab cinere sopir sanggup bayar kredit covid,1
ayo makan tikus bakar gaes,1
foto wanita iran menonton piala dunia hijab viral,0
jokowi gelar amirul kazzab,1
konsumsi kedelai sebabkan parkinson,1
retaknya jembatan kaca malang bikin cemas kejadian banyumas,0
terungkap terduga teroris ditangkap densus perawat rsud ntb,0
catat jadwal konser surabaya november,0
pamlfet khofifah kks proyek pesta tikus,1
pemerataan internet urgensi literasi fondasi indonesia digital,0
penjualan iphone bikin kecewa ceo apple temui mendag china,0
gunung slamet waspada kawasan wisata baturraden buka,0
foto tatacara semayam jenazah didi kempot dionisius prasetyo dikafani,1
game indie horor terseram cocok dimainkan halloween,0
din syamsuddinanwar abbas bertemu presiden pks bahas pilpres,0
survei pengguna chrome berhadiah apple iphone pro,1
ri berpotensi gagal negara maju airlangga,0
diet antiinflamasi menjalaninya,0
aturan pakai air tanah wajib izin kementerian esdm,0
pesan nicholas saputra generasi muda era digital,0
putri ariani hadiri acara peresmian cawapres anies baswedan,1
daftar atlet indonesia pecahkan rekor asian games,0
mengenal bounce pass permainan bola basket melakukannya,0
dugaantak jd petugas partai gibran resmi mengundurkan wali kota dkung anies,1
luhut ditangkap hasil kekayaannya hasil merugikan negara,1
jejak ksad agus subiyanto kota kelahirannya cimahi,0
pendukung anies argentina,1
youtube izinkan kreator pakai suara penyanyi terkenal,0
isu lurah periode golkar cek elite pdip dukung,0
suara pejuang anti diskriminasi indonesia,1
contoh penerapan semangat sumpah pemuda generasi muda,0
mahfud md mengikuti jejak kakeknya raden ario majang koro penghianat,1
kemendikbudristek kembangkan database prestasi nasional namanya,0
tawaran kuota gratis gb perayaan ulang whatsapp,1
dokter ras faktor risiko stroke kelompok rentan,0
kpk panggil dirut pt pp terkait korupsi proyek stadion mandala krida diy,0
daftar lagu wajib upacara sumpah pemuda liriknya,0
bpn serahkan sertifikat tanah lampung,0
fotofoto pemberontakan ulama santri madiun,1
kepanjangan kbli definisi fungsi struktur pengkodeannya,0
video tebar fitnah jokowi hajar anies sby,1
wanita pakai sport bra disuruh pakai sweater pramugari dicap sopan,0
video merry riana indonesia bubar,1
anggota kpu pangkep hasanuddin kuna diduga kader parpol terancam dipecat,0
media cup detikcom beraksi,0
mobil listrik neta v resmi dijual indonesia harga rp jutaan,0
optimalkan produksi pertamina hulu rokan terapkan transformasi digital,0
foto vtube skrg dibawah naungan fifa,1
golkar masinton usul hak angket mk gimik politik,0
foto pantesan komnasham bersebrangan dgn pemerintah,1
jeruk dicampur cengkih efektif mencegah nyamuk dbd,1
valentino rossi menanggapi unboxing ilegal motor tim ducati,1
jokowi wantiwanti pj kepala daerah pemilu,0
terapi k bermanfaat pengobatan kanker,0
kasmojo dosen pembimbing skripsi jokowi ugm buron,1
perusahaan biofarmasi moderna inc mengembangkan vaksin covid munculnya pandemi,1
operasi razia lintas banjarmasin rangka operasi patuh intan september,1
serukan gencatan senjata gaza pejabat inggris dipecat,0
ganjar pranowo dipecat pdip,1
catur emas indonesia penutupan asian games,0
pertamina lubricants sponsor tim balap valentino rossi motogp,0
hasil rekomendasi kongres bahasa indonesia xii tindak,0
ramai spanduk gambar petruk solosemarang analisis akademisi ugm,0
memasak popcorn ponsel pop corn with cell phones,1
mitos ikan dewa hewan keramat jelmaan prajurit prabu siliwangi,0
serangan israel gaza tewaskan anak,0
video perawat pingsan vaksin covid potensi genosida massal,1
alasan bikestunt street show dibawa indonesia,0
bpjph teken kerja jaminan produk halal arab saudi,0
cak imin tinggalkan prabowo merapat kubu anies,1
melawan ditangkap penghina nabi ditembak mati,1
personel polisi satgas amankan piala dunia u solo,0
bank dki literasi keuangan kunci dukung stabilitas ekonomi daerah,0
jepang ivermectin menghentikan vaksin memberantas virus covid,1
mengenal sosok plaza indonesia,0
samsung operasikan lini produksi ac cikarang oktober,0
gelang power balance menyembuhkan corona,1
gibran janjikan kredit startup milenial anak muda,0
desy ratnasari meninggal dunia,1
lari tanggung aparat terpaksa lumpuhkan kaki gubernur dki,1
seragam polri seragam coklat satpam,1
lowongan rumah sakit universitas indonesia,1
video berhasil tepis serangan china tni langsung persiapkan serangan,1
nusron jokowi gibran berkhianat mementingkan rakyat,0
pdip bali sedih baliho ganjarmahfud dicopot kunker jokowi,0
pln pasang alat deteksi gempa sukabumi,1
pendukung sejati mu sir jim ratcliffe,0
cak fauzi ajak santri pemerintah bangun sejahterakan sumenep,0
yenny dukung ganjarmahfud gus yahya mengatasnamakan nu,0
ahmad dhani diduga kampanyekan istri konser bawaslu jabar,0
video ribuan warga yahudi ortodoks demo membela palestina new york city,1
parade mahakarya vokasi adibusana jmfw wujud kurikulum merdeka,0
prabowo ketemu megawati hasto pertemuan,0
awan hitam muncul kecelakaan kereta ohio,1
partai pks dibubarkan,1
sudirman said anggap putusan mk batas usia caprescawapres cacat moral,0
ritual iluminati janin bayi aborsi kandungan vaksin,1
aksi guru sd cabuli murid terbongkar candaan teman korban,0
angelina sondakh tawaran gabung politik,0
surat penetapan penerima bantuan fisik pendidikan smp kemendikbudristek,1
yenny wahid dukung ganjarmahfud beda dukungan suami,0
viral video susi menari mntri edhy dtngkp kpk,1
narasi surat kabar negri koran independent observer,1
jokowi ancam penjarakan pejabat negara berani dukung anies baswedan,1
cdc amerika serikat memperingatkan penyakit polio muncul,1
akun whatsapp kapolres muaro jambi bernomor,1
whatsapp dikenai biaya diakuisisi facebook,1
duo sipit yg dewan penasehat densus yg satunya dewan penasehat mabes polri,1
tips olahraga aman panas menyengat cekungan bandung,0
tmii diambil si megawati madam bansostrus dijual cina,1
desy ratnasari resep awet muda jelang usia hindari tepung,0
fpi masuk daftar hitam interpol internasional ormas ilegal terlarang,1
yenny wahid suami beda dukungan pilpres keluarga demokratis,0
cepat menyelamatkan serangan jantung bubuk cabai,1
nama mencuat ketua tim prabowogibran sulsel menterieks walkot,0
partai garuda kasihan jokowi bersikap netral dicaci maki,0
prabowo gibran gelar deklarasi akbar menangkan anies,1
habib rizieq lumpuh total,1
angkasa fasilitas toilet mewah nonton bumi,0
singgung hoaks wapres cerita kentut setan tingkat rt nasional,0
anak murid valentino rossi motogp mandalika,0
hasto ngaku cerita ketum parpol gibran cawapres tekanan kekuasaan,0
vaksin covid mengandung graphene oxide bereaksi getaran musik,1
dprd sulsel proyek stadion mattoanging dianggarkan apbd,0
kemeriahan pameran umkm ajang tour of kemala banyuwangi,0
kritik aniess william psi dipecat dprd jakarta sukurrin,1
nggak area main badminton lobi wtc mangga dipakai,0
ribuan siswa madrasah ramaikan porseni mi jatim keviii banyuwangi,0
video pidato anthony fauci mengembangkan virus influenza,1
pipa laut kilang balikpapan digarap,0
jokowi baliho ganjarmahfud dicopot kunker bali,0
jasa pembuatan sertifikat vaksin vaksinasi,1
kpk lakukan penggeledahan gedung kemenhan,1
sate blengong khas brebes warisan budaya takbenda keunikannya,0
studi fda vaksin pfizer orang rentan tertular covid,1
del piero sepakbola italia membosankan,0
ade armando bangga psi partainya jokowi,0
atap bahan bangunan industri gudang perumahan,0
persaingan ketat goto kikis beban pemasaran,0
air zamzam dicampur air jawabannya,0
nama aslinya herbertus joko widodo,1
perlawanan disiapkan dikdik dicopot pj walkot cimahi,0
ganjar akui suap kpk jegal anies perintah jokowi,1
video mensos juliari bantu kampanye paslon pilkada surabaya,1
kemenhub klarifikasi terkait isu pilot indonesia lulus ujian simulator airbus australia,0
johnny g plate dituding pengecut dizalimi,0
twibbon sumpah pemuda keren lucu pasang fotomu,0
nasdem umumkan cawapres anies yenny wahid resmi gandeng anies,1
who ungkapkan hasil tes pcr cacat,1
infografis larangan pendatang asing qatar piala dunia,1
praktis kelas fitness hadirkan on online personal trainer premium,0
pkb incar suara nu menangkan aniescak imin lombok,0
cover majalah tempo berjudul sang dalang perusak bhinneka,1
video selebrasi kroasia menang brazil piala dunia,1
pegawai kpk ditangkap terima suap anies,1
moeldoko kader hanura,1
membuka lounge judi arab saudi opening a gambling lounge in saudi arabia,1
who penularan corona droplet udara,1
lautan manusia kalimantan sambut kedatangan salah capres,1
akun whatsapp wakil bupati ponorogo menggalang donasi anakanak yatim piatu,1
jepang mengirimkan tumpukan kertas origami bangau turki gempa bumi,1
ngabalin jokowi keturunan nabi sulaiman,1
jakarta absen kalender formula e pks dibahas jakpro feo,0
diskip bikin bercinta nikmat,0
bos ducati fans motogp indonesia terbaik dunia,0
jimly alasan ketua mkmk tega lihat image mk terpuruk,0
video prajurit kri nanggala menggendong bayinya berlayar,1
bpjs kesehatan bantuan dana rp juta tkw,1
inovasi indonesia november pencetus peringatannya,0
teori out of africa latar tokoh bukti pendukungnya,0
pn makassar tunda putusan gugatan lahan mattoanging mati lampu,0
khofifah emil diusulkan ketua tpd prabowogibran,0
video orang bayaran anies tangkap terima istrinya fitnah gibran marah,1
linkteks amanat pembina upacara sumpah pemuda resmi kemenpora,0
suami puan maharani terseret korupsi,1
pdip ariel noah nyaleg dprd jawa barat,1
perwakilan indonesia berangkat mit dirikan program ekosistem inovasi,0
bunyi ikrar sumpah pemuda memperingati sumpah pemuda oktober,0
tes lengkap toyota yaris cross hybrid suv terbaik harian,0
asa pemprov sulsel menangkan gugatan sengketa lahan stadion mattoanging,0
vaksin covid bermutasi ribuan covid dunia,1
parlemen denmark menyetujui penggunaan cadar,1
barang ditaruh kolong tidur tips menyimpannya,0
akun twitter investasi terra luna,1
heru budi fifa cek kesiapan jis venue piala dunia u,0
rekaman suara habib rizieq disiksa densus,1
menhan china dipecat hilang misterius,0
vaksin covid buatan pfizer berbentuk vape,1
video rs covid wisma atlet,1
banjir pekalongan disiarkan tv,1
fx rudy cerita temui megawati jakarta dibahas,0
sampah menggunung kotagede jogja kondisinya,0
sejarah kotabaru jogja kawasan elite belanda konsep garden city,0
agenda seru tasikmalaya pekan oktober,0
acungan jempol iriana gibran cawapres,0
sunan prapen penyebar islam wali songo terlupakan,0
mobil b ris ditumpangi prabowo subianto cianjur milik mantan pemimpin isis regional indonesia,0
kpu klarifikasi terkait kesalahan input data form c tps bidara cina jakarta timur,0
teguran kehadiran kaesang bandung,0
akrab ketua tim pemenangan prabowogibran ganjarmahfud hangout bareng,0
video artis dessi ratnasari meninggall dunia tangiss sang anak pecah terungkap penyebabnya,1
yenny wahid dukung ganjar pbnu ingatkan warga nu bebas tentukan pilihan,0
harta gonogini mantan istrisuami menghilang,0
aturan kejam kanye west bianca censori bicara makan sesuai aturan,0
rusia menemukan covid disebabkan virus,1
ketum pbnu sambut jokowi makan bareng capres pemilu ring tinju,0
ganjar diperiksa bawaslu tertangkap basah uang,1
link twibbon sumpah pemuda pakainya,0
iphone dicaci maki china huawei oppo xiaomi bagus,0
fakta salah pegawai kpk lulus twk patar gultom adik sang ketua pgi,1
asian games kontingen indonesia lekas adaptasi cuaca hangzhou,0
ruang ganti pemain jepang berantakan kotor kalah kosta rika,1
buaya meter terbesar dunia ditemukan danau kota maine amerika serikat,1
turis china dipaksa tour guide belanja oleholeh korea,0
video kandungan minyak kilogram ayam goreng,1
dito ariotedjo ngaku balikin rp m terkait bts,0
kevin sanjaya penghargaan psmti,0
kemenparekraf jamin informasi lembaganya tertutup,0
yuk detikers dukung detikcom media cup,0
nissa sabyan bantah diundang panitia pesta raya porda jabar mengisi acara,0
video kembang api futuristik beijing malam,1
komet iblis hampiri bumi catat tanggalnya,0
upacara sumpah pemuda jadwal lokasi ketentuan seragam,0
laboratorium biologi china wuhan dimiliki glaxosmithkline,1
jokowi pj kepala daerah tepuk tangan evaluasi harian,0
sosok ceo terpintar dunia elon musk mark zuckerberg,0
keturunan tiongkok dilarang polisi,1
bukti korupsi anies beberkan ahok publik,1
diduga surat boongan,1
langsung wtc mangga main badminton,0
relawan anies bergerak kibarkan baliho raksasa anies mekkah,1
situs bank rakyat indonesia th anniversary through the questionnaire you will have a chance to get dollar,1
tka china pekerjaan proyek pltu morowali,1
wanita hamil gerhana matahari,1
israel dihajar puting beliung dilanda banjir,1
pemenang tour of kemala race km,0
filosofi logo santri nasional tema sejarahnya,0
drone dilarang terbang area sirkuit mandalika motogp,0
baliho ganjar diturunkan jokowi kunjungi bali pdip cederai keadilan,0
tiket motogp mandalika ludes formula e apbdnya ludes,1
kenang wr soepratman suara biola indonesia raya sumpah pemuda,0
permainan puzzle atasi mental anak inovasi mahasiswa ugm,0
cerita dokter ketua tim pemeriksa kesehatan bacapres bawacapres,0
video rahasia istana terbongkar jokow tertunduk,1
langsung suzuki swift generasi terbaru jms kece banget,0
supporter marocco bersholawat gemparkan dunia bola,1
bikin bangga negeri comot tipsnya indonesia,0
pki anggarkan rp triliun muluskan jokowi periode,1
demo tugu golong gilig mahasiswa jogja coret foto gibrananwar usman,0
ngabalin jokowi mengatur pertemuan capres,0
pln pasok listrik byarpet ajang motogp mandalika,0
atap gedung kantor imigrasi cilegon ambruk pekerja pasang interior,0
nyata penampakan kota gaib saranjana video amatir nokia,1
putri thaksin shinawatra terpilih ketua partai berkuasa thailand,0
pks demokrat kompak tarik dukungan nasib anies nasdem hancur lebur,1
jokowi megawati pdip tetapkan duet ganjargibran,1
bamsoet apresiasi taksi terbang ehang raih type certification evtol,0
siswi cantik audisi offline top rrq mabar school ambassador s,0
pesan berantai ulang whatsapp gratis kuota gb,1
politisi pdip heran video gandengan viral bu mega nangisnangis bela jokowi,0
penjelasan bmkg isu cuaca panas extreme melanda indonesia,1
deklarasi pemilu damai banyuwangi warga waspadai berita hoaks,0
fusi nilai dukungan yenny wahid ganjarmahfud pilihan pribadi,0
bantuan pulsa rp ribu guru dosen pelajar,1
iran ingatkan proksi tinggal diam gaza,0
bukit menoreh kalibawang terbakar pemadaman terkendala medan,0
viral pria curhat beser tahunya gejala kanker limfoma,0
psi nilai jokowi bertemu capres minimalkan potensi konflik,0
klarifikasi bpptkg terkait video erupsinya gunung merapi kepanikan warga,0
ninja kawasaki ninja kena setrum,0
anies ketua tim pemenangan nggak spekulasi nyebut nama,0
megawati umumkan ahok cawapres ganjar,1
mengejutkan berita prabowo tangkap beni wenda opm papua panglima tni terkini,1
nusron jokowi mengutamakan rakyat elite partai,0
jakarta lumpuh total jutaan buruh lengserkan jokowi istana,1
komunitas advokat lisan laporkan hakim arief hidayat mkmk,0
megawati pecat batalkan ganjar capres pdip,1
jelang moto mandalika pertamina mandalika sag team jumpa menpora,0
dirut bpjs kesehatan modal utama peningkatan aksesmutu layanan,0
sumpah pemuda jadwal tema logonya,0
miliuner kripto borong chip ai senilai rp triliun,0
robot ai kepala sekolah inggris,0
presiden volodymyr zelensky merekam videovideonya green screen,1
atlet ri peraih medali asian games rumah sesuai domisili,0
barangbarang pemberian pembalap motogp penonton mandalika dilelang negara,1
bahaya menyebarkan ucapan selamat gambar video,1
tips olahraga nyaman kebas kesemutan,0
anies prabowo pisahkan djp anak buah sri mulyani respons,0
vaksin mrna direkomendasikan kehamilan,1
pssi resmi aff,1
wanita panser bernama odilia winneke editor detikcom grup gramedia,1
kpk serahkan rp m uang rampasan eks walkot bekasi rahmat efendi negara,0
video mahfud md joget membubarkan fpi,1
video demonstrasi buruh tolak ruu cipta kerja,1
mencari alasan hasto pdip ungkit lurah periode,0
tingkatkan sinergisitas kadiv humas polri gelar kompetisi menembak antarpemred,0
cerita wni malaysia beli produk indonesia shopee murah mudah,0
erick thohir reynaldi istanto direktur ibc sosoknya muda,0
bey machmudin tegaskan kaesang kampanye sor arcamanik,0
jemaah thoriqoh syathoriyah dukung prabowo anies,0
judul artikel dilaporkan pdip sukmawati ditahan orang kuat,1
foto presiden putin terjatuh akibat serangan jantung,1
gunung merapi alami erupsi kali letusan,1
dukungan yenny wahid ganjarmahfud dianggap cak imin,0
berencana studi negeri talk global study fair yuk,0
jokowi nyekar kuburan widjiatno notomihardjo salah tokoh teras pki,1
tradisi pesantren indonesia,0
virus corona sejenis jamur mould,1
surat undangan workshop pendukung jabatan fungsional perencanaan workshop pakapak,1
produk semen tercemar limbah b,1
golkar buka pintu gibran indah,0
obat lemah syahwat alami semangka jeruk,0
gambar jokowi memanahkan suntikan ahok artikel cnbc indonesia,1
kaops ncs polri ajak tokoh tasik tolak perpecahan pemilu,0
tes swab menggores amigdala zaman mesir kuno budak patuh,1
covid orang gila kena covid,1
manfaat senam kegel tubuh beserta terapkan gerakannya,0
gibran program dana pesantrenkis lansia lanjutkansempurnakan,0
vietnam korban meninggal covid teh lemon,1
euforia seleksi pppk guru nasib guru sekolah swasta,0
hasil rapat dpr mpr putuskan anies gantikan jokowi selamatkan bangsa negara,1
kawasan johor malaysia terdampak ekonomi pandemi covid,1
tangkapan layar artikel bergambar animasi berwajah jokowi,1
tolak capreskan ganjar kader senior pdip deklarasikan anies,1
razia masker non medis denda rp ribu bundaran smp malang,1
kemenag buka pendaftaran penguatan digitalisasi ptkis bantuan juta,0
hak veto dewan keamanan pbb resolusi palestina israel,0
megawati jokowi pecat anggota tni razia buku berbau pki,1
peraturan bola voli pelanggaran teknik dasarnya,0
peringati ultah ganjarsumpah pemuda bmi luncurkan video klip spesial,0
people power agustus,1
ribuan warga kota kediri jalan sehat sarungan peringati santri,0
pdip menolak dng hukuman mati koruptor alasan koruptor teman sehidup semati,1
pemerintah bantuan internet gratis pandemi covid,1
peradaban tertua nusantara ditemukan sangkulirang kutai timur,0
terjemahan pidato netanyahu hadapan knesset israel terkait persekutuan yahudi isis,1
kejar target nze mkienlit asia dorong percepatan transisi energi,0
racun nasi magic com,1
lowongan kerja komisi pemberantasan korupsi kpk indonesia,1
breaking news pilkada serentak ditunda kecuali solo medan,1
lantik fkub kecamatan bupati mojokerto paparkan tantangan pemilu,0
nyanyian yg kenyataan menyedihkan,1
pedagang pasar segiri positif covid,1
video berita terbaru putuskan fpi ormas terlarang,1
kim kardashian rilis pakaian pria gandeng neymar model,0
berparas cantik atlet voli korsel curi perhatian asian games,0
baliho ganjarmahfud dicopot jokowi mestinya pemda izin pengurus partai,0
fabiana souza penerima perdana suntikan vaksin covid meninggal dunia rssao lucas porto alegre brazil selatan,1
waketum nasdem dengar jokowi gulirkan isu periode,0
papan elektronik masjid unsri diretas sholat no presiden no,0
klarifikasi polri larangan penggunaan gps mengemudi,0
microsoft mengembangkan implan chip mikro mengumpulkan informasi vaksin covid,1
prabowogibran daftar kpu ihsg menguat,0
video jokowi pecat hakim terbukti terima suap sambo,1
baju adat jokowi upacara kemerdekaan mengandung makna negatif,1
sri mulyani youtuber harap kontenkonten edukatif,0
kolaborasi satgas ncs polri warga ciamistasikmalaya pemilu damai,0
foto trump judul you re fired sampul new york post,1
sultan ibrahim johor terpilih raja malaysia,0
situs schneider electric menawarkan pembiayaan,1
kinerja jokowi bikin uas jatuhkan pilihannya,1
renang indonesia target medali asian games satunya emas,0
jabatan wamen bumn dilepas rosan roeslani pimpin tkn prabowo,0
wow produk teh teknologi ai bintang iklan,0
suami puan maharani ditetapkan tersangka bts g,1
pasien korban erupsi semeru rsud dr haryoto diharuskan membeli underpad,1
proyek cebong terkini sirkuit mandalika gk masuk berita tv,1
sekjen golkar gibran kader tunggu berlabuh,0
ahok ditetapkan gubernur dki,1
xi jinping dicopot jabatan ketua komisi militer presiden cina kudeta militer perintah li qiaoming,1
umat islam new zealand membakar gereja,1
judul berita tempo mui bermain terompet mercon teriak toot dor keras,1
kri nanggala ditemukan jam hilang kontak,1
shopee grab gojek dukung aksi nasional jokowi end game,1
baliho ganjarmahfud bali dicopot jokowi kunker tpn dasarnya,0
jokowi lantik tim pemenangan ganjargibran,1
panda nababan terbayang gibran berbohong nusron membela,0
formula e jakarta masuk rekor dunia ajang lomba sepi penonton,1
foto pesawat kepresidenan melintas proyek hambalang,1
singapura tantang malaysia perang,1
janji setia dukung jokowi pria cirebon gunduli kepala,0
fagioli ngaku taruhan judi bola platform ilegal gegara tonali,0
penggeledahan rumah ketua kpk viral video hoax jokowi fasih bahasa mandarin,0
catat hp android whatsapp oktober,0
ucapan sumpah pemuda bangkitkan semangat persatuan bangsa,0
gus sadad ketua parpol jatim representasi nahdliyin wakili prabowogibran,0
alasan rumah arab dibangun genteng,0
anies resmi ditahan kpk,1
tabir kebenaran terbuka pengakuan jk,1
pemuda sleman deklarasi serukan hargai beda pilihan pemilu,0
awas bikin sakit kepala mencengkeram olahraga,0
juli jakarta putih triliunan manusia membludak memenuhi dinding gedung dpr tiang monas,1
ganjar bertanyatanya alasan balihonya dicopot jokowi,0
pep bilang de zerbi penerusnya city,0
itenas gelar job fair loker perusahaan,0
mitra ojek online diserang hoaks racuni pesanan makanan konsumen,0
sah konstitusi mengundurkan presiden berpamitan menteri suasana istana tegang,1
video oksigen aerator akuarium,1
perhelatan puncak balapan formula e sepi penonton,1
membincang hubungan bilateral indonesiaaustralia uwrf,0
ganjar pranowo ucapkan selamat gibran resmi daftar kpu,0
menpora halalkan judi bola,1
rs mandaya royal puri layanan komprehensif pasien,0
bezzecchi pekan meja operasi podium sprint race motogp mandalika,0
tanggal oktober,0
kejagung buka opsi pengembangan rp m dikembalikan maqdir,0
rayakan ultah ganjar relawan bagikan bunga mawar ambulans,0
video grace natalie ajak warga makan babi samasama,1
diagram chip g vaksin covid,1
minum air es makan perut buncit,1
cerita hasto pdip kartu truf ketum parpol gibran cawapres,0
hidayat nurwahid akui pks menganut ideologi pancasila,1
video perayaan kemenangan gibran pilkada solo,1
ssst alasan wanita mendadak hilang mood bercinta,0
fifa semprot messi bermain indonesia,1
rsud waluyo jati ditutup petugas diisolasi akibat covid,1
perang hamasisrael bikin investor ketarketir,0
panel surya kerja kelebihan kekurangan harga pemasangannya,0
stadion velodrome rawamangun jakarta terbakar,1
foto yosi mokalu mengenakan kaos bertuliskan badan arahan buzzerp istana,1
vaksin covid berbasis mrna mengubah dna manusia,1
menu dipesan,1
situs nonton anime legal bagus,0
peta politik pilpres ntb kekuatan parpol koalisi dukungan elite,0
yenny gabung ganjarmahfud gerindra atur strategi raup suara jatim,0
sanggup tahan air mata putin terharu perlakuan warga indonesia rusia,1
awas kaget segini biaya perawatan mobil listrik tesla,0
dipercaya simpan ramalan sejarah ritual buka cupu panjala gunungkidul,0
elon musk zuckerberg ceo terpintar dunia,0
aksi kolaborasi satgas ncs polri warga ciptakan pemilu damai,0
habib rizieq syihab menlu retno lp marsudi mengimbau staf kbri riyadh kjri jeddah arab saudi memenangkan capres jokowi,1
komunitas sopir ambulans tim medis deklarasi anies,1
pengacara rebecca klopper fokus pelaku penyebar video syur,0
keputusan rakerpus pp polri dukung ganjarmahfud pilpres,0
video radiasi ponsel membakar serat wol baja,1
internet merata papua,0
artikel kemunculan dabbah israel,1
pendamping sertifikasi halal umkm syaratnya gp anshor,1
tandatanda usia biologis tua ketimbang kronologis,0
susunan kabinet ii jokowiamin,1
motivator jim rohn jokowi presiden terkelam dlm sejarah bangsa indonesia,1
wawalkot pasuruan ajak warga wujudkan pemilu sukses damai,0
masinton usul hak angkat mk ketua golkar gimik politik,0
perdana menteri jepang yoshiro mori salah bahasa inggris bertemu obama,1
video berita terkini resmi megawati prabowo sepakat ganjar resmi diusung partai,1
peresmian patung yesus memberkati jokowi,1
olimpiade tokyo dibatalkan,1
video berita terbaru sri mulyani sanggup serahkan tugasnya rizal ramli,1
sederet alasan wajib taman flora surabaya,0
gratis kuota gb operator,1
saleh daulay cawapres gibran abaikan kampanye negatif,0
mundur waket pdip medan relawan bobby batal nyaleg,0
osteoporosis sedunia sejarah tema peringatan,0
partai demokrasi indonesia perjuangan dihuni gerombolan pki,1
jalur sirkuit mandalika macet jelang race motogp,0
pdip jabar sentil gibran rakabuming urusan etika politik,0
politik perdebatan zulhas hadapinya,0
dedikasi konservasi guru ui raih penghargaan medali bosscha,0
penyebab rendahnya realisasi apbd makassar terealisasi,0
video ekonomi hancur terlilit utang jokowi terancam serahkan indonesia china,1
muhaimin iskandar cawapres anies baswedan fakta kulinernya,0
gibran cawapres hasto ngaku cerita kartu truf ketum parpol dipegang,0
pernyataan sby terkait kemenangan partainya amerika serikat,1
barcelona perpanjang kontrak frenkie de jong,0
bahaya bertelepon dapur kompor menyala,1
video gaza terbakar akibat serangan israel,1
bri kalrifikasi info terkait pemblokiran massal atm bri oktober,0
indonesia gagal capai target asian games nasib bonus,0
petinggi pks merapat jokowi bosan hti khilafah,1
mahasiswi rentan alami pelecehan seksual dosen uin jakarta,0
video fenomena alam petir menyambar sungai,1
rumah edi baskoro disegel terlibat hambalang kpk lakukan,1
reog cemandi warisan budaya benda sidoarjo,0
ramairamai menepis hasto periode permintaan lurah,0
status gibran pdip puan baikbaik,0
pesan whatsapp akp suparlan kapolsek maniis tasikmalaya menawarkan motor mobil lelang,1
tanggal oktober memperingati simak daftarnya,0
israel dicoret piala dunia u terciduk sogok fifa,1
survei indikator responden setuju putusan mk,0
disanksi tertutup pdip gibran ungkit izin puantpn,0
destinasi wisata lombok barat pantai hutan lindung,0
anies baswedan ajak masyarakat lakukan gerakan,1
tes kesehatan rspad beberkan hasil paslon kpu besok,0
anies baswedan kritis kutukan ahok kenyataan,1
kartu atm nasabah bri berwarna biru gpn diblokir otomatis sistem,1
gelora sulsel usul calon ketua tim prabowogibran ketua partaieks walkot,0
biaya muhammad zohri diurus kemenpora,1
jokowi selesai tol laut,1
kantor staf kepresidenan mengklarifikasi dokumen negara hilang pencurian stafnya,0
pengumuman rencana pemblokiran media sosial kemkominfo,1
truk tertua rakitan isuzu ngacir lho,0
teks doa sumpah pemuda isi lampirannya,0
politisi pdip negara hancur jokowi mundur,1
jaya suprana meninggal dunia,1
gemparkan malam menangkan anies ganjar mundur kabinet pdip,1
bupati lumajang bantuan whatsapp,1
whatsapp kasir indomaret salah input voucher games,1
terduga teroris is tertangkap sleman yogyakarta pelatih judo ugm,0
tokopedia bagikan gb data internet operator,1
video megawati merombak pancasila,1
video berita viral amarahnya suka meledak jokowi risma layak kena reshuffle kabinet,1
gantikan luhut erick pesan menteri jokowi,0
faktor produksi kegiatan ekonomi,0
video prabowo umumkan mahfud md cawapres,1
virus corona mati suhu derajat terkena sinar matahari,1
shin tae yong erick thohir pecat bima sakti,1
penjelasan erick thohir indonesia batal bidding piala dunia,0
sumpah pemuda oktober sejarah isi ikrar kegiatan tema,0
daftar lengkap pemenang ballon dor favoritmu,0
jalankan instruksi ahy demokrat ntb all out menangkan prabowogibran,0
warga bantargebang tolak pembangunan psel lahan terbuka hijau,0
titiek puspa meninggal dunia,1
anak wakil bupatipenyidik bnnk berebut kursi ketua koni tana toraja,0
almarhum habibie formasi jas merah mob umm,1
jokowi umumkan calon pengganti ketua kpk,1
video ulil amri wahabi stress kode biadab,1
antena g masker,1
pdip sulsel pertimbangkan dr udin ganti danny ketua tkd ganjarmahfud,0
lowongan kerja pt pupuk sriwidjaja,1
diskusi mahasiswa jember anies ajak anak muda apatis politik,0
neno warisman gabung partai gelora,0
lakilaki soekarno jend soerdirman ayahandanya habieb risziq shihab,1
tautan ngepoin facebook,1
tertolong selamat jalan fadlizon kejanggalan kepergian nya,1
video berita terkini trgis jkw srimul bcrkan news viral jokowi,1
pernyataan timses prabowosandiaga terkait prabowobersamahti twitter,0
infografis bawaslu kepri kampanye,1
ma ruf amin kalah umat islam berdosa masuk neraka,1
ganjar pranowo mundur pdip korupsi ktp elektronik,1
konflik israelpalestina bikin resah komunitas ilmiah,0
taruhan pilpres berhadiah lapangan sepakbola,1
foto presiden joko widodo wfh working from home,1
jokowi marah anggota pdip korupsi triliun,1
putra pangeran monako diakui kerajaan bahas hubungan ayahnya,0
joe taslim beruntung pensiunan atlet dikenal aktor hollywood,0
bangun gaya hidup olahraga kemenpora libatkan komunitas,0
obat covid molnulpiravir beredar september,1
emil diambil darah uji vaksin china tutup jarumnya buka,1
bebas acungkan jari,1
sapa aruh sultan jogja jelang pemilu lurah ora melu kampanye,0
messi masuk persib,1
tantangan pdip nasdem pks deklarasi aniesjusuf kalla,1
atlet angkat beban indonesia mundur kompetisi sea games karna disuruh lepas hijab,1
alasan membeli vivo ve,0
pengumuman tkn prabowogibran gerindra,0
rudi hartono legenda bulu tangkis meninggal,1
ian latanro resmi dilantik paw anggota dprd sulsel gantikan andi irma,0
kim pdip gibran faktor loyalitas politik,0
ide kado pernikahan barang elektronik murah bermanfaat,0
viral insinyur lulusan itb tinggal rumah terbengkalai listrik air,0
permata bank menawarkan pinjaman dana agunansurvey sms,1
kaesang kupang bertemu relawan jokowimenangkan prabowogibran,0
istri pelaku penganiayaan perawat rs siloam owner perusahaan kecantikan pt immortal cosmedika indonesia,1
pt sinar mas membeli juta box eco racing,1
bahaya menyebarkan ucapan selamat gambar,1
video penerbangan italia ethiopia penumpang dinyatakan positif,1
teks pidato orasi sumpah pemuda penuh semangat,0
survei lsj ppp parpol diprediksi tembus dpr,0
video disuntik vaksin pingsan sadarkan,1
wakil presiden maruf amin raja salman dukung sukseskan anies pilpres,1
dki keluarga paket bantuan rp juta penyaluran bantuan bertahap,1
pesan telak kopassus pki bangkit,1
mengenal sosok pj wali kota parepare akbar ali pengganti taufan pawe,0
tuduh curi medali milik bambang pamungkas muhammad yusuf buka suara,1
foto roman colosseum carved into a real tooth,1
cdm kontingen indonesia asian games dibubarkan,0
demokrat bicara pilihan politik cak imin bersyukur koalisi,0
beasiswa s mext buka tokyo institute of technology yuk daftar,0
foto pahlawan perang era teknik ngibul negara musuh janji manisnya,1
misteri tsunami dahsyat silam terpecahkan,0
aplikasi game talking angela berbahaya anakanak,1
pb mansion sports box raih medali perak turnamen kja open,0
kpu revisi pkpu sesuai putusan mk,0
osteoporosis sedunia tema asalusul peringatan,0
balasan golkar gibran pdip singgung narasi dizalimi,0
video penyidik temukan ruang rahasia ferdy sambo berisi tngn mnusi,1
heboh wtc mangga arena main badminton kondisinya,0
video supporter bola masuk islam piala dunia qatar,1
ganjar foto pelukan basuki tanyatanya politik infrastruktur,0
vaksin melemahkan kekuatan tni,1
takut dibunuh ahli virus china kabur as bersaksi covid hasil persekongkolan jahat,1
foto kemasan vaksin sinovac only for clinical trial,1
pengiriman barang nigeria drone indomie berjaya afrika,1
lansia internasional menko pmk usul bentuk sekber khusus lansia,0
kpu palopo kunjungi parpol lakukan verifikasi nama surat suara caleg,0
perjalanan rosan roeslani pengusaha dubes wamen ketua tkn prabowogibran,0
chicco jerikho belajar hidup sehat sakit tubuhnya berdaya,0
susunan upacara sumpah pemuda sesuai panduan kemenpora ri,0
video berita terkini disangka sangka deklarasi ganjar langsung disambut pemecatan pdip,1
bawaslu ingatkan money politic tolak uangnya pilih orangnya,0
guru diimpor,1
kunjungi kupang kaesang harap psi prabowogibran menang ntt,0
logo hut maknai perjalanan bri dampingi umkm abad,0
segini target penjualan suzuki burgman street ex indonesia,0
enam orang ternama perang dukung anies,1
maaf foto ditutup dilarang aurat,1
universitas sebelas maret nyatakan pencabutan penerima beasiswa bidikmisi,1
danny dorong milenial ganti posisinya ketua tpd ganjarmahfud sulsel,0
akun gerindra berandaiandai prabowo meninggal presiden,0
diam diam mengejutkan titah prabowo damaikan perang israel iran,1
ovo bagikan jam tangan pintar rangka perayaan ulang ovo,1
ancaman hoax deepfake ai nan canggih jokowi korbannya,0
gabung tpn ganjarmahfud eko sulistyo mundur komisaris pln,0
gempar megawati resmi tandatangani puan cawapres anies,1
gejala lupus nefritis dikaitkan riwayat sakit shena malsiana wafat usia,0
seekor ular raksasa melilit mobil van,1
pemprov sulsel kerap anggarkan stadion mattoanging ragu realisasikan,0
psis luncurkan the pryto jersey ketiga mahesa jenar semarang banget,0
santri nasional sejarah tema logo,0
lirik lagu bangun pemudi pemuda makna profil penciptanya,0
komunitas olahraga subang dukung putusan mk pemuda maju pilpres,0
pln antisipasi gangguan musim hujan sulsel sultra sulbar,0
jepang inovasi canggih mesin cetak sushi robot teh,0
podcast nasib rupiah politik konflik timteng,0
amien rais jokowi diturunkan parahkarena terbaik inidan ri,1
misi pb porlasi bangkitkan olahraga layar indonesia,0
said aqil negara china negara komunis komunis arab,1
pesan berantai teresia fidalgo,1
ksal dankodiklatal fokus kembangkan teknologi kesenjataan,0
etika hukum perang islam,0
perubahan tarif transaksi bri,1
berangkat biaya selebrasi kasih bendera,1
berita mengerikan dibuka publik,1
pengertian semangat patriotisme era globalisasi contohnya,0
kepercayaan mahkamah konstitusi era jokowi dinilai rusak,0
drone mematikan hamas bikin pasukan israel gentar,0
contoh teks anekdot singkat lucu lengkap strukturnya,0
prabowogibran daftar kpu gemoy muda bersatu trending x,0
pendaftaran guru penggerak tutup cek daftarnya,0
ratusan pekerja pertamina ru ii dumai tolak akuisisi pertagas,0
rana tonjong danau teratai terbesar dunia manggarai timur,0
rekrutmen penerimaan pegawai pemerintah non pegawai negeri komisi pemilihan,1
bharada e menemui presiden jokowi,1
ppp bali yenny wahid dukung ganjarmahfud anak politiknya gus dur,0
minum kopi cegah kenaikan berat badan,0
foto shinta hudiarto menyamar muslim memakai mukena,1
klarifikasi lipi terkait isu pemusnahan buku tesis disertasi,0
gibran pimpin pasukan tuntut rocky penjara seumur hidup,1
ponsel mengisi pulsa meteran berbahaya,1
foto massa tumpah ruah mengepung gedung dpr terkait ruu hip,1
porkot makassar dibuka cek venue jadwal pertandingannya,0
video berita terkini mulut kotor fadlizon berujung petaka desakan densuss bubar,1
tpn visi jokowi indonesia maju ganjarmahfud indonesia unggul,0
copywriter pengertian tugas jenis kontennya,0
wapres amerika mike pence umat islam menuntut hukum syariah meninggalkan amerika,1
pwnu jawa timur menangkan prabowo sandi,1
golkar sulsel ogah pasang baliho capres kampanye rugi bandar,0
maklumat ksad siaga aksi oktober,1
anak meninggal bukber konsumsi cocacola,1
ketua mk lobi putusan usia capres arief nggak nggak dilobi,0
video penyiksaan komunis muslim uighur,1
kominfo butuh polisi masyarakat sikat judi online,0
gambar hasil suntingan berita sandiaga indonesia raih juara asian games,1
vaksin sinovac covid suntikkan warga kelinci percobaan,1
rs alquds gaza tolak ultimatum israel evakuasi,0
siapkan sdm terampil menaker resmikan workshop pariwisata surakarta,0
dito ariotedjo penuhi panggilan saksi sidang korupsi bts,0
judul artikel merdekacom ma ruf amin ekonomi meroket presiden jokowi periode,1
survei indikator magnet kuat jokowi elektabilitas pdip,0
ganjar pranowo dipecat partai pdip,1
ombudsman panggil bey machmudin insiden relawan anies gim,0
pemasangan barcode badan manusia,1
ahmad dhani maaf kampanye prabowo area militer au tasikmalayagarut,0
jokowi dinilai lurah jabatan presiden periode,0
indonesia tampil dipiala dunia u,1
psi komunikasi pdip buntut ade armando digugat rp m,0
imagispace ajak pencinta seni main rileks,0
beredar risalah rapat pengangkatan nama nama menteri kabinet kerja jilid ii lambang garuda bertuliskan koalisi indonesia maju,1
kominfo bantah akun situs porno pornhub,1
golkar bela gibran dianggap pdip membangkang pemuda berani,0
al haris warning asn jambi netral pemilu,0
tips melunturkan lemak perut membandel pakar,0
eks atlet papua kendala event jakarta tiket mahal,0
pengertian glosarium manfaat contohnya,0
panda nababan syok jokowi ku kenal,0
inovasi indonesia november sejarah tujuan fakta uniknya,0
penjelasan terkait fotofoto diklaim perlakuan kejam pemerintah china kamp konsentrasi muslim uighur,1
kisah darmanto bikin motor roda disabilitas,0
manajer newcastle kaget sandro tonali kena judi,0
momen fx rudy bertemu megawati melapor,0
penertiban baliho caleg batam diprotes tebang pilih bawaslu,0
sumber energi aman lingkungan contoh penerapannya,0
ronaldo tandatangani kontrak real madrid,1
menpora dito maaf indonesia gagal penuhi target asian games,0
jembatan kaca kampung warnawarni malang retak resmi ditutup,0
tentara merah rrc pluit jkt,1
jokowi nama lahirnya herberthus,1
inovatif mahasiswa uns ciptakan sarung tangan penerjemah bahasa isyarat,0
singkatan pgri pengertian sejarah organisasinya,0
demokrat gibran cawapres penanda pdip sukses mengkader calon pemimpin,0
nampak perut ikan sejenis telur ikan dlm gambar,1
diresmikan jembatan kaca bromo aman,0
video banjir bandang libya,1
pemkab badung gelontorkan bantuan rp miliar klungkung,0
respons gibran membangkang pdip,0
panggil langsung istana surya paloh tanda tangan pencapresan anies resmi cabut,1
rakyat antusias menyambut kedatangan anis for presiden,1
film ikonik studio chizu kesukaanmu,0
hasto tuding kartu truf ketum dipegang pan bantah terpaksa dukung gibran,0
prabowogibran lanjutkan proyek kontroversi jokowi,0
dicemooh bintaro kota satelit selatan jakarta,0
kpu gibran kader pdip daftar cawapres,0
kominfo buruburu bikin aturan ai,0
presiden jokowi diam takut,1
link poster gambar sumpah pemuda gratis pilih keren,0
suzuki pamer mobil listrik ternyar kendaraan terbang japan mobility show,0
sandiaga kunci dongkrak investasi negeri,0
indonesia mengirimkan perwakilan lgbtgay festival lgbt paris,1
dunia produk selai australia vegemite berulang,0
relawan pengusaha muda dorong ekonomi indonesia berdaya saing global,0
insentif virus corona pemerintah gratiskan akses internet,1
menjaga otot kencang dok,0
presiden jokowi kembalikan ahok gubernur jakarta,1
kisah abdur arsyad dicap mahasiswa ajar dibully,0
rumput paragis menyembuhkan kanker,1
ilmuwan pembuat virus corona ditangkap,1
menakar kekuatan ganjarmahfud yenny wahid labuhkan dukungan,0
bupati lumajang ajak warganya pilih aniesmuhaimin pilpres,1
gibran blusukan era digital,0
riska syabila mahasiswi penemu formula ajaib pemutih badan suntik kimia alat kecantikan,1
jokowi usir prabowo istana negara,1
pengamat prabowogibran dulang suara nu cawecawe jokowi,0
anies sukses bujuk fifa coret israel resmikan indonesia tuan rumah piala dunia u,1
indonesia vs brunei malam jalan balai kota solo nobar,0
memalukan indonesia tertawaan negara asean,1
cerita perjalanan sirkuit mandalika,0
kapolri masyarakat tembak,1
membantu petani menghadapi perubahan iklim,0
rs mandaya royal puri upgrade layanan deteksiterapi kanker payudara,0
pimpinan hamas,0
jokowi lupa akar pendudukan palestina israel,0
sir jim ratcliffe memangnya pengaruh mu,0
soroti literasi kepala badan bahasa anggaran cetak buku rp miliar,0
kapolri kawal politik bermartabat hindari halhal memecah belah rakyat,0
gemparkan indonesia pasangan ganjarmahfud md tetapkan istana sore,1
pj gubernur jateng gencarkan program prioritas rinciannya,0
lipi mengeluarkan hasil survei caprescawapres,0
tim judo senior bali kuasai kejurnas piala kasad,0
kertas suara pemilu dibakar sampah kecurangan didiamkan dilindungi aparat pejabat,1
video penduduk aborigin australia menyambut pemerintah busur panah bentuk penolakan vaksin covid,1
orang shalat aman corona,1
taktik scammer status whatsapp,1
pesan whatsapp wawali makassar fatmawati rusdi sumbangan pesantren,1
finalis golden boy award bellingham hojlund,0
semudah menyebarkan berita palsu facebook,0
eksotisnya pantai tikus emas pesisir timur bangka,0
nggak fokus jualan subaru bikin jalanan bebas kecelakaan,0
nonton project pop gratis indonesia,0
tanda tangan digital transaksi tei,0
rani hatta rilis koleksi terbaru sabamodest serba monokrom jfw,0
kpk klarifikasi isu tunggangi demonstrasi mahasiswa,1
manajemen buka suara wtc mangga main badminton faktanya,0
cina bangun pangkalan militer indonesia,1
jokowi sungai ri hasilkan listrik jumbo,0
bendera uni soviet dikibarkan mariupol ketegangan rusia ukraina,1
bamsoet buka kejurnas tarung derajat bandung,0
presiden anies kosakata bahasa indonesia ribu,0
klarifikasi kemenpora terkait pelatih asian games terima bonus,0
fasilitas rahim buatan orang tua memilih karakteristik bayinya,1
djarot ngaku pdip anti dinasti politik jokowi gibranbobby maju,0
jelang pilpres kapolda metro imbau warga menghargai beda pilihan,0
aturan penggunaan air tanah wajib izin kementerian esdm,0
daftar gaji karyawan perusahaan fintech,0
pertandingan timnas sepakbola indonesia vs portugal juli,1
bahasa oktober tema slogan kongres,0
pdip panik total ganjar puan daftar capres,1
dipimpin langsung megawati kader pdip kampanyekan anies cak imin,1
lho bapaknya jokowi namanya widjiatno,1
anies janji jadikan ulama penasihat terpilih presiden,0
tugas perguruan kenalkan pangan pengganti beras,0
jajanan anak sekolah terfavorit murah enak telur gulung,0
lirik lagu bangun pemudi pemuda notasi angkanya karya alfred simanjuntak,0
apkasi sediakan beasiswa indonesia emas putraputri terbaik daerah,0
semarak arakarakan bola raksasa piala dunia u surabaya,0
azan melemahkan virus corona,1
cristiano ronaldo tergiur melawan indonesia pertandingan indonesia lawan argentina kemarin,1
bocor bapaknya jokowi asli,1
pemain ac milan keturunan jawa bela timnas,1
pemkab bogor tingkatkan keamanan warga ditangkap densus,0
joe taslim bocorkan resep tembus hollywood indonesia,0
wujudkan pemilu damai kaops ncs polri bagikan paket sembako tasik,0
alasan prabowogibran batal hadiri jalan sehat gerindra sulsel makassar,0
gambar tangkapan layar artikel batamtribunnewscom bandar judi panik semenjak apk cheat slot,1
ayah jokowi bernama widjiatno anggota pki jokowi asli pki tulen,1
pengalaman mendikbud nadiem makarim mematahkan mitos nem ipk rangking,1
pemprov jatim sukses raih sertifikat cagar budaya penetapan wbtb,0
template ppt gratis tema simpel elegan aesthetic,0
pelaku utama penjegalan anies baswedan menyerahkan akui diperintah istana,1
daftar harga tiket pertandingan persahabatan indonesia vs argentina,1
video raja bahrain dubai pengawal robotnya,1
walkot eri ajak arekarek suroboyo ramaikan piala dunia u,0
mahar gulingkan ganjar m musuh bebuyatan jokowi aktor intelektualnya,1
soda susu bersihkan paru paru perokok,0
dubes china buka kartu juta warga masuk indonesia,1
hakim mk arief hidayat ingatkan hukum indonesia hukum sekuler,0
drone kamikaze hamas diprediksi bikin pasukan israel gentar,0
video pki dukung anies,1
ratusan kader demokrat sambut anies baswedan,1
rosan ketuanya tkn prabowogibran finalisasi struktur pengurus,0
ubah imej brand inklusif penjualan victorias secret dikabarkan anjlok,0
video sindiran pedas sultan brunei darusalam presiden jokowi,1
oppo find n resmi dirilis layar kamera flagship,0
hewan mati bergelimpangan efek radiasi g,1
anggota dpr sihar sitorus dorong pengembangan desa wisata nias,0
mendag zulhas pengaruh geopolitik perdagangan ri,0
foto sam si koala cooper merlot,1
tips jaga tubuh ala dokter nadia alaydrus biar nggak mudah sakit cuaca ekstrem,0
pesan berantai tautan subsidi kuota belajar gelombang,1
hati alat sdh setting suhu c olh komunis cina utk mmbunuh ulama,1
opini dahlan iskan menyembah tuhan mengabaikan kemanusiaan,1
demokrat pertemuan jokowi capres kendurkan ketegangan kontestasi,0
kisah larry ellison kena do kampus tajir mampus,0
demo les bahasa prancis emang ngaruh,1
tingkat sulfur dioksida kota wuhan tanda kremasi massal korban coronavirus indikasi korban jiwa dibakar,1
bambang pamungkas meninggal dunia,1
pembangunan jembatan gantung sikundo,0
seruseruan bareng anak lazmall daily bundafest lomba menarik,0
rian fahardhi pendapat pengaruh gen z politik,0
kabar cawapres bertemu maruf besok cak imin ngaku undangan,0
covid bakteri terpapar radiasi sumber kementerian kesehatan rusia,1
kejutan hotel bali quartararo puji orang indonesia,0
golkar optimis rk menangkan prabowogibran jabardki dibantu airin,0
vaksin booster yg bayar ribu,1
sertifikasi halal hapus ruu sapu jagat,1
november museum macan persembahkan pertunjukan wayang eksperimental,0
anies relawan kader partai bak superhero avengers,0
pemerintah membagikan kuota gb gratis insentif melawan covid,1
link twibbon resmi sumpah pemuda dipasang oktober,0
mahasiswa ui bikin inovasi permudah difabel dapatkan sertifikasi bahasa,0
jokowi temui tawarkan putranya cawapres anies baswedan,1
tulang sendi anak sedunia sejarah memperingatinya,0
sosok kaisa group korban krisis properti china,0
survei arci partai berpotensi gusur dominasi pdip jatim,0
yandri susanto pilpres kontestasi putraputri terbaik bangsa,0
pesan berantai pemerintah menyediakan laptop gratis siswa guru,1
jelang btn jakarta run bank btn gelar k dress rehearsal,0
masinton pdip usul hak angket mk pimpinan dpr,0
maruf percepat kunker papua rapat bareng jokowi istana,0
waspada hoax pemilu muncul editan ai,0
hendropriyono dukung mahfud md pilpres,0
tri koro dharmo pendiri visi bentuk perjuangannya,0
ganjar pdip ditinggal keluarga jokowi banteng cengeng,0
burhanuddin muhtadi dituding dalang quick count palsu,1
pengumuman hasil seleksi administrasi cpns pppk cek,0
link program kuota belajar kemendikbud,1
foto penampakan bigfoot warga purwokerto memancing,1
kabupaten serentak dukung anies,1
pria melempar laptop membanting televisi menonton wawancara najwa presiden jokowi,1
megawati jokowi pecat anggota tni merazia buku berbau komunis,1
foto perkumpulan maling suara,1
langsung indonesia keseruan keuntungannya,0
sidang ipu fadli zon serukan buka blokade gaza kritik pbb,0
status gerakan si kadrun hentikan,1
preorder eror blibli serahkan iphone pelanggan,0
alasan relawan bobby mundur pdip jokowisme dukung prabowogibran,0
sukabumi inflasi persen biang keroknya,0
cak imin klaim suara pemilihnya kuat jatim jabar jateng,0
kerabat kepala daerah incar dprd sulsel dapil istrianak bupati,0
makna sumpah pemuda bhante dhira gita bhebhita,0
jokowi posisi ri kekerasan gaza dihentikan,0
video politisi brasil dilempar sungai,1
mengintip jeroan pabrik isuzu bikin tipe truk berbeda,0
video siaran kecurangan pilpres tv al jazeera,1
pdip ditinggalkan jokowi keluarga ganjar bilang,0
kahforward ajak anak muda solusi nyata indonesia,0
lowongan pekerjaan pemkot surabaya,1
video diambil konser coldplay,1
sandiaga berkomitmen selesaikan tugas cawapres,0
video dpr bongkar dana haram anies berita terbaru maret usaha miras dki jakarta,1
bssn pantau aktivitas telepon media sosial masyarakat,1
bmkg tanggapi ramalan gempa tsunami ntb,1
listrik nasional sejarah oktober,0
bekasi terduga pasien virus corona,1
sambut sumpah pemuda tokopedia bagikan kisah sukses pelaku umkm,0
puan pimpin rapat paripurna dpr anggota dewan hadir fisik,0
tradisi surat menyurat zaman now kartu pos eksis,0
surat kh mustofa bisri gus mus whatsapp,1
wamenag reuni berpotensi menimbulkan dosa,1
prabowo resmikan sumur air bersih jateng laksanakan perintah presiden,0
indonesia resmi aff indonesia gabung piala eaff,1
sby surya paloh ganjar pranowo ditangkap kpk terlibat korupsi penyuapan,1
menpora dito ketua panitia aquabike formula powerboat,0
ketahuan jegal anies baswedan kpu tolak pendaftaran ganjar pranowo capres,1
puluhan sapi hanyut bojonegoro,1
sk mentri prabowo resmi copot,1
menpora imam nahrawi mundur jabatannya,1
cekak barcelona belanja januari,0
polisijurnalis bali beradu ketepatan menembak,0
pendaftaran kampus mengajar angkatan dibuka kuota mahasiswa,0
pengobatan tumor ganas kanker cell cure rs gatot subroto jakarta,1
lupa nonton langsung indonesia iphone macbook air,0
selamatkah pemanasan global,0
world economic forum menyerukan larangan konsumsi telur,1
nusron wahid kritik hakim konstitusi bicara prahara mk etikanya,0
selamat dosen peneliti itb masuk worlds top scientists,0
binatang langka berbahaya membunuh jam,1
ksad tnimentan dilantik puan ingatkan netralitas pemilu,0
rabiot messi raih ballon dor,0
tahapan seleksi calon guru penggerak ditutup besok buruan daftar,0
hrs dilaporkan tewas tertabrak unta acara balapan unta arab saudi,1
menantu danny pomanto dr udin masuk radar calon ketua tpd ganjarmahfud sulsel,0
jokowi menang pilpres by restu bumi,1
basket dki lolos kualifikasi pon kategori putra putri,0
memperbanyak asi alami menyusui,0
fpi banser geruduk kantor pdip jgn atur partai pki komunis,1
ketua bpom ditekan diancam keluarkan vaksin sinovac,1
peran jamur kehidupan manusia ciriciri jenisnya,0
video timnas u bertanding piala dunia swiss,1
hakim arief sedih harap narasi mahkamah keluarga disebarluaskan,0
terkait israel deretan produk diboikot dunia,0
francesco bagnaia puji indonesia negara terbaik gelar balapan motogp,0
kpk segel rumah milik prabowo subianto,1
keseruan iriana main balap karung bagibagi sepeda surabaya,0
ganjarmahfud resmi bersatu pdip gelar deklarasi besarbesaran,1
target emas meleset pelatih tolak peluru akui jepang prediksi,0
covid buatan manusia senjata biologis carolina utara amerika serikat pasien nol bernama maatje benassi,1
surat pengangkatan cpns jalur khusus,1
steak berbahan dasar kotoran manusia jepang,1
hyundai pamer teknologi ioniq semarang,0
reaksi pan kabupaten cirebon kantor digembok eks ketua,0
video mike tyson salat kafe pemiliknya melarang orang muslim masuk kafenya,1
pemanasan global hoax data suhu bumi mendingin c dekade,1
video agen cia mendoktrin mahasiswa berdemo melawan pemerintah,1
pekerjaan terbuka jurusan,0
cincin lancip perusak lembar pungutan suara pemilu,1
joe biden massonic illuminaty biblekitab setan dlm sumpahnya mnjdi presiden,1
pemkab selayar teken nphd pemilu anggaran rp m,0
pesan ayam bakar online pria kaget makan langsung warungnya,0
vaksin kali kekhalifahan ottoman,1
mursal reporter meninggal terbunuh memaparkan limbah minyak goreng,1
golang pengertian fungsinya,0
wantiwanti jokowi pj kepala daerah miring langsung diganti,0
merendam kaki minyak tanah garam es batu meredakan kolesterol asam urat darah,1
klaim hadi pranoto covid,1
video ufo jam diatas daerah tanah abang,1
gambar majalah tempo sugeng suparwoto bohir anies,1
warga solo gugat mk gubernur u nyawapres,0
ketum pbnu buka santri innofest,0
video shalat berjamaah piala dunia qatar,1
tim kickboxing dki jakarta tc belanda,0
tv nasional siarkan berita terkait banjir melanda kalsel,1
beredar video jokowi fasih mandarin kominfo editan ai menyesatkan,0
bayangbayang kehancuran gaza,0
apple guyur rp triliun garap pembunuh chatgpt,0
tuduh ijazah jokowi palsu presiden tunjukkan ijazah asli miliknya,1
yenny ganjarmahfud pd singgung prabowo didukung sby jokowi,0
warga jombang santri pesantren tebu ireng dukung anies yenny wahid pemilu,1
bhante dhira politik proses pendewasaan pemuda,0
jokowi diruqiyah ilmu ghaib menangi pilpres,1
pemantauan aktivitas telepon seluler media sosial bssn,1
adian sikap jokowi orang berdalih penguji,0
amien rais sentil ketua mk anwar usman takut allah takut ipar,0
video mengaji opening fifa,1
pupr terowongan tol laut ikn dibangun,0
pesona istana taman jepun lokasi fasilitas daya tarik,0
bri bagikan subsidi pengentasan kemiskinan pemerintah rp juta,1
jawa barat menggelar pesta kemenangan juara pon papua,1
perangi polusi plastik uni eropa larang mikroplastik produk konsumen,0
greysia polii motivasi generasi muda berprestasi,0
hnw tegaskan ponpes gontor konsisten merajut persatuan,0
jurus polisi tangkal kenakalan remaja karawang,0
upaya kawan angkatan itb cari enuh nugraha viral,0
pemerintahan joe biden juta dollar pipa kokain komunitas kulit hitam amerika serikat,1
asian games tuntas kemenpora usulkan bonus presiden,0
ketua partai golkar tanda tangani kesepakatan gabung koalisi perubahan,1
koran inggris,1
gerindra amien rais gibran singgung mantu ketum partai ummat,0
gen pemicu alzheimer chris hemsworth matimatian ubah gaya hidup,0
resmi demokrat gabung koalisi pdip dukung ganjar pranowo,1
prabowogibran dukungan pimpinan ponpes jabar,0
dicari alumnus enuh nugraha lulusan itb menggelandang grobogan,0
kartu pra kerja menganggur digaji,1
kpk tahan tersangka korupsi stadion mandala krida diy,0
contoh visi misi osis smp sma organisasi kuliah,0
dbon membuahkan hasil dilanjut,0
pengguna facebook memprediksi covid,1
rp jutaan hunian tmccikarang cocok milenial karyawan,0
video pencurian kereta api malam,1
cerita dukungan yenny wahid ganjarmahfud,0
vaksin hiv kanker meledak,1
gelombang kuota internet free operator,1
perintah sby pan demokrat pks deklarasi anies presiden,1
video kabar terbaru pernthkan puluhan mahasiswa uns ditnkap news jokowi,1
heboh ketua dpac pkb dipecat dukungpasang baliho gibran,0
prabowo gagal nyapres batasan usia,1
tim garuda uny kontes mobil hemat energi,0
asian games indonesia emas saptoyogo sumbang,0
video pertempuran pesawat ukraina pesawat rusia,1
prabowogibran selesai jalani pemeriksaan kesehatan rspad,0
foto hasil tangkapan layar laptop bergambar ms excel hasil pilwali kota mojokerto kpu,1
solusi ampuh hilangkan nyeri pergelangan tangan,0
stimb menjaga eksistensi industri musik,0
mengenang sumur timba tradisi cari air ditelan zaman,0
adian nggak mikirin gibran sisi prabowo gerindra,0
santri meneguhkan harmoni islam budaya,0
stop beli ikan terkhususnya ikan tongkol tembang pexakit,1
partai golkar mengajukan surat permohonan pembatalan hasil pilpres,1
streaming filmbola anti putus vidio langganannya harga,0
cabor gagal asian games siapsiap didukung pemerintah,0
aplikasi body temperature diary mengukur suhu tubuh beli alat test,1
feminisme gerakan kesetaraan gender perempuan bidang,0
jakarta absen kalender formula e ketua dprd pemilu dihargai,0
tangkapan layar detiknews menhan prabowo subianto stabilitas pertahanan negara memperingkatkan gatot nurmantyo bikin kisru nkri,1
sederet kesaksian wakil rektor sidang perkara korupsi spi unud,0
menteri kesehatan america sdh menandatangani persetujuan penggunaan chip virus corona,1
masuk musim hujan indonesia waspada dampak,0
lutut bengkak jalan asam urat dok,0
partai kebangkitan nusantara menyerukan pki jaya,1
rekrutmen perwira tniau tituler whatsapp,1
hoaks surat pendataan pembangunan kota catut bppt,1
operasi marinir kerajaan inggris ukraina maret,1
tulang sendi sedunia oktober tujuan faktanya,0
anies mengalami kecelakaan tol,1
profil mohammad yamin tokoh merumuskan ikrar sumpah pemuda,0
gabung pan verrell bramasta ubah stigma negatif politik,0
menjinakkan bocahbocah kosong arena politik,0
investor jepang tinjau pembangunan ikn progres terbarunya,0
mendikbudristek apresiasi program transformasi internasionalisasi usu,0
bandara kertajati majalengka hadiah jokowi provinsi syaringah indonesia,1
foto perancis kerusuhan menghadirkan perampokan super market bacon daging babi tersusun rapi raknya,1
dugaan penyebab keretakan jembatan kaca kampung warnawarni malang,0
megawati usir jokowi istana terkait ijazah palsu,1
safari kupang kaesang tampung usulan dana abadi pendidikan calon imam,0
partai pandu bangsa dukung prabowo pilpres,0
dana bantuan pemerintah rp ribu pelanggan setia telekomunikasi selular indonesia,1
bamsoet apresiasi pelaksanaan kejuaraan lomba tembak kasal cup,0
diganggu cedera mu bikin investigasi internal,0
shopee bagikan cashback senilai rp juta pengguna aplikasi shopee,1
bersepeda pakai masker makan korban jiwa denpasar,1
terlewat tonton keseruan babak final axis nation cup,0
penetapan program prioritas pembangunan tni panglima tni marsekal hadi tjahjanto,1
foto quick count situs tirto menangkan prabowo,1
kpk bikin anies gagal nyapres surya paloh ngamuk,1
pertemuan jokowi capres dinilai tepis serangan netral,0
pidato sumpah pemuda singkat penuh semangat,0
australia korbankan warganya perang melawan indonesia,1
respons cak imin yenny wahid dukung ganjarmahfud,0
ganjar keliling ponpes lombok bareng tgb nonton motogp mandalika,0
makna kalimat ikrar sumpah pemuda penjelasannya,0
koreakorea melentinglah,0
jam kerja denmark jam minggu,1
tebaktebakan lucu menghibur usia,0
pelatih persis solo dipecat akibat lepas sananta asian games,1
kantor pusat nasdem dibakar akibat surya paloh ingkar janji,1
kebiasaan buruk bikin usia biologis tua kronologis,0
smk mobil hybrid jokowi kasih mobil listrik wuling air ev,0
video protes muslim india,1
panen raya sukadiri tangerang angin segar kemarau,0
putusan mahkamah agung republik indonesia nomor phum pandemi covid,1
akun facebook wali kota payakumbuh riza falepi,1
pkb tunggu sikap pdip gibran semoga pilpres dinamis,0
nasib orang kewarganegaraan jerman,0
sumbernya din syamsudin presiden joko widodo menolak menemui ulama uzbekistan xinjiang cina,1
bendera golkar dicabut satpol pp karangasem dipasang,0
jokowi anak kandung sulami,1
penjelasan terkait beredarnya foto kartu emoney prabowosandi,0
buruh thailand korban serangan hamas israel,0
kesalahan penggunaan hp bikin boros baterai,0
tingkat pengangguran pemuda ri kemenko pmk dorong belajar wirausaha ehub,0
ronaldo didesak dihukum cambuk pemerintah iran membela,0
e ktp diproduksi china dipasang chip menyadap pembicaraan,1
burger diproduksi mcdonald s mengandung ammonia hydroxide,1
mendagri pecat pj gubernur dki jakarta,1
mahfud benarkan capres bertemu jokowi istana siang,0
kominfo pemanfaatan teknologi ai bikin pdb ri meroket rp triliun,0
pemilu australia pendukung masuk alasan habis,1
holding bumn danareksa bangun pengelolaan air limbah tanah ri,0
kourtney kardashian dilarang bercinta hamil keselamatan janin,0
contoh ceramah santri nasional kreatif inspiratif,0
sah chairuddin ketum pp pesti,0
rekomendasi street food area makassar jajanan kekiniantradisional,0
alibaba cs investor pesaing openai buatan china sumbang rp t,0
fakta seputar futsal sejarah bedanya sepakbola,0
papua aceh sejahtera timor leste gabung indonesia,1
vaksin covid fungsinya mengontrol manusia kesehatan,1
luhut memilih prabowo ideologi pancasila dirubah penghianat bangsa,1
penggunaan foto post tulisan pencak silat memeluk mencintainya,1
yenny wahid resmi cawapres anies baswedan,1
investigasi majalah tempo menyimpulkan penolakan israel sikap resmi pemerintahan ri pssi,1
video pemuda pemudi terkena sindrom tiktok,1
video genderang perang tabuh tni siaga tempur lawan malaysia,1
kebijakan pnbp kemenkeu fokus lingkungan layanan,0
atlet karate berjilbab dilarang bertanding kompetisi karate sejatim,1
perayaan kemenangan maroko,1
waka mpr ajak masyarakat bangun kesadaran pola hidup sehat,0
hamza dalj aljazair hacker membantu palestina dihukum mati,1
lowongan kerja lulusan smasmk satpol pp surabaya,1
sederet menteriwamen dampingi prabowogibran kpu daftarnya,0
pencapaian medali emas indonesia asian games oke nggak,0
kabar gembira menag fachrul razi tarik ucapannya ibadah haji dilaksanakan syaratnya,1
tips bangun kebiasaan membaca keluarga ala mendikbud nadiem dee lestari,0
viral malam rocky gerung kena azab rumahnya bakar beserta isinya lenyap tersisa,1
pasang baliho gibran ketua dpac pkb muntilan magelang dipecat,0
bukti anis bas edan anggota isis syekh yusuf alqaradhawi pimpinan isis,1
dkpp periksa anggota kpu pangkep hasanuddin kuna diduga kader parpol,0
habib pilih musik nya gad elbaz lagu yahudi hashem melech,1
festival pustaka sastra tokopedia bantu perkuat perlindungan hki penulis,0
tepung sagu ketahui kandungan manfaatnya kesehatan,0
ketus romario rumor ancelotti latih brasil,0
dinding tebal perabotan bikin sinyal wifi jelek jawabannya,0
hakim mk manahan bantah dilobi anwar usman setuju ubah syarat cawapres,0
raja charles iii proklamasikan donald trump presiden amerika sah pilpres amerika,1
teknologi gambar tv sharp aquos xled nyata,0
jakarta dicoret kalender balap formula e,0
gerindra sulsel lirik amran sulaiman ketua tim kampanye prabowogibran,0
calon laris mobil listrik rp jutaan dipesan,0
import kondom bekas,1
pesan erick thohir ajak anak muda biar nggak mager,0
indonesia lolos semifinal aff u,1
andre rosiade apresiasi makan siang jokowi capres dirutinkan,0
pemain ligue prancis lakukan aksi teatrikal sindir penggunaan gas air mata tragedi kanjuruhan,1
sepakbola ajarkan ancelotti jalin hubungan antarmanusia,0
hidup capekcapeknya eh museum patah hati bandung,0
who merencanakan modifikasi genetik manusia vaksinasi,1
mobil listrik murah wuling e dijual indonesia,1
kppu usut pinjol kartel bunga utang afpi buka suara,0
pengakuan fadil jaidi si mager persiapan full marathon,0
suara uang tunai atm suara palsu dihasilkan speaker,1
ide kegiatan memperingati sumpah pemuda seru bermakna,0
mahasiswa indonesia gelar konvoi mendukung anies baswedan,1
hasto bicara kartu truf nusron ungkit ppp ganti ketum dukung ganjar,0
promo iklan kacamata ray ban instagram,1
whatsapp hadiah natal paket internet gratis gb,1
rumah ahok sasaran pembakaran warga plumpang,1
samsung pamer kamera galaxy s ultra bikin iphone pro max ketarketir,0
sabam sirait meninggal dunia april,1
kpu surat suara dicetak november,0
bupati bandung dorong produk pertanian tembus pasar malaysiasingapura,0
g mengganggu keamanan penerbangan berbahaya kesehatan manusia,1
tegak lurus jokowi bikin relawan bobby nasution pdip,0
foto keluarga ceo biontech,1
gaya thariq halilintar perdana pamer foto bareng aaliyah massaid go publik,0
mantan komisioner kpu wahyu setiawan keturunan pki,1
garmin venu vivoactive indonesia harganya,0
warga ngungsi akibat kebakaran tpa rawa kucing tangerang,0
survei lsj responden jokowi endorse prabowogibran,0
makanan merusak ginjal dikonsumsi,0
foto mahfud md mengaku ashraf nikahi bcl,1
pemprov dki jakarta beberkan strategi kendalikan sampah,0
chemtrail gempur jakarta februari malam,1
gejala skoliosis ringan mengatasinya,0
buktinya prabowo cucu pki,1
pesan larangan kendaraan plat ad solo jogja,1
sir jim ratcliffe fans kelas pemilik mu,0
putus travis kelce sang mantan psikolog,0
narkoba china tiang pancang proyek infrastruktur,1
badai menghancurkan israel,1
cacing hidup sarden living worm in sardine,1
surat edaran walikota palembang virus corona,1
foto anak rohingya disiksa komunis,1
ribuan penggemar moge hadiri jambore nasional ii mbi bandung,0
pesta homo seksual italia covid mewabah,1
golkar klaim persiapkan khofifah perkuat tkn prabowogibran jatim,0
inovasi indonesia pengingat budaya inovatif,0
gak muka anies bar bar bongkar dana korup lakukan pdp,1
kucing berusia setara umur manusia,1
daftar tanggal oktober,0
jokowi resmi ahok plt gubernur dki jakarta,1
heru budi bongkar korupsi anies media,1
diet turunkan berat badan kg,0
cerita hilangnya gitar milik gitaris mocca eross sheila on,0
kemenhub gelar raker angkutan perintis wilayah t,0
kpu kota bandung targetkan persen partisipan pemilu,0
transformasi digital hutama karya sukses kebut konstruksidiakui dunia,0
mobil sedan murah harga pas rp juta,0
mahfud resmi dampingi anies pilpres restu jokowi,1
foto jokowi bvngkm pdip buktikan nya periode,1
cerita irmandy mahasiswa mit ri karya raksasa gurun amerika,0
harga xiaomi redmi buds terbaru spesifikasi,0
ngabalin pertemuan jokowi capres,0
bos napoli senang lihat kinerja rudi garcia dipecat,0
pengurus imi bantah korban jiwa kecelakaan reli mobil aprc,1
isu reshuffle pekan anggukan jokowi posting ahy pertanian,0
foto bayi selamat kecelakaan pesawat sriwijaya,1
foto detikdetik polisi maritim swiss menemukan eril kamil sungai aare swiss,1
video gibran marah obrak abrik rumah cak nun,1
surat utang ridwan kamil,1
aqeela calista obati kangen syuting,0
gambar mark zuckerberg membawa plakat bertuliskan i stand with israel,1
hasto kartu truf ketum parpol dipegang terkait pencalonan gibran,0
bermain hp kompor menyebabkan kompor meledak,1
hewan percobaan vaksin covid terbukti mati suntik vaksin,1
senapan mematikan korban tewas penembakan massal as,0
pesepakbola christian eriksen terkena serangan jantung divaksin,1
alasan tangisan giannantonio mandalika,0
bangunkan saudaramu rakyattahukaliancurang,1
stafsus jokowi dengarkan harapan anies ganjar prabowo,0
pinjol legal berizin ojk terbaru oktober ciricirinya,0
potret reka ulang bentuk wajah mumi firaun ramses ii,1
projo ntb prabowogibran kpu anak kandung jokowi,0
mantan presiden ri nobatkan pemilik iq tertinggi sejarah manusia sia siakan bangsa indonesia,1
kerabat kepala daerah nyaleg dapil dprd sulsel modal basis suara,0
suramadu macet total sambut anies baswedan,1
jembatan kaca bromo diresmikan november diuji kelayakan,0
bantuan sosial rp juta rupiah juta masyarakat,1
nih bikin covid si jagoan wall street rockefeller foundation,1
pertemuan jokowi prabowo setingan,1
anies baswedan karma perilakunya,1
sri sultan hamengku buwono x cina keturunannya pemimpin bumi nusantara fakta sejarah tionghoa satusatunya penghianat nkri,1
ricky harunzaskia sungkar akui kesegaran le minerale,0
bioskop palangka raya buka persebaran covid,1
harun masiku tertangkap pukat ugm ungkit penangkapan nazarudin,0
terlibat kudeta presiden dijemput paksa anies babak belur,1
kapolda jateng okp cipayung plus deklarasi rumah kebangsaan sejateng,0
contoh skd cpns kategori twk lengkap pembahasannya,0
foto berwarna pesawat ruang angkasa china zhurong mendarat mars,1
foto satelit ratusan kendaraan militer israel dekati gaza,0
dilaporkan renovasi rumdis wabup tanjabbar hairan gorengan politik,0
video kondisi gibran berita terbaru iniistana banjir tangisvirus menggrogoti tubuhnya beginiviral news jkw,1
chicco jerikho nggak malas kebiasaan hidup sehat,0
tangkapan layar grup wa pendukung,1
dunia setujui vaksin nusantara,1
maruf amin santri terdepan bangun ekonomi nasional,0
menari trampolin olahraga digandrungi emakemak bandung,0
ngasih tip housekeeping hotel minimal segini kisarannya,0
indonesia bergabung aliansi strategis militer islam sunni dianggap merapat komunis china,1
kib kir deklarasi prabowo ganjar,1
respons jokowi baliho ganjarmahfud dicopoti kunker bali,0
mahfud md tuntut miliar mk akibat penundaan pemilu,1
tokoh terkenal jatim didambakan demokrat dukung prabowogibran,0
keberatan angkut pesumo maskapai gercep cari pesawat tambahan,0
ancam jebloskan kepenjara jokowi gibran turun tangan hadapi amien rais,1
relawan pagi resmikan posko pede prabowogibran menang putaran,0
lampu putih cahayanya bedabeda penjelasannya,0
din syamsuddin haqqul warga muhammadiyah dukung aniescak imin,0
menkes luncurkan corporate university program nih,0
adobe kenalkan gaun digital dilengkapi ai,0
vaksin astrazeneca pfizer moderna berafiliasi bluetooth kecuali sinovac,1
cak imin kuasai persen suara jatim,0
pemblokiran jalan wko jelang putusan mk,1
raib catatan tangan imam bonjol muncul payakumbuh,0
takbier bir kontroversi diproduksi arab saudi,1
lowongan kerja pln wilayah denpasar oktober,1
mengupas canggih teknologi generative ai,0
minggu kedepan padang hati hati waspada gempa sr,1
klarifikasi ridwan kamil terkait tudingan bermain kaki,0
padel tennis olahraga bulebule bali diminati,0
tjahjo kumolo meninggal vaksin covid,1
menpora tanda tangan mou olahraga arab saudi,0
lirik lagu nusa bangsa maknanya,0
relawan anak muda sultra deklarasi dukung gibran cawapres,0
panik terinfeksi covid varian omicron sembuh mengonsumsi paracetamol mg vitamin c mg vitamin d iu,1
diteriakkan nama prabowo,0
uym prabowo cocok menhan coba menjabat ketua rt,1
dukung industri kreatif pameran audio visual lighting digelar ri,0
anwar usman bantah lobi hakim mk terkait putusan batas usia cawapres,0
video jokowi akui gagal presiden serahkan jabatan presiden prabowo,1
contoh amanat pembina upacara peringatan sumpah pemuda,0
zulhas kalinya indonesia diundang pertemuan mendag g,0
aktivis rahmat pulungan kehadiran gibran ijtihad politik jokowi,0
surat donasi ibadah pemkab gresik,1
sejarah makna peristiwa sumpah pemuda oktober,0
marc marquez bandara internasional sultan hasanuddin kediaman daeng naba tukang urut,1
momen ganjar makan malam bareng warga desa karangpucung purbalingga,0
awan berbentuk topi gunung rinjani berdampak gempa,1
rudy hartono meninggal dunia,1
politisi golkar jokowi arahan parpol periode,0
pameran seni imersif imagispace hadir indonesia design district pik,0
lowongan kerja pt astra international tbk,1
iriana unjuk jempol goyang gibran cawapres prabowo,0
pemimpin masyarakat adat asli amerika dikorbankan persembahan epidemi,1
lukas enembe seret sby ketum demokrat,1
nasa bangun pemukiman beli rumah,0
mobil dinas presiden harga berkisar m dibeli pandemi copid,1
mahfud md tanggapi putusan mkwacana hak angket dpr diskusi makassar,0
video suporter timnas indonesia sea games,1
sang anak kecewa mahfud md batal cawapres,0
kekuatan aniesganjarprabowo putusan mk versi survei,0
diphk pesangon cair menuntutnya,0
pos sedunia oktober sejarah tema link twibbon,0
surya paloh apresiasi pertemuan jokowi anies ganjar prabowo,0
terciduk diduga oknum bais tni provokasi massa aksi mei menyudutkan polri,1
penanganan stunting sampah prioritas penganggaran jabar,0
rumah pribadi jakarta utara persembunyian tka ilegal,1
sakit bengkak area lutut dipicu asam urat,0
asn pemkot medan pakai baju kasual selasa november,0
sby telepon moeldoko suruh jokowi akui kekalahan,1
ridwan kamil kerahkan warga jabar menangkan anies pilpres,1
pencemaran udara pengertian penyebab dampak contohnya,0
menu diet sehat bernutrisi tubuh dada ayam,0
embung sanur dibuka jogging wisata,0
teknologi deepfake bikin jokowi fasih mandarin,0
telegram membagikan voucher pulsa gratis pengguna senilai rp ribu,1
israel tembakkan senjata iron sting lokasi hamas,0
jokowi stres gibran dihukum mati,1
pertandingan liga psis semarang vs persebaya diselenggarakan penonton,1
xiaomi alibaba tanam modal startup pengembang saingan chatgpt asli china,0
ribuan warga baduy bergerak ibukota,1
video hakim jaksa terkejut arab saudi mui pasang badan bebaskan habib rizieq jeruji besi,1
jerman menghentikan vaksin covid,1
kpu anulir keputusan peserta pemilu,1
satpol pp jembrana ultimatum parpol turunkan baliho liar,0
detik detik adian napitulu permalukan sby live tv nasional,1
video badak terlepas jalanan kerusuhan prancis,1
teknologi ai canggih sisi gelapnya,0
subaru kenalkan pesawat tanda serius dunia aviasi,0
kitab kuning definisi asalusul isi dipelajari santri,0
rio rizki peraih medali emas termuda asian games,0
china lakukan uji coba vaksin indonesia kekurangan monyet,1
pemkab bandung barat siapkan rp m pemilu,0
dahsyatnya fitnah corona ketakutan elit global kebangkitan umat islam,1
surat edaran kementerian koordinator perekonomian republik indonesia sponsorship penerbitan buku,1
kim kardashian rilis bra berputing alasannya auto diolokolok netizen,0
pengusaha parepare keluhkan omzet turun imbas listrik padam,0
sosok penyemangat nunung cepat pulih kanker payudara,0
wapres maruf kunker papua groundbreaking masjidrs makassar,0
tutorial kuota gratis gb program covid,1
membedah visimisi pariwisata ekonomi kreatif pasangan ganjarmahfud,0
pria bule hadir debat pilpres perdana konsultan politik prabowo sandi,1
gisella anastasia gading marteen resmi rujuk,1
tanggal oktober memperingati osteoporosis,0
daftar visi misi program kerja ekonomi aniescak imin,0
sengitnya berebut juara hadiah ratusan juta axis nation cup,0
oppo find n flip desain elegan ketahanan lipatan,0
makanan sperma encer bapakbapak wajib coba,0
mengenal pantai sorake surga selancar kelas dunia pulau nias,0
ruang khusus dewa kuil romawi kuno ditemukan italia,0
bro presiden indonesia bro,1
trias politica pembagian kekuasaan pemerintahan,0
motor suzuki meluncur indonesia pekan,0
foto wanita mengenakan kaos berisi tulisan umpatan anies,1
produk kebahasaan kesastraan kbi xii kbbi daring vi,0
kamis besok fpipa demo dpr ri stok makanan rumah menipis lumayan nasi bungkus,1
oppo find n smartphone foldable diproduksi indonesia,0
menpora dito bulutangkis gagal asian games,0
undian resmi whatsapp rp juta,1
video berita viral yusril gandeng hotman paris bikin sby ahy tertolong berita terbaru,1
bencana kelaparan yahukimo menko muhadjir terbang papua,0
kpu sulsel cetak surat suara pemilu sebarannya,0
mk mahkamah keluarga anwar usman keluarga bangsa indonesia,0
kpu panik data bpn tni pks ipb itb memenangkan,1
faktor prabowogibran unggul jatim versi survei arci,0
inovasi kain ramah lingkungan koleksi desainer apr jfw,0
besok indonesia pemuda hebat pevita pearce joe taslim greysia polii,0
gelar forum tgif taspen genjot kepatuhanmanajemen risiko perusahaan,0
kemenkeu kis lansia besutan gibran program,0
perguruan teken kerja praktisi mengajar angkatan,0
perketat pengawasan perairan kkp amankan kapal,0
klarifikasi dinkes terkait informasi ramuan minyak tanah mengobati penyakit asam urat kolesterol tekanan darah,0
burung surakav surakav bird,1
mitratel kantongi laba bersih rp t kuartal iii,0
khofifah sematkan satya lencana sukarelawan donor darah pmi jatim,0
jokowi pembagunan km jalan desa pengusaha china,0
kim cerdas tarumajaya bandung sabet penghargaan tingkat nasional,0
modus pencurian menyemprot bius helm pengendara roda,1
jargon santri tema kreatif seru,0
pan demokrat menangkan anies pilpres,1
burung elang hidup,1
projo relasi kuasa hegemoni jokowi,0
ketua golkar jatim prabowogibran menang pilpres bertanding,0
jelang tayang perdana film tokusatsu bardion rilis trailer utama,0
akun telegram pt kresna graha investama tbk menawarkan skema investasi kontrak harian mingguan,1
ahok gantikan ma ruf amin,1
diskominfo garut materi bijak bermedsos ukm jurnalistik staim,0
kondisi masjid diserang polisi brimob,1
video ganjar ahok tersangka pencucian uang triliun modal kampanye capres,1
sanksi denda etilang mencapai juta,1
motor listrik termurah imos rp juta,0
pdip bubar,1
jokowi pimpin periode,1
catat ancaman pidana dc kartu kredit menagih meneror,0
imbauan djp pati perihal pembayaran pajak virtual rekening pribadi,1
foto kepanikan fira un jaman now,1
pertamina grand prix of indonesia torehkan prestasi indonesia,0
heru budi hadiri panen raya ton cabai sejakarta timur,0
phk besarbesaran bca,1
najwa shihab ziarah makam kakek putri ariani,1
lowongan kerja pt angkasa pura ii persero posisi,1
masinton pdip gibran disanksi tertutup,0
itb perpanjang pendaftaran calon tenaga kependidikan oktober,0
bocoran luhut kereta cepat nyambung surabaya digarap china bunganya murah,0
kpk sita puluhan mobil mewah moge milik sri mulyani,1
mega usung gibranganjar,1
safari politik ntt kaesang disuguhkan sirihpinang,0
formula e disiarkan tv nasional,1
instruksi gubernur jateng penilangan yg bermasker muka rp etilang via apps pikobar,1
tnipolri bunuh wanita kabupaten puncak papua ilaga,1
filosofi jihad santri jayakan negeri tema santri nasional,0
contoh skd cpns lengkap twk tiu tkp beserta jawabannya,0
tanjung lesung sukses gelar lomba mancing tuna diserbu mancing mania,0
meme bj habibie lawan berat prabowo jokowi tp kecurangan,1
terungkap tokoh backingan penembakan habib bahar bin smith,1
conte pelatih siapsiap kesulitan comeback,0
rusia korea utara membela indonesia,1
gibran secepatnya bicarakan kta pdip fx rudy,0
jokowi bank dana nasabah proyek,1
video obat covid ditemukan disebarkan indonesia,1
usia suka kebutkebutan capirossi takut anak main motor,0
tawaran kerja sampingan,1
anies singkatan amin hasil konsultan ketemunya langit,0
bangganya berani memakai seragam militernya,1
obral murah batu bara ri china rpton,1
selamat tka china sebarkan virus corona tergagapcorona,1
kisah pendiri toyota bikin mobil dulunya pelajari jeroan chevrolet,0
facebook menghapus status presiden terpilih akun facebook joe biden,1
baliho ganjarmahfud dicopot ppp bali aparat pemerintah hatihati menertibkan,0
nama senjata tradisional indonesia beserta asalnya lengkap,0
susah tidur pagi mengatasinya dok,0
tips curi olahraga pekerja kantoran,0
terbawah lolos parlemen demokrat duga dampak pindah koalisi,0
bergelar fx memimpin solo,1
anissa pohan grebek ahy wanita,1
harap wisata disneyland ikn,0
tuduh gibran kaesang korupsi rizal ramli amin rais terancam diproses hukum,1
judi bola menjerat pemain muda italia,0
anies baswedan ajak masyarakat tolak timnas argentina pemain dibujuk latihan,1
batu an karya seni gabion terumbu karang yg dilindungi uu,1
prosedur pasang ring jantung dijalani hotman paris imbas penyumbatan pembuluh darah,0
pesan sultan jogja lurah kampanye,0
gibran bantah hasto emangnya kuning nggak,0
korban pencabulan guru sd langkat bertambah murid lakilaki,0
jelang tes kesehatan mahfud batuk pidato,0
demiindonesia menlu retno ajak rawat persatuan kesatuan,0
mansion sports entertainment group eksis bidang sportaiment,0
bocoran luhut kereta cepat nyambung surabaya digarap china,0
apple perkenalkan chipset terbaru m m pro m max,0
anies kepercayaan warga depok insyaallah jabar tangan,0
fifa jatuhkan sanksi pssi pemalsuan dokumen stadion jis,1
foto santa claus salat berjamaah,1
hamas rusak gereja tendang patung yesus gaza,1
indoxxi lk bahaya link nonton film bebas malware pencuri data,0
kondisi enuh nugraha bandung belasan,0
cak imin orang bilang amin massa depok,0
emil dardak harap khofifah gabung tim kampanye prabowogibran,0
teks doa upacara sumpah pemuda resmi sesuai panduan kemenpora,0
video bukti aksi demo tolak uu cipta kerja aksi bayaran gerakan murni,1
jaringan terowongan tanah hamas jalur gaza,0
sandiaga serap aspirasi relawan seri dukung visi ganjarmahfud,0
penjualan emiten bus listrik bakrie suku cadang laris manis,0
test swab covid menyebabkan lapisan otak pecah pendarahan kematian kanada,1
mewaspadai praktik curang uang digital telu kpk,0
suntikan vaksin kosong indonesia,1
pemerintah kanada warga kanada,1
golkar lobi khofifah gabung tkn prabowogibran,0
kader golkar bergerak menangkan prabowogibran,0
visi prabowogibran indonesia maju indonesia emas,0
aplikasi dana buatan china memiliki nama asli alipay,1
perawatan jembatan kaca kampung warnawarni ditanggung warga,0
penghormatan mantan pm china li keqiang,0
prestasi sektor keuangan stabil kekacauan global,0
dito ariotedjo bantah terima rp m amankan perkara bts,0
video konspirasi ricuhnya papua diduga ulah australia kuasai papua indonesia,1
beda yahudi israel zionis simak penjelasannya keliru,0
wabah flu spanyol penyebabnya virus gejala pneumonia bakteri akibat wajib masker,1
sarjana badai phk pengangguran terdidik,0
tips self healing bikin nguras kantong ala tokopedia,0
pembukaan stqh nasional jambi menag yaqut kampayekan pemilu damai,0
rangkap jabatan menteri anggota dpr puan khan gajinya dobel,1
kemenpanrb terlibat acara seminar nasional pengadaan tes cpns,0
gunung merapi kubur desa brutal april,1
elite pdip kritik baliho ganjarmahfud dicopot sindir bawahan cari muka,0
hasto golkar tekanan dukung gibran cawapres,0
tugas tppk cegah tangani kekerasan sekolah,0
gambar jokowi wakaf,1
gempar pelaku habisi anies ditangkap pelaku akui dibayar diperintah habisi nyawa anies,1
lokapala game esport bikinan indonesia masuk cabor pon,0
jokowi insentif kartu pra kerja gaji pengangguran,1
sandro tonali resmi dihukum akibat judi bola,0
disandera hamas wanita israel marahmarah netanyahu,0
video mei jokowi resmi risma gantikan anies,1
meme jokowi toast wine,1
gibran batal hadir gerindra klaim jalan sehat makassar diikuti orang,0
kejurnas gymnastics selesai dki jakarta juara,0
wanita bandung idap skoliosis derajat diterapi kretekkretek,0
masinton pdip jokowi sayang bu mega nggak,0
huawei mate pro laris juta unit bunuh iphone,0
ketum demokrat ribuan relawan beralih dukung ganjar pranowo,1
geger ganjar usir paksa ppp perlawanan mengerikan pilih dukungan anies,1
kaesang pangarep tolak tawaran partai demokrat,1
jimly image mk terpuruk kayak pendiri tega,0
pramuka dajjal,1
pemerintah pemprov dki habiskan rp miliar bayar buzzer bikin hoaks,1
rajai imag tim kickboxing dki bertekad taklukkan pon,0
fitur samsung super smart tv plus ganti tv analog,0
asosiasi pengertian bentuk ciriciri contohnya,0
menag madrasah gagah hadapi perkembangan zaman,0
ganjar bingung balihonya dicopot melanggar,0
video detik jatuhnya pesawat lion air,1
mensesneg pratikno hadiri penutupan dies natalis fisipol ugm,0
mahasiswa capek bangun tidur hatihati penyebabnya,0
mobil mungil suzuki pajaknya rp ribuantahun,0
video pemain argentina merayakan kemenangan bersholawat,1
faldo isu periode dengar ketegangan internal elite pdip,0
nyalakan ac buka kaca masuk mobil sebabkan kanker,1
teten pengusaha lindungi umkm indonesia tiongkok,0
korban virus corona,1
foto cuitan presiden tertukar,1
bmkg alat pendeteksi tsunami selat sunda hilang,0
tanda status gibran pdip cawapres prabowo,0
tangkapan layar ahox dicopot erik tohir kepentingan cina mohon dipahami,1
jokowi siapkan perang melawan rakyat melayu,1
cek saldo rekening bank bri registrasi hp kk nik,1
julio iglesias meninggal covid,1
kisah anak pewaris saham red bull tajir melintir,0
mengenal jalur gaza perbedaannya tepi barat palestina,0
ambyaar pemilik kg sabu dipetamburan anggota fpi,1
ganjar banjiri teriakan anies presiden blusukan,1
project silica microsoft simpan data kaca,0
luhut mahfud divaksin alasan usia,1
lowongan kerja pt ags waskita karya biaya,1
yenny wahid dukung ganjar nusron prabowo presiden gus dur,0
covid akronim certification of vaccination identification penanaman barcode implan wuhan,1
modal rp miliar aplikasi bahasa teknologi ai perluas pasar ri,0
erick thohir cawapres potensial milenial jambi kinerja terbukti,0
baanjung petani sanipah kutai kartanegara menolak punah,0
cnn indonesia airlangga pimpin mengajak relawan kib maju menangkan anieskhofifah,1
tv mnc grup adzan maghrib diganti iklan,1
alasan wapres maruf amin betah berkantor papua,0
catat jelang pildun u kawasan stadion manahan steril oktober,0
dugaan kartel bunga pinjol berlanjut penyelidikan kppu,0
el shaarawy menangis bobol gawang monza akibat dituduh berjudi,0
atlet jetski aqsa aswar tanding tinju banting setir,0
profil r katjasungkana tokoh sumpah pemuda pamekasan madura,0
jutaan umat menangkan anies baswedan,1
am hendropriyono meninggal singapura,1
video lockdown spanyol,1
sederet tantangan industri baja kejar target ri negara maju,0
kazan rusia pemain sepak bola supporternya sholat isya berjamaah,1
pandemi bikin desa tenganan serasa zaman,0
jokowi sdh berkunjung christchurch,1
kutipan marcus aurelius opini perspektif,1
fuso rilis truk bongsor terbaru meter fitur anti blind spot,0
ridwan kamil resmi cawapres prabowo,1
kinerja bisnis solid bank bjb bukukan laba rp t triwulan iii,0
foto lionel messi memegang seragam pdip,1
festival berkatakata m bloc space,0
oligarki kejang istana diam kecolongan mahfud md dukung anies,1
akun instagram bank bpd bali mengadakan undian berhadiah,1
ribuan masyarakat sambut anies baswedan muhaimin iskandar sumatra,1
kantor jeff bezos jeff besoz office in,1
link download logo sumpah pemuda beserta bentuk visualnya,0
pengelolaan sampah bekasi dinilai butuh penanganan serius,0
minum kopi x sehari menangkal covid,1
pemuda politik era akselerasi,0
fa serukan penggunaan wasit robot inggris,0
biang kerok serangan jantung dialami usia muda,0
gibran maju cawapres bem uns nasib sanitasi kampung gilingan,0
tema logo sumpah pemuda beserta link downloadnya,0
luhut loyalitas jokowi luntur,0
rutin gelar nobar sepakbola segini biaya dikeluarkan pemkot solo,0
pembalap motogp jorge lorenzo selebrasi berenang danau sirkuit mandalika,1
kader partai nasional demokrat mengundurkan deklarasi anies baswedan,1
gempuran toko online bikin hasan menyerah jual buku palasari,0
poster launching pusat poligami pks cikarang utara,1
gambar sampul majalah hidayah azab penghoetang,1
hadirkan iphone telkomsel rilis esim,0
erdogan akui kemenangan jokowi,1
ajakan yg menarik ide menarik banget kwik kian gie,1
pengertian sparing manfaatnya mengukur kemampuan atlet,0
asn wajib berbenah bikin pelayanan kelas dunia,0
video black market italia menyerah,1
gambar praktis dicoba pengganti tabung oksigen,1
klarifikasi bppt terkait isu potensi tsunami meter pandeglang,0
sby mendukung kerja pemerintah jokowi,1
gaza neraka stalingrad israel,0
hepatitis misterius disebabkan vaksin covid,1
triathlon indonesia cari ketum,0
jurus duta bahasa nasional ui bantu literasi digital umkm,0
kota kupang gelar kejuaraan atletik pelajar,0
video wawancara bill gates membicarakan pencurian ide sistem teknologi microsoft,1
prabowogibran asta cita isi lengkapnya,0
perbedaan yahudi israel zionis pahami salah,0
samsung kerja terbaik dunia versi forbes,0
sandro tonali disanksi gegara judi,0
putuskan sistem pemilu tertutup anies perintahkan mahkamah konstitusi dibubarkan,1
pangling banget ivan gunawan sukses pangkas bb kg intip resepnya,0
sederet permasalahan industri game esports indonesia salah satunya birokrasi,0
vivo ve rilis indonesia bocoran spek fiturnya,0
indonesia datangkan sistem pertahanan aster kota,1
klub sepak bola kali ditayangkan televisi pertandingan arsenal vs everton,1
gambar munarman berjalan tongkat ditembak aparat kepolisian,1
sertifikat vaksin syarat pengisian bbm spbu wilayah trumon raya aceh selatan,1
ganjar hormati keputusan jokowi mas gibran,0
bor sumur air tanah wajib izin kementerian esdm,0
tautan subsidi kuota internet pulsa kemendikbud,1
rscm praktekkan penyedotan plug sumbatan venasaluran darah,1
dasar jokodok tukang tipu goblok nya ebong percaya,1
pose jari l pln,1
fakta peringatan pos sedunia oktober,0
tangisan pilu fabio diggia motogp mandalika,0
terowongan rahasia gaza bikin israel ketarketir,0
perang jenderal capres,0
anies solusi banjir jakarta gubernur allah swt mintalah hujan,1
beredar namanama menteri pejabat setingkat menteri kabinet jilid ii diputuskan jokowi ma ruf istana bogor,1
video kampanye capres bahasa mandarin,1
waspada indikasi nyata pki bangkit,1
macbook pro m diklaim ngebut chip intel harganya,0
kualitas individu inggris bagus italia,0
vaksin booster covid menyebabkan aids,1
foto kakek tua menggendong kucing korban serangan rusia ukraina,1
akad ruang tamu pekan kebudayaan nasional,0
contoh percakapan bahasa batak singkat,0
toyota mobil listrik bagus,0
heru budi enggan kampung bayam berpolemik janji,0
joe biden as fokus kembangkan ai,0
eksekusi mati ferdy sambo malam,1
dukung prabowogibran bahlil lahadalia pidato cawapres u,0
restoran gaib pulau laki klik tetep gak,1
anies resmi dicopot,1
cina landa virus coronaallah hadiah kpd umat muslim cina terbukanya mesjid daratan cina,1
fasilitas rs wirasakti lengkap pangdam udayana resmikan ruangan,0
abdur ferry irwandi presiden gen z singgung judi slot diskriminasi,0
video eric tohir terbuka chip vaksin covid,1
wizstren mudahkan umat bayar zakat donasi hp,0
baju desain smkn batu ramaikan jmfw oktober wujudnya,0
lihat langsung kawasaki ninja hybrid setara moge seirit motor cc,0
gaikindo bikin giias japan mobility show,0
doa jutaan umat santri anies baswedan presiden,1
catat pemeriksaan kesehatan wajib setahun,0
ksad jenderal andika perkasa adu otot tentara amerika serikat,1
klarifikasi tvone terkait foto ustadz abdul somad direksi karyawan tvone akun twitter saididu,0
menhan prabowo target rampungkan titik sumber air,0
foto jokowi pakai kaos bertuliskan aica aibon,1
asian games boccia persembahkan emas ketujuh indonesia,0
foto mesut ozil menginjak bendera tiongkok,1
pria muda terkaya dunia pewaris saham red bull,0
vaksin pfizerbiontech menyebabkan radang otak,1
seniman bandung meniti karier internasional,0
logitech bikin experience store erajaya digital complex,0
pb pasi puji hydration partner jakarta marathon,0
zulhas pondok pesantren adaptif perkembangan dunia,0
gula jawa mengandung formalin,1
thailand gaet turis mancanegara sim card gratis,0
video didemo rakyat ketua wakil rakyat emaknya ngga berani mongol goyang corona,1
sandiaga uno bongkar sifat buruk anies,1
ganjar ajak mahasiswa terjun politik bicara etikamoral,0
ancaman vladimir putin fifa,1
heboh berkat bantuan mahfud md sri mulyani kejagung tetapkan paloh tersangka,1
anies janji perbaiki jalan sawangan depok menang pilpres,0
whatsapp kirim chat koneksi internet,1
pengakuan jusuf kalla perjuangan moral jokowi,1
gubernur provinsi papua meninggal dunia,1
video live tv ukraina diduga merekam orang mati tv terbunuh invasi,1
baliho anies presiden terpampang bus konvoi timnas,1
dokter israel membantu pasien corona china,1
anies gelar liem ay bon,1
bidah kenali hukum jenis contohnya,0
kebugaran jasmani pengertian manfaat contoh latihannya,0
pelatih timnas shin tae yong memutuskan tinggalkan indonesia meraih kemenangan,1
keliling jakarta jutaan jakmania tumpahkan dukungan anies baswedan,1
puan khawatir gibran rebut suara pdip jateng strategi,0
mahfud md resmi bubarkan ponpes al zaytun,1
truk listrik ngecasnya nih isuzu kasih solusi ganti baterai menit aja,0
ilmuwan jepang menemukan tembus pandang,1
anies negara milik rakyat indonesia keluarga,0
viral malam penyidik temukan dana miliar verakan ormas habisi jokowi,1
hadir istana gatot nurmantyo tolak bintang jasa jokowi,1
bantahan menpora dito terima duit pelicin amankan perkara bts kominfo,0
video tiktok waspada cuaca ekstrem desember,1
pemuda jatim menerima politik dinasti pilpres menolak,0
kelakar jubir anies tpn ganjar limpahkan sumbangan berlebih,0
prabowo menu makan siang jokowi bareng capres soto cumicumi,0
video nasbung reuni kadrun diludahin,1
daftar gaji karyawan fintechit skill bikin hrd auto terima,0
perusahaan farmasi moderna menciptakan virus corona,1
gibran membangkang pdip opsi mundur walkot solo,0
primadona bis surat kian hilang ditelan zaman,0
jokowi megawati dipenjara akibat ketahuan atur kpk kpu jegal anies baswedan,1
avanza hybrid diduga disiapkan gimana daihatsu xenia,0
panda mahfud kelemahan pemerintahan jokowi berantas korupsi,0
klub basket rans markas bogor,0
bola raksasa diarak surabaya sambut piala dunia u,0
pidato gibran bikin pendukung pede jelang debat vs mahfud cak imin,0
pose jari peace rentan duplikasi sidik jari,1
yk komputer membedakan nyata data tercatat,1
andre rosiade dukung erick thohir bidding piala dunia,0
tokoh jatim terkenal dukung prabowo pandemokrat singgung khofifah,0
vaksin covid sebabkan mandul,1
pesan video argentina is doing it retas ponsel,1
gereja ortodoks ukraina berafiliasi rusia dibakar mykolaiv ukraina,1
dr ir hj sri nurdiati dekan fmipa ipb rahasia imunitas tubuh,1
gerindra pastikan prabowogibran sehat jalani tes kesehatan rspad,0
surabaya nongkrong view lapangan bola,0
polda metro dalami foto pertemuan syl firli lapangan bulutangkis,0
link gb kuota gratis operator,1
