text,label
Gemuruh Suara Asteroid yang Sedang Melintas,1
Sinyal Internet Untuk Di Berhentikan Di Seluruh Indonesia,1
Minum Air Hangat 4 Kali Sehari Dapat Menyembuhkan Covid-19,1
"Penjualan iPhone 15 Merosot, Bos Apple 'Turun Gunung'",0
"Rp 7,4 Triliun PDB Indonesia Diperoleh dari Youtube",0
Melampaui Regulasi Ekonomi Digital,0
Tangkapan Layar Berita Media Daring Berjudul Presiden Jokowi Marah Karena Kualitas Tenaga Kerja RI Masih Rendah dengan Tambahan Narasi Ini adalah salah satu faktor kenapa kami melakukan impor TKA besar-besaran dari China,1
"Eksplorasi Terbaru Joko Avianto di Continuum, Seniman yang Lihai Garap Bambu",0
PDIP Tunggu Etika Politik Gibran Kembalikan KTA,0
Tulisan Mana teriakan Saya Pancasila mu? Oleh Dr Abdul Mu ti MEd,1
Jejak Rumah Kapiten Tan Jin Sing di Kampung Ketandan Jogja,0
"Pacari Taylor Swift, Travis Kelce Terpaksa Beli Rumah Seharga Rp 95 M",0
Foto Buaya Berenang Dalam Rumah yang Terendam Banjir Setelah Badai di Florida,1
Catat Nih! 5 Kiat Kelola Keuangan bagi Pasangan Muda ala Tokopedia,0
Istana Meresmikan Bahwa PKI Diperbolehkan di Indonesia,1
Kadiv Humas Polri Ingatkan Pentingnya Jaga Persatuan demi Pemilu Damai,0
Pesan Dari Jusuf Kalla,1
Toyota Buru-buru Berbenah Lihat Mobil China-Korea Lebih Atraktif,0
"Besok Hari Terakhir Job Fair di ITB, Para Pencari Kerja Yuk Merapat",0
Le Minerale Jadi Mitra Hidrasi Jakarta Marathon 2023,0
Bos Ducati soal Bagnaia vs Martin: Sama-sama Dibayar untuk Menang,0
Ini Wajah Hacker Perusak Server KPUD Jabar,1
Gerindra soal PDIP Anggap Gibran Pembangkang: Persoalan Internal,0
Jokowi Evaluasi Pj Kepala Daerah Tiap Hari: Begitu Miring-miring Saya Ganti,0
"Samsung Galaxy Tab A9 & A9 Plus Dirilis Global, Harganya Murah",0
Jabar Sepekan: Pencarian Enuh hingga Kematian Wanita di Tangan Kekasih,0
"Megawati : Jokowi Itu Idaman Seluruh Alam, Bahkan ALIEN Saja Mau Di Pimpin Oleh Beliau.",1
"Kominfo Minta Waspadai Hoax Editan AI, Contohkan Video Jokowi Bicara Mandarin",0
IKA Universitas Negeri Makassar Bakal Undang 3 Capres Diskusi soal Demokrasi,0
"Peneliti, analis laboratorium, tidak ada yang terkena corona, perawat sedikit menjadi korban",1
"6 Legenda Futsal Terbaik Dunia, Mana Idolamu?",0
Jokowi dan Sejumlah Menteri Berkumpul Tanpa Menggunakan Masker,1
Kriteria Kapten Timnas Anies-Cak Imin Versi PKB: Seperti Lionel Messi,0
Ulama Terbesar Madura Berbondong-bondong Deklarasi Anies-Muhaimin,1
Jawaban Gibran soal Disebut Elit PDIP sebagai Pembangkang,0
Kemenristekdikti Luruskan Wacana Dosen Impor,0
FIFA RESMI BERIKAN SANKSI BERAT KE TIMNAS ISRAEL,1
Telkomsel Pastikan Keandalan Jaringan 4G/LTE-5G Jelang MotoGP Mandalika,0
"Mau Coba Lari untuk Turunkan Berat Badan? Biar Nggak Gagal, Begini Pesan Dokter",0
"Penerbangan Space-X Cuma Editan, Buktinya, Masih Ada Manusia Duduk di Pinggiran Roket Saat Peluncuran Dimulai",1
"Xiami, Jualan HP Atau Komunisme",0
"Panglima Mutasi 36 Pati TNI, Wakasal dan Pangkogabwilhan I Diganti",0
"Miliarder Ini Kritik Produktivitas Anak Muda Rendah, Usul Kerja 70 Jam Seminggu",0
Pemkot Kirim Tim Teliti Keretakan Jembatan Kaca Kampung Warna-Warni Malang,0
Lakukan 5 Hal Ini untuk Tetap Sehat Saat Cuaca Panas,0
Video Warga Austria Menentang Lockdown,1
AHY SERANG JOKOWI KELAKUAN ISTRINYA BEGINI !!,1
Jalanan Lumpuh Total Akibat Relawan Dukung Anies dalam Debat Terbuka,1
Pemprov Bali Tetapkan Status Siaga Darurat Kekeringan Selama 14 Hari,0
Baliho Ganjar-Mahfud Dicopot Jelang Kunjungan Jokowi Atas Perintah Mahendra,0
Video Selamatkan Jasad Mereka #sriwijayaairsj182,1
5 Panita Pengawas Desa di Aceh Tamiang Dipecat karena Pose Dua Jari,0
"Jurus Lama Takedown Konten Hoax, Apakah Masih Ampuh?",0
"PDIP Tampakkan Wajah, di 2024 Duet Ganjar Ahok Diumumkan Ke Publik",1
Jalan Panjang Pertamina Luncurkan Avtur Ramah Lingkungan Demi Tekan Emisi,0
"19 Kampus Bidang Teknik Terbaik di Indonesia Versi THE WUR 2024, Siapa Nomor 1?",0
"Hotel di Prancis vs Kutu Busuk, Teknologi Tingkat Tinggi Dipasang",0
Pj Gubernur Sulsel Resmi Lantik Pj Walkot Parepare dan Pj Bupati Enrekang,0
Lomba Lari Ini Ajak Peserta Olahraga Sambil Menabung untuk Haji,0
Jokowi Tengah Memperhatikan Anies yang Sedang Membaca Buku,1
"Innalilahi, Ini Pesan Wasiat Irfan Hakim Kepada Istri Dan Anak-anaknya Sebelum Meningg4l Dunia.!!",1
AHOK AKAN BELAJAR KEBIJAKAN PUBLIK KENNEDY CENTER ATAU JOHN F.KENNEDY SCHOOL OF GOVERNMENT DI HARVARD UNIVERSITY,1
Liga Ayo Antarpelajar Digelar di 4 Kota,0
"Tiga Mahasiswa UI Manfaatkan Parafin untuk Panel Surya, Patut Dicontoh!",0
"Bakrie & Brothers Kantongi Laba Bersih Rp 123 Miliar, Ini Sumbernya",0
Riadi Saputra Jadi Pembawa Bendera Indonesia di Opening Asian Para Games 2023,0
SMS Kejutan TikTok Bonus Sebesar Rp45 Juta,1
"Review Kamera Nikon Zf, Desain Retro yang Serba Bisa",0
Kejahatan Hindu India Modi terhadap seorang wanita Muslim yang membawa daging,1
Klarifikasi Humas Pemprov NTB Terkait Kabar Gurbenur Zulkifliemansyah yang Disebut Mengucapkan Selamat kepada Prabowo Sandi,0
Klarifikasi PT Schroder Terkait Isu Memberikan Dana Kampanye Untuk Sandiaga Uno,0
Air Nanas Panas Bisa Membunuh Sel Kanker,1
INNALILLAH. ANIES BASWEDAN SEMPAT MENJENGUK BIMA ARYA. KELUARGA HANYA BISA HISTERIS,1
"5 Khutbah Jumat tentang Sumpah Pemuda, Bangkitkan Jiwa Persatuan",0
"11 SKPD Pemkot Makassar Rapor Merah Realisasi APBD, Pejabat Terancam Dicopot",0
Ma'ruf Amin: Aturan Landasi Papua sebagai Provinsi Olahraga Sedang Digodok,0
Jokowi Berpidato dengan Bahasa Mandarin Lebih Fasih daripada Bahasa Inggris,1
"ANIES POSITIF GAGAL NYAPRES, 120.000 KADER NASDEM INDRAMAYU, RAMAI-RAMAI TUNTUT INI",1
Pelintiran Konteks Foto Najwa & Tommy Soeharto,1
Perang di Ukraina Masuki Babak Baru Menjelang Musim Dingin,0
Anies Baswedan Setuju Berduet dengan Ganjar pada Pilpres 2024,1
Anies Baswedan Menandatangani Kontrak untuk Pimpin Jakarta dengan Syariat Islam,1
"Dukung Literasi Anak, Guru Dilatih Maksimalkan Buku Bacaan Bermutu",0
Foto SBY Dijemput Paksa Brimob Bersenjata Lengkap,1
Kebersamaan Pemimpin Depok dengan Robot Prabowo Jokowi (Wowi),1
Ditemukan sudah jadi es batu,1
Ahok Putra Terta*k Bangsa,1
Menerka Sikap PDIP soal Gibran Masih Kadernya Tapi Cawapres Prabowo,0
8 Perwakilan RI Menuju MIT untuk Bangun Ekosistem Inovasi Indonesia,0
Jokowi Ajak Negara-negara Teluk Arab Kembangkan Industri Halal,0
Demo di Hongkong karena menolak campur tangan fihak Negara China Komunis,1
Promosi komprehensif Tokopedia Dapatkan Data Intrnet 100GB tanpa Isi Ulang,1
Biden Menyatakan Bahwa Cina Merupakan Negara Unggul dan Tidak Tertandingi,1
"Tanda-tanda Usia Biologis Lebih Tua Ketimbang Kronologis, Wajah 'Boros' Juga Termasuk",0
Korban Radiasi HP,1
DIBAYAR KONTAN!!! ADZAB PENJUAL AGAMA DEMI HARTA. YUSUF MANSUR SUDAH TERBARING???,1
"Jogetin Rumor Stroke, Gerindra Jatim Tegaskan Prabowo Sehat dan Siap Tempur",0
"Praktis, Twinkl Sediakan Bahan Ajar Kurikulum Merdeka untuk Para Guru",0
PEMERINTAHAN JOKOWI TERPAPAR NEO KOMUNISME,1
Mengenal Jong Java dan Perannya dalam Sumpah Pemuda,0
"2,9 Juta Produk Sudah Bersertifikat Halal, Lampaui Target BPJPH di 2023",0
Misi 21/2030 adalah Agenda New World Order PBB,1
Jokowi Bertolak Kembali ke Tanah Air dari Riyadh,0
10 Contoh Sambutan Singkat dan Pidato Hari Santri Nasional 2023,0
"Johnny Plate Meluapkan Kesedihan di Pleidoi, Merasa Jadi Korban Politik",0
Nusron Bicara Anak Sukarno-Soeharto Tak Jadi Cawapres: Tak Punya Prestasi,0
Massa Mahasiswa di Jogja Coret Poster Jokowi-Gibran-Anwar Usman,0
"Dicalonkan Jadi Ketum PESTI, Awal Chairuddin Ingin Majukan Soft Tennis RI",0
Pekan Kebudayaan Nasional Hadir di 40 Titik Jabodetabek,0
3 Masjid di Jerman Terima Paket Ancaman Islamofobia,0
Bill Gates akan meluncurkan kapsul implan manusia untuk melawan Virus Corona,1
Foto Ahok Berseragam Pertamina,1
Lengkap! Pidato Perdana Gibran Rakabuming Sebagai Cawapres Prabowo,0
"waktu mandi jangan basahkan kepala dulu, basahkan bagian badan",1
KPU Sumbar Coret Nama Irman Gusman dari Daftar Calon DPD RI,0
Foto anak korban vaksinasi covid,1
Universitas Indonesia tidak terkait dengan kelompok Ikatan Keluarga Besar Universitas Indonesia,1
Tulisan ANIES TERLALU MURAH BUAT INDONESIA Oleh: Rhenald Kasali,1
"Bahaya Asap Rokok pada Tumbuh Kembang Anak, Bisa Pengaruhi Psikologis",0
ATAS PERINTAH LUHUT AMIEN RAIS AKHIRNYA DIJEMPUT PAKSA,1
Rockefeller Foundation Telah Rencanakan Skenario Pandemi Covid-19 Sejak 2010,1
"15 Ras Anjing Terbesar di Dunia, Tingginya Lebih dari 1 Meter",0
Foto Muslim New Delhi Yang Dibantai Akibat UU Kewarganegaraan India,1
Pj Gubernur Sulsel Akan Ajak Kemenpora Bahas Anggaran Khusus Mattoanging,0
"Prisma, Sihir Tak Tergantikan Disney dan Petro Vlahos yang Ubah Sinema",0
Sederet Tips dari Dosen UGM-UMY buat Anak Muda Jelang Pemilu 2024,0
"TPD Ganjar-Mahfud di Tana Toraja Terbentuk, Komitmen Dulang 70% Suara",0
"Jokowi Bertemu 3 Capres, Cak Imin: Kesimpulannya Presiden-Aparatur Netral",0
DANA 12 MILIAR UNTUK SYARAT AHY MENJADI CAWAPRES ANIES,1
Kejanggalan Tabiat dan Misteri Kematian Wanita di Lembah Cisolok,0
Pesan Giveaway dari Kedas Beauty,1
"Viral Lulusan ITB Menggelandang di Jalanan Demak, Disebut Depresi gegara Cinta",0
"Asian Para Games 2023: Emas Indonesia Bertambah, Kini Persembahan Judo",0
Messi Berikan Jersey untuk Presiden Jokowi Sebagai Permohonan Maaf Tidak Jadi ke Indonesia.,1
"Foto Miliarder Tiongkok, He Shihua memaksa pelatih untuk memainkannya di lapangan",1
Saleh Daulay Sebut Isu Presiden 3 Periode Tak Sehat-Diskreditkan Jokowi,0
Ketua KPUD Bekasi Meninggal Dunia,1
Asian Games 2023 Resmi Ditutup,0
Tukul Arwana Meninggal Dunia,1
Reaksi Gibran Saat Status di PDIP De Facto Dinyatakan Berakhir,0
Pesan Berantai Sinyal Internet Dihentikan pada Pukul 18.00-20.00 dan Semua Aktifitas HP dipantau,1
"Spanduk Petruk Marak di Solo-Semarang, Begini Analisis Pakar UGM",0
"Biar Damai, Kominfo Kaji Penggunaan Teknologi AI Untuk Pemilu 2024",0
Hobi Ngoprek yang Menjadi Cuan,0
"Terseret Korupsi Dana Formula E, Anies Baswedan Terancam Penjara Seumur Hidup",1
Walkot Semarang Ajak Pemuda Pancasila Jaga Kondusivitas Jelang Pemilu,0
"PKN 2023 Resmi Ditutup, Soroti Kebijakan Kawasan Pemajuan Kebudayaan",0
Menpora Dito Jadi Saksi Kasus Korupsi BTS Kominfo,0
"Lantik 13 Pejabat Pengawas, Dirjen Perumahan Beri Pesan Begini",0
jurnalis muda dari Amerika bernama Fira Aziz ungkap keuntungan TikTok disalurkan untuk membuat camp konsentrasi warga Uighur,1
Polisi mulai intimidasi warga *InfoAkurat,1
Panda Nababan Sentil Gibran yang Mudah Berkhianat dan Berbohong,0
"Jembatan Kaca di Kampung Warna-Warni Malang Retak, Sudah Sebulan",0
Foto Penyanyi Korea Won young IVE Sangat Kurus,1
Ganjar Cerita Momen Peluk Menteri PUPR Basuki: Beliau Meneteskan Air Mata,0
"Belajar Tatap Muka RESMI Januari 2021, Anak Wajib Swab Test Sebelum Sekolah",1
MAHASISWA bisa minta BANTUAN ke KODAM jika ingin di dampingi saat gelar UNJUK RASA,1
KPK GELEDAH KANTOR WALIKOTA SOLO,1
"Studi soal Anak Muda RI: Pendidikan Formal Penting, tapi...",0
Loris Capirossi Masih Suka Ngebut: Dibanding Pecco Cuma Beda 3 Detik,0
"Ada Pilpres 2024, Bakal Pengaruh ke Industri Otomotif Indonesia?",0
5 Fakta Jembatan Kaca Malang Retak Bikin Ketar-ketir Seperti di Banyumas,0
Jokowi Buka Suara soal Pencopotan Baliho Ganjar-Mahfud Saat Kunker ke Bali,0
"Realisasi APBD Rendah, DPRD Makassar Singgung SKPD Takut Belanjakan Anggaran",0
Doa Hari Sumpah Pemuda untuk Upacara Bendera 28 Oktober 2023,0
"Tak Hanya di Solo, Spanduk Petruk 'Ojo Ilang Jowone' Juga Marak di Semarang",0
Anies Percaya Jokowi Akan Netral di Pilpres 2024,0
LMND Deklarasi tentang Manifesto Pendidikan Nasional di RI,0
"Ungkit Asta Cita, Relawan Tegaskan Prabowo-Gibran Komitmen di Isu Energi",0
"Mantan Wakil Presiden Filipina Berpakaian Transparan Saat Kunjungan ke Arab Saudi, Negara Mayoritas Muslim",1
Foto Seorang Anak Ukraina Melempar Batu ke Tank Tentara Rusia,1
"Klarifikasi BMKG Terkait Prediksi Gempa Bermagnitudo 8,2 dan Tsunami di Beberapa Daerah Jateng",0
Kemenperin Sebut Saatnya Produk Elektronik RI Bertarung di Pasar Dunia,0
"Video BERITA TERKINI~GARA-GARA INI !! ANIES BERANI ANC4M JKW~VIRAL NEWS JOKOWI, KPK, ANIES",1
"bugil,lagi setelah di pecat",1
Gibran Setel Video Porno Saat Presentasi,1
Ini Seragam Baru Kontingen Indonesia di Asian Para Games 2023,0
": Pilpres 2024 Dibatalkan Rakyat, Jokowi Kembali Diangkat Jadi Presiden",1
Raffi Ahmad dan Baim Wong sudah membuka bisnis baru game slot online,1
Video Gedung Cyber 1 Mabes Polri di Mampang Jaksel Kebakaran,1
"Tiga Partai Bersatu: PAN, Golkar, dan PKS Sepakat Jadikan Anies Baswedan Calon Tunggal",1
"Kontingen Indonesia Terbang ke Hangzhou, Kejar Emas Asian Para Games",0
Saling Bersyukur Cak Imin dan Kubu Prabowo Usai Tak Jadi Berkoalisi,0
Gerindra Sulsel Target Menangkan Prabowo-Gibran di Atas 50 Persen Suara,0
"Duh! Ronaldo Langgar Pasal Zina di Iran, Terancam Hukuman Cambuk 99 Kali",0
"Tepis Isu Keretakan, Masinton: Bu Mega Selalu Sayang Pak Jokowi",0
"SEHARI SETELAH DILAKUKAN RAPID TEST COVID-19 KEPADA PARA SANTRI DI KUDUS, 1.000 SANTRI TAK SADARKAN DIRI",1
"Rahasia Wajah Glowing Natasha Wilona, Sandwich Skincare, Apa Itu?",0
Pedoman Susunan Upacara Hari Sumpah Pemuda 28 Oktober 2023 Sesuai Kemenpora RI,0
BUS BARU TIMNAS U-17 SETINGGI 9 METER,1
Ganjar Izin Cuti Sebagai Ketum Persada Jelang Pilpres 2024: Biar Etis Lah,0
Dasco Minta Gerindra Tangerang Menangkan Prabowo-Gibran: Yang Muda Berkarya,0
Akun Facebook Irjen Polisi Supratman,1
Pesan Pj Gubernur DKI buat Warga: Pakai Masker Kalau Kondisi Lagi Begini,0
"Kebutuhan Sekunder: Pengertian, Contoh dan Faktor yang Memengaruhinya",0
Ustaz Abdul Somad Mengacungkan Jari 1 Mendukung Jokowi,1
Nata De Coco Terbuat Dari Plastik dan Berbahaya Untuk Anak-Anak,1
Kapolri Mutasi Sejumlah Jendral dan Irjen Argo Didapuk sebagai Kapolda Kaltim,1
"Waspada! Bukan Hanya Penyakit Orang Tua, Jantung Kini Mengintai Anak Muda",0
"Klarifikasi Putra Aji Adhari, Anak Kelas ll MTS yang Bobol Situs KPU Pemilu 2019",0
REDAKSI LIPUTAN 6 SCTV: Tidak Pernah Revisi Quick Count,0
"Sambut Pemilu 2024, Bisnis Percetakan di Sleman Mulai Banjir Orderan",0
Visi Misi Pasangan Ganjar Pranowo-Mahfud Md: Menuju Indonesia Unggul,0
Sapi Blasteran Babi,1
Jokowi: PBB Sebut Saat Ini Bukan Lagi Global Warming tapi Global Boiling,0
Video raja Bahrain dikawal robot,1
Foto Jokowi dan Ma ruf Amin Menjenguk Ade Armando,1
Tim Sepakbola Kalsel Lolos ke PON 2024,0
Gadget dan Wifi Sebabkan Kanker Darah,1
Jadwal Vaksinasi Massal di Royal Plaza Surabaya Tanggal 2-6 Agustus 2021,1
"Cepet Kayak Ngisi Bensin, Fuso Pamer Stasiun Penukaran Baterai buat Truk Listrik",0
"13 Link Nonton Film Gratis yang Aman, Drakor hingga Box Office",0
"Covid-19 BUKAN Virus, Sumber : Kementerian Kesehatan Italy",1
Ternyata Wanita 9 Kali Lebih Berisiko Kena Stroke Jika Ada Faktor Risiko Ini,0
Robot berukuran sel ditemukan dalam vaksin covid baru,1
Lolongan Histeris Siksa KUBUR Alexander,1
"Gibran Bertemu Produsen Carica Wonosobo, Bahas Kredit Startup-Digitalisasi",0
Cawabup OKU Timur Menawarkan Kredit Mobil Melalui Whatsapp,1
Video Bendera Khilafah Dikibarkan Saat Pembukaan Piala Dunia di Qatar,1
"Dilantik Jadi Pj Walkot Parepare Besok, Akbar Ali Siap Jaga Netralitas ASN",0
Password Wifi di Jakarta #ANIESKEREN,1
"Ini Daftar Hari Penting Nasional Bulan November 2023, Ada Tanggal Merah?",0
Penemu Mobil Berbahan Bakar Air Dibunuh,1
Video Petinju Babak Belur Melawan Petinju Tidak Terlihat,1
"Bisa Dicontoh, Ini Tips Irit Tukar Uang Asing ala Ayudia Bing Slamet",0
MU Bikin Investigasi Internal Usai Banyak Pemain Cedera,0
Israel Ngeri Masuk Terowongan Hamas: Seperti Lawan Hantu,0
"JUTAAN WARGA JADI SAKSI, PRAB0W0 JANJIKAN 2 HAL BESAR INI JIKA TERPILIH",1
Kartu yang Dijanjikan Wapres Ma ruf Saat Debat Cawapres Belum Terealisasi,1
"Ada Kuliah Standar King's College London di Malang, Buka September 2024",0
Piala KASAD XIV/2023 Diharap Munculkan Pejudo Andal,0
Butiran Es Hasil Fenomena Hujan Es Dapat Meningkatkan Imunitas Tubuh,1
"20 Contoh Pantun Hari Santri Nasional Lucu, Kocak, dan Menghibur",0
Pembajakan Akun Aplikasi Telegram Melalui Pemulihan Kata Kunci,1
Surat Perintah BNPB Terkait Normalisasi Sungai di Sulawesi Tenggara,1
"Daftar Kartu Prakerja, PT Shell Indonesia Beri Bantuan Senilai Rp600.000",1
Giliran Thariq Halilintar Posting Foto dengan Aaliyah Massaid,0
Layanan dan Kegiatan Kerjasama Like And Share dan RCTI,1
Lompatan Sistem Kesehatan Masa Depan,0
Di Balik Megahnya Palm Jumeirah dan Pulau Buatan Lain di Dubai,0
Minum Air Es Setelah Makan Dapat Sebabkan Kanker,1
"Foto Bunga yang Tumbuh di Benua Antartika, Diklaim Sebagai Efek Buruk Pemanasan Global",1
Begini Rencana Pemkab Sumedang Manfaatkan Bekas Bangunan LAPAN,0
"Singgung Penyalahgunaan Kekuasaan, Pengamat: Pemilu Sudah Ternodai",0
Akun Twitter @LawanPolitikJKW adalah Milik Ferdinand Hutahean,1
Ahmad Dhani Sesumbar Sebut Suara Prabowo 90 Persen di NTB,0
Geliat Kota Pelajar Jadi Pemicu Menjamurnya Bioskop di Jogja,0
Barcelona Siapkan Laga Perpisahan buat Messi?,0
NasDem Dengar Kabar Jokowi Undang 3 Capres Makan Siang di Istana Hari Ini,0
Prabowo Gunakan Kacamata Google Glass untuk Contek Jawaban di Debat Pilpres Kedua,1
10 Kampus Terbaik Jurusan Bisnis & Manajemen Dunia-Indonesia Versi The Wur 2024,0
Penjualan Kalender Police News 2022 oleh Polda Jateng Seharga Rp100 Ribu,1
Tim Karate Universitas Ini Gemilang di OKC Piala Kemenpora 2023,0
Boccia Indonesia Genjot Latihan Demi Medali Asian Para Games,0
"Pelaut RI di Singapura Ngeluh soal Diklat Syarat Lisensi, Menhub Kasih Solusi Ini",0
"Imbas Israel Vs Hamas, Napoli Ogah Main di Supercoppa Italia",0
Satu gambar bernilai seribu kata oleh Syamsia Hassani,1
Ballon d'Or 2023: Vinicius Raih Socrates Award 2023,0
Pengertian Webinar dan Platform Gratis untuk Seminar Online,0
Lowongan Kerja KPP Pratama Sumba,1
Foto Rapper Ice Cube dan 50 Cent Memakai Topi Trump 2020,1
Foto Timnas Indonesia U-22 Promosi Jam Tangan Pintar Jepang,1
KPK Periksa Ganjar Akui Dana 300 T Untuk Bayar Buzzer Untuk Serang Anies,1
Daftar 8 Produk dan Perusahaan Israel yang Diboikot Dunia,0
RUU HIP Disahkan Tengah Malam,1
Terdakwa Korupsi Stadion Sultan Agung Bantul Divonis 1 Tahun 4 Bulan Bui,0
Manajemen Sebut Okupansi Hotel Sultan Anjlok Jadi 20% Gegara Akses Ditutup,0
Daftar GPU Nvidia yang Dilarang Diekspor ke China,0
Unik! 7 Pria Ini Gunduli Kepala Demi Janji Setia Dukung Jokowi,0
"Video yang harus ditonton, situasi sebenarnya terkait cedera Andre Gomes",1
Geger Anggota Parlemen Inggris Ditangkap Atas Dugaan Pemerkosaan,0
"Jelang Pildun U-17, Heru Budi Tinjau Pemasangan Rumput-Akses Tambahan JIS",0
Ancaman Anies ke Kapolda Tidak Boleh Ditulis Media,1
PAN RESMI GABUNG KOALISI KPP DUKUNG ANIES SEBAGAI CAPRES 2024,1
"Wajib Tahu Sebelum Berobat, 21 Penyakit Ini Tak Ditanggung BPJS",0
DICURANGI FIFA !! PRESIDEN JOKOWI TINGGALKAN FIFA DAN PINDAH KE CONIFA,1
: Informasi Peringkat Sayuran Anti Kanker Oleh Institut Pencegahan Kanker,1
Foto pandemi flu 1918,1
"SERANGAN GILA INDONESIA TEWASKAN RATUSAN TENTARA AUSTRALIA,,MAYAT BERSERAKAN DI PULAU",1
Christiano Ronaldo Menolak Bersalaman dengan Presiden Israel karena Mendukung Umat Islam,1
Aliansi Dokter Dunia Mengatakan Bahwa Varian Delta Tidak Ada,1
Video Pesawat Kiamat Milik Rusia dan China di Kepulauan Pasir,1
"Cak Imin Sebut Pemimpin Harus Pernah Menderita, Ceritakan Penderitaan Anies",0
"Gunung Slamet Waspada, Kawasan Wisata Baturraden Tetap Buka",0
"Video 22 Maret 2022, Akhirnya Juragan 99 Pemilik MS Glow Diciduk Bareskrim, Tangis Sang Istri Pecah",1
"Pendaftaran Capres-Cawapres 2024 Ditutup, KPU Lanjut Verifikasi Data",0
Waspada! Sakit Punggung Bisa Jadi Indikasi 5 Penyakit Serius,0
Link Peduli Lindungi (pedulilindungia.com),1
Video Militer Pakistan Menang Lawan Militer Amerika dalam Lomba,1
"Bukannya memotong gajinya untuk mereka para tim medis, malah memotong tunjangan para tim medis.",1
Ngabalin Sebut Bakal Ada Pertemuan Jokowi dan 3 Capres,0
udeh kronis amat ame 2JARI,1
"JANGAN MENGKONSUMSI BAWANG YANG TELAH DIKUPAS, KARENA MENYERAP KUMAN DAN VIRUS DI UDARA",1
"Bambang Triatmojo Anak Pak Soehato Buka Bicara, Cendana Membongkar Status Jokowi Adalah Anak Dari Gembong PKI",1
"Beasiswa Indonesia Maju Program Persiapan Sarjana Luar Negeri Dibuka, Ini Syaratnya",0
2 Startup Gibran yang Disuntik Dana Investor Miliaran Rupiah,0
Jokowi: Revolusi mental akan gagal kalau agama tidak dipisahkan dari politik,1
Meminum Air Berlebihan Berbahaya Bagi Tubuh Karena Ginjal Tidak Dapat Memproses Air dalam Jumlah yang Banyak,1
AHOK RESMI DILANTIK SEBAGAI KETUA KPK BARU,1
Masinton PDIP Usul Hak Angket MK di Paripurna DPR,0
JOKOWI DAN MEGAWATI RESTUI DUET GANJAR-PRABOWO,1
Keluarkan nasi dari rice cooker jika sudah matang. Kalau lebih dari 12 jam menjadi pemicu diabetes,1
"Media Cup 2023 Selesai, Detikcom Runner-up Lagi",0
Habib Rizieq Shihab bersumpah tidak akan masuk ke Indonesia seumur hidup,1
24 Agustus 2021 ada OTT oleh KPK di Padang,1
Sekjen PKS Minta Maaf Acara Senam Pagi AMIN di Depok Bikin Macet,0
Video KABAR TERBARU ~ TIT0 S4HKAN FP1 BARU | PER!NTAHKAN FP1 TEG4KKAN AM4R MA RUF N4HI MUN9K4R | Viral,1
Imbauan Kapolresta Solo Tentang Karantina Bagi Pendatang Mulai Tanggal 15 Desember 2020,1
Ganjar-Mahfud Akan Panjatkan Doa Kebangsaan Bareng Santri & Kiai di Gresik,0
"Viral Pimpin Rapat Pemenangan Gibran, Wamendes: Kapasitas Saya Relawan",0
"Saya 10 Tahun Karyawan Outsourcing Bank BUMN, Apakah Dapat Pesangon?",0
Bos PSIS Yoyok Sukawi Nyatakan Bakal Maju Pemilihan Wali Kota Semarang,0
Perdana Menteri Jepang Mundur Karena Terkait Virus Corona,1
"Pogba Selesaikan Dulu Kasus Dopingnya, Baru Bicara Comeback",0
"Pemilu, Demografi, dan Marwah Kepentingan Rakyat",0
Dokter Bicara Kemungkinan Wanita Depok Kena Usus Buntu usai Diet Ekstrem,0
Azan Pitu hingga Raksa Wajit Cililin Jadi Warisan Budaya Tak Benda,0
Video Prabowo Subianto nabok tangan pendukungnya sendiri,1
Ada Capres Menampar Wakil Menteri,1
Belum Ada Rencana Ujian Nasional 2019 Diselenggarakan sebanyak Tiga Kali,0
Rakyat Harus Tahu! Misi Jahat Amerika Hancurkan NKRI Lewat Tangan Anies,1
Sederet Anggota Kabinet Jokowi yang Dampingi Prabowo-Gibran ke KPU,0
Kampus Pemujaan Setan di Bandung,1
"10+ Fakta Hari Sumpah Pemuda 28 Oktober, Apa saja?",0
"25 Link Twibbon Hari Sumpah Pemuda 2023, Gratis!",0
Poster Ungkapan Duka Cita Oleh PMI DKI Jakarta Atas Meninggalnya Megawati,1
PDIP USUL KE PEMERINTAH AGAR PESANTREN DI TUTUP SELURUH INDONESIA,1
Grab Berikan Bantuan Sembako Senilai Rp80 Ribu untuk Warga Surabaya,1
"Hasto PDIP Lempar Isu Lagi, Kini soal Kartu Truf Ketum Dipegang",0
Adian yang Enggan Pusing Mikirin Gibran,0
"Dinner Bareng Bos Isuzu, Ngomongin Panther hingga Sekolah Sopir",0
"Bocoran Truk Fuso Kelas Berat Tampang Baru, Bos Tenang-Sopir Makin Aman Nyetir?",0
"Link Download Spanduk, Banner dan Umbul-umbul Hari Sumpah Pemuda 2023",0
Tanda Kemenangan dari Alam untuk Paslon No. 2 Pilkada Jember 2020,1
Video Penggerebekan Pasangan Mesum Gancet,1
KPK Bantah Terima Tiket Gratis Asian Games dari Erick Tohir,0
Ribuan Relawan Network For Ganjar Menggoyang Subang,0
"Ini Sosok Alex Tirta, Bos Alexis yang Diduga Bayar Sewa Rumah buat Firli Bahuri",0
Duh! Valentino Rossi Ungkap Borok Marc Marquez di MotoGP,0
Subsidi Pulsa Rp250 Ribu dan Kuota 75Gb dari Kemendikbud,1
Najwa Shihab: KLARIFIKASI ATAS DISINFORMASI FOTO PERTEMUAN NAJWA DAN TOMMY SOEHARTO,1
Aplikasi FlixOnline Menawarkan Akses Netflix Gratis Selama 2 Bulan,1
"Safari Politik, Kaesang Jalan Santai di Car Free Day Kupang NTT",0
Balap Sepeda Sumbang 2 Medali Asian Para Games 2023,0
Video Perdana Menteri Israel Benjamin Netanyahu: Cara Membunuh Orang Islam,1
Review Huawei MatePad 11.5: Tablet Canggih Rasa Laptop dengan HarmonyOS,0
JUTAAN BURUNG KERUMUNI PANTAI DI DUBAI,1
"Wapres Ma'ruf Mulai Berkantor di Papua Selama 5 Hari, Ini Kegiatannya",0
"Kiai-Santri Depok Gelar Istigasah, Doakan Kemenangan Ganjar-Mahfud",0
Informasi 24 Agenda Komunis Internasional RRC pada Artikel Solopos,1
Video LANGKAH CERDIK PRABOWO!!! GABUNG KOALISI PERUBAHAN & NYATAKAN SIAP PERANG LAWAN ISTANA DEMI ANIES,1
##BERAKHIR PAHIT##. SK GUBERNUR DI CABUT. DETIK DETIK JOKOWI UMUMKAN PEMECATAN ANIES,1
15 Murid SD Jadi Korban Pencabulan Guru Olahraga di Langkat,0
Video Sosok Makhluk Aneh di Hutan,1
"Mengenal Petruk, Tokoh Wayang di Spanduk yang Marak di Solo-Semarang",0
Beda Puan dan Hasto soal Isu 3 Periode yang Muncul Lagi,0
"Profil Wilda Nurfadhilah, Eks Kapten Timnas Voli Putri yang Segera Menikah",0
Trump Mengamuk Usai Pilpres,1
"Rice Cooker Gratis Segera Dibagi, Disperindag Sumut Mulai Proses Pendataan",0
Peran Penting Sir Jim Ratcliffe Jika Resmi Akuisisi MU,0
DIJERAT PERKARA TERSELUBUNG BAWASLU RESMI TETAPKAN ANIES PASAL BERAT,1
"Tanggal pembuatan vaksin adalah 2018, setahun sebelum Covid-19 melanda",1
Prabowo Pastikan Pemerintah Tindak Lanjuti Pengadaan Air Bersih di Papua,0
Wuhan China Orang berteriak gak karuan,1
"Menlu Retno Bertemu Menlu Lithuania, Bahas Perdagangan hingga Pendidikan",0
Surat Ajakan Debat Terbuka Yang Diadakan Pengurus Cabang Muhammadiyah Jember,1
Gambar Minuman Keras di FIFA 2022,1
Pesan Whatsapp Undangan Rakernas Peningkatan Kinerja Tenaga Kesehatan oleh Dinkes DKI,1
"PDIP Sebut Gibran Pembangkang, Projo: Itu Hanya Framing",0
Foto Baliho Masyarakat NTT dukung Prabowo dan Jan Ethes,1
"TEPAT MALAM INI!! Jokowi Ancam Partai Nasdem, Gawat.. Surya Paloh Frustasi Begini",1
Nomor IMEI di Ponsel Bisa Disadap Polisi,1
"Di Depan Santri Ponpes Jatim, Zulhas Cerita tentang Kemajuan Tiongkok",0
"GIBRAN KELUAR DARI PDIP, KABUR KE PARTAI GOLKAR",1
Luhut Menteri Indonesia atau Dubes Khusus China Untuk Indonesia Tulisan Akbar Tandjung,1
Pemprov Jabar juga Tegur Panitia Acara Kaesang di SOR Arcamanik,0
80 PERSEN WARGA JAWA BARAT PILIH ANIES SEBAGAI CALON PRESIDEN 2024 EFEK BESAR DUKUNGAN PUTRI ARIANI,1
"Pesan Berantai Tangkapan Layar Artikel Jakarta Banjir, Ketua DPRD Temukan Fakta Mengejutkan di Bawah Trotoar",1
Klarifikasi terkait Kabar Petugas KPPS di Way Kanan Lampung Tewas Ditikam karena Melerai Keributan Timses Caleg,0
"Militer India Tingkatkan Kemampuan AI, Tapi Seberapa Efektif?",0
SMS PT Len Memberikan Hadiah Rp100 Juta,1
Kejurnas Judo 2023 Jadi Ajang Persiapan PON 2024,0
"HUT Ke-2, RS Mandaya Puri Sudah Layani 1.500 Pasien Tumor & Kanker",0
Jokowi Pimpin Ratas Kesiapan PON XXI Aceh-Sumut di Istana,0
Harga Philips Air Fryer Low Watt Terbaru Oktober 2023,0
"Demokrat Sulsel Tahan Diri Sebar Baliho Capres: Sudah Pasang, Tapi Dicabut",0
"Tak Terpilih sebagai Capres PDIP, Puan Maharani Tawarkan Diri Jadi Cawapres Anies Baswedan",1
"Habib Bahar Positif Gangguan Jiwa, Habisi 3 Orang di dalam Tahanan.",1
Janji Gibran Jika Terpilih: Ada Kredit Startup Milenial hingga KIS Lansia,0
BMKG Bantah Gempa Lombok Dapat Picu Gempa Megatrhust di Selatan Jawa Selat Sunda,0
Perangkat anti pengenalan wajah demonstran Hong Kong,1
Rekayasa Lalu Lintas di Jalan Kemang Raya,1
11 Rekomendasi Playground-Tempat Bermain Anak di Makassar dan Sekitarnya,0
"Persigo Gorontalo Lolos ke PON, Fadel Muhammad: Saya Bangga Lihatnya",0
Ketua Satgas Antimafia Maruarar Sirait Beri Pesan untuk Sepakbola RI,0
Video Penghina Ibu Iriana Diusir Paksa,1
"20 Contoh Teks Tanggapan, Lengkap Struktur dan Ragam Kalimatnya",0
1000 Tiket Pesawat Gratis Untuk WNI Pulang Ke Tanah Air Dari PT Angkasa Pura 1 Karena Virus Corona,1
Kadrun adalah sebutan PKI tahun 1960an pada umat Islam sebagai musuhnya.,1
Pangeran Edward Adik Raja Charles III ke RI November untuk Anak Muda Indonesia,0
31 Tim Semarakkan Turnamen Tarkam Sambut Piala Dunia U-17 di Surabaya,0
Mulai Awal Maret Kominfo Akan Unregistrasi Kartu Paket Jika Tidak Ada Aktivitas Internet 1×24 Jam,1
"AKHIRNYA TERBONGKAR || AGENDA MAKAR 212, MAHFUD MD TURUN TANGAN PERINTAHKAN APARAT SIKAT OMPONG NOVEL",1
Ini 3 Faktor Pendorong Pergerakan Nasional dari Luar Negeri,0
Foto kumpulan untuk mengakhiri COVID-19 di Cleveland hari ini #EndCOVID,1
Pemerintah Rogoh Kocek Rp 638 M buat Pembangunan Pengolahan Air Limbah IKN,0
"Unand Buka Prodi Baru Magister Manajemen Bencana, Ini Hal yang Dipelajari",0
Video Serangan Udara yang Dilakukan Tentara India di POK (Pakistan Occupied Kashmir),1
Amanat Pembina Upacara Sumpah Pemuda 2023 Resmi serta Link Download PDF,0
Foto 200 relawan yang dibebaskan Prabowo dari penjara,1
Amien Rais Meninggal Dunia Usai Ancam Jokowi,1
Dua Kekasih Tidak Lepas Berpelukan Setelah Berhubungan Intim di Jalan,1
Ketum IMI Puji Kejurnas Grastrack - Motocross KASAL Cup di Deli Serdang,0
DENSUS TEMUKAN 2 BOM BUNUH DIRI SAAT GREBEK RUMAH ANIES,1
Kemeriahan Warga Medan Beli Es Krim Baskin Robbins Rp 1 Pakai Bank Mega,0
"Coach Indra Sjafri: Saya Pernah 1 Tahun Tak Digaji, tapi Ikhlas",0
Foto 70 pesawat angkut disewa untuk antar peserta reuni 212,1
Pebalap Mandalika SAG Racing Team Antusias Tatap Moto2 Mandalika,0
Kementerian agama diganti namanya menjadi kementerian Urusan Haji Zakat dan Wakaf,1
Greysia Polii Kini Fokus Bisnis Properti hingga Sneakers,0
"Video Bangunan Runtuh Akibat Gempa di Marrakesh, Maroko, pada 9 September 2023",1
Ganjar Mundur dari PDIP,1
Nara Teater Asal Flores Timur Tampilkan 'Gema Ladang' di PKN 2023,0
Gibran soal Dana Abadi Pesantren: Keberlanjutan dan Penyempurnaan,0
"ATAS PERINTAH JOKOWI, SURYA PALOH NYATAKAN MUNDUR DUKUNG ANIES",1
Tim MotoGP Valentino Rossi Akan Pakai Nama Pertamina Enduro VR46 Racing Team,0
"Suami Puan Maharani Dijemput Aparat, Terbukti Sekongkol Dengan Johnny G Plate",1
Mengenal Lebih Dekat 3 Pasang Capres-Cawapres 2024,0
"MUNCUL ISU AKAN TERJADI GEMPA DI PALU PADA 28 DESEMBER 2018, BMKG ANGKAT BICARA",0
AstraZeneca Angkut Vaksin cs Pakai Mobil dan Motor Listrik,0
Fitur Google Search Bantu Pengguna Bisa Bicara Bahasa Inggris,0
John Cena Meninggal Dunia,1
Prediksi Motor Baru yang Meluncur di IMOS Pekan Ini,0
Usia 50 ke Atas Dilarang Masuk Mal Hingga Makan di Kafe pada Fase New Normal,1
Swedia Tak Mau Usir Pria Irak Pelaku Pembakaran Al-Qur'an,0
Partai Garuda Minta Pendukung Capres Tak Bawa Gus Dur ke Pertarungan Politik,0
Pengertian Desentralisasi serta Kelebihan dan Kekurangannya,0
PKB Pindah Haluan Usung Ganjar Pranowo di 2024,1
"Selain Haji dan Umroh, Turis RI ke Arab Saudi buat Nonton Ronaldo dan F1",0
"Bulutangkis Gagal di Asian Games, Liem Swie King: Mesti Introspeksi!",0
Sakit hati gua bule kagak ada yang kenal sama my presiden,1
Greysia Polii Siap Bagi Pengalaman Banggakan Negeri di Demi Indonesia,0
Harga Redmi Buds 4 Terbaru Bulan Oktober 2023,0
"Diminta Mundur Dari Jabatan Menko Polhukam, PAK MFLUD NANGIS",1
WWF Merupakan Wadah Kejahatan Mafia Dunia,1
Terjadi Gempa Susulan yang Berpotensi Tsunami di Madura,1
Tidak Ada Klaim dari Anies Mengenai Merancang Lapangan Banteng Dari 0,0
J.S Prabowo : Pesawat yang ditumpangi Prabowo aborted take off karena saat akan take off diujung runway melintas 3 jet tempur,1
Artikel Jokowi Sebut China Akan Bantu Padamkan Kebakaran Hutan di Indonesia,1
"Burung Penyanyi Andal, Bagaimana Suaranya Dihasilkan?",0
Jangan Sebar Video Hoax Deepfake AI Jokowi Fasih Bahasa Mandarin,0
Milan Sengaja Jual Tonali ke Newcastle Gegara Kasus Judi?,0
Walikota Dorval di Kanada Menolak Peniadaan Menu Babi di Kantin-Kantin Sekolah,1
"Bocah 13 tahun, Sun Jisu, peretas Cina yang mengganggu Facebook, WhatsApp, dan Instagram di seluruh dunia",1
Wasit Hentikan Pertandingan karena Kasihan dengan Timnas China Taipei,1
Tangis FX Rudy Usai Keluarkan Pernyataan Minta Gibran Kembalikan KTA PDIP,0
Penumpang Kapal Rute Sorong-Waisai Keluhkan Biaya Retribusi Rp 12.000,0
"Belajar dari Joe Taslim-Pemuda Berprestasi Lainnya di Demi Indonesia, Ini Caranya",0
"Usai Haornas, Kemenpora Kembali Kolaborasi di HSP ke-95",0
Demonstran Bergerak Menuju Rumah Megawati,1
Bonus Rp 12 Miliar buat team Garuda dikejuaraan AFF 2020,1
"Viral Curhatan Pria Berotot, Awalnya Sempat Terpuruk gegara Di-bully saat Gemuk",0
Panggung Deklarasi Ganjar Pranowo Hangus Terbakar,1
"KEPUTUSAN FINAL PARTAI PAN, ZULKIFLI HASAN DAN KADER PAN RESMI DEKLARASIKAN ANIES",1
Telapak Kaki Relawan Melepuh Efek Samping Suntik Vaksin Covid-19,1
Video BONGKAR BOROK ANIES WAKIL GUBERNUR OGAH DUKUNG ANIES NYAPRES,1
Video Robot Norwegia Bermain Pickleball dengan Manusia,1
,1
Nasib Jembatan Kaca Pertama Indonesia di Jodipan Malang yang Kini Retak,0
"Ke Demi Indonesia Bisa Dapat iPhone 15 dan Macbook Air Gratis, Ini Caranya!",0
"Pertamina Digital Expo Siap Digelar, Dorong Penguasaan Teknologi Digital",0
Senang-senang Bareng Dash Berlin di Penutupan MotoGP Mandalika,0
Bahaya Donor Darah Dari Orang yang Sudah Divaksin Covid-19,1
Broadcast Chat Lowongan Kerja Operator Produksi PT Astra Group,1
Surat Sean Connery Kepada Steve Jobs,1
KEPOLISIAN ANGKAT BICARA TERKAIT FOTO KOMPAK PENONTON YANG ACUNGKAN SALAM DUA JARI DI MILLENIAL ROAD SAFETY FESTIVAL,0
"Bulutangkis Jeblok di Asian Games, Masih Jadi Andalan di Olimpiade?",0
Pesan Walkot Eri Jelang Pemilu 2024: Jangan Gadaikan Harga Diri!,0
ESDM Sebut Pembahasan Pemanfaatan Nuklir di RUU Energi Terbarukan Masih Alot,0
Gambar Tangkapan Layar Artikel CNBC Berjudul Kasus Google Yang Tak Bisa Menemukan IJAZAh Joko Widodo,1
Politisi India: Urin dan Kotoran Sapi Jadi Obat Virus Corona,1
Besok! Demi Indonesia Bakal Tambah Seru dengan Kehadiran Pevita Pearce,0
Indra Sjafri Menjadi Pelatih Baru Juventus,1
"Gibran Belum Dipecat Meski Jadi Cawapres Prabowo, Pakar UGM: Strategi PDIP",0
Rekaman Suara Pertengkaran Ferdy Sambo dan Istrinya di Magelang,1
Sederet Persiapan Mahfud Md Jelang Tes Kesehatan: Puasa-Olahraga,0
Tulisan Lafadz Allah di Tisu Toilet,1
"KASAD klarifikasi, anggota TNI di bandung ternyata rata2 membantah Positif kena Covid 19",1
"PDIP: Secara De Facto, Keanggotaan Gibran Berakhir Usai Resmi Cawapres",0
JOKOWI BERHASIL CORET ISRAEL DARI PIALA DUNIA,1
Semua panggilan dicatat,1
Gagasan Ganjar soal Lingkungan hingga Pendidikan Dinilai Konkret-Solutif,0
"15 Kampus Teknik Terbaik di Indonesia Versi THE WUR by Subject 2024, UI Salip ITB",0
Presiden Jokowi Jawab Sindiran Megawati,1
Weekend di Rumah Aja? Ini Rekomendasi Kegiatan untuk Bikin Harimu Asik,0
"Hari Santri Nasional 2023: Jadwal, Tema, dan Logonya",0
Binatang aneh sudah dua hari muncul di Pakanbaru. Badannya seperti Kelelawar tapi Berenang di Air,1
Lima Provokator Timnas Thailand Dipenggal,1
"ATAS PERINTAH PRESIDEN JOKOWI..TANGIS BAHAR SMITH PECAH, NASIBNYA BERAKHIR DI JERUJI BESI.",1
Fraksi PKB DPRD Sulsel Usul Anggaran Perjalanan Dinas Dikurangi di RAPBD 2024,0
Coach Rahmad Darmawan Memberikan Dukungan La Nyalla Mattalitti Menjadi Ketua Umum PSSI,1
"Megawati Diviralkan Empaskan Tangan Jokowi, TPN: Tidak Mungkin!",0
Bangun Gedung Tinggi Wajib Perhatikan Ini Biar Aman Sentosa,0
Menanti Kebangkitan Anthony Ginting dkk. di Tur Eropa,0
"Masuukk truusss silahkan masuukk, Orang mudik dilarang aseng bebas",1
5 Fakta Diet CICO Untuk Kendalikan Cadangan Kalori Tubuh,0
1 Ramadhan 2021 Jatuh Pada Hari Jum at dan Waktu Siang Terpanjang Selama 33 Tahun Terakhir,1
GP Ansor Kota Pekalongan Mengajak Jangan Pilih Caleg Nonmuslim di Dapil X Jateng,1
Video JAKARTA TERKINI 07/10/2022,1
Pantai Alor NTT Terpapar Tsunami,1
Penyumbatan di usus karena konsumsi mie atau spaghetti yang disingkirkan saat dokter melakukan operasi,1
"Jembatan Kaca Kampung Warna-warni Retak, Biaya Perawatan Ditanggung Warga",0
Pelintiran Konteks Buku People Power,1
Spesifikasi Suzuki Burgman Street EX yang Diduga Meluncur di IMOS 2023,0
Menag Yaqut Ajak NWDI Tingkatkan Kualitas Pendidikan,0
"Diagram Batang: Definisi, Jenis, Contoh, dan Cara Membuatnya",0
"Gibran Bicara Program Dana Abadi Pesantren-KIS Lansia, Ini Respons Sri Mulyani",0
Kenal Lebih Dekat dengan Si Raja Diesel Lewat Isuzu Plaza,0
Video DETIK DETIK MA RUF AMIN MUNDUR & DIGANTI DENGAN PRABOWO SEBAGAI WAKIL PRESIDEN DAMPINGI JOKOWI,1
Program Beasiswa Unggulan Mengatasnamakan Kemendikbud,1
PKS Tak Setuju Anggota LMK Dilarang Jadi Kader Parpol,0
Siapa Milenial Pengganti Danny Jadi Ketua TPD Ganjar-Mahfud di Sulsel?,0
"Bukan Kompetitor, Bos Telkom Buka-Bukaan Ancaman Paling Berbahaya",0
Struktur Tim Kampanye Daerah Ganjar-Mahfud di NTB Diputuskan Pekan Depan,0
Parpol di Sulsel Kapok Pasang Baliho Capres Sebelum Masa Kampanye,0
Hakim Wahyu dicopot oleh Jokowi,1
"5 Makanan buat Dongkrak Energi Pagi-pagi, Siap Energik Sepanjang Hari!",0
Luhut Bicara soal Prabowo-Gibran: Gabungan Kebijaksanaan dan Energi Baru,0
Teka-teki Keberadaan Enuh Nugraha,0
Petugas Operator Tipu Pengguna Jalan Tol,1
"Chris Hemsworth Dihantui Alzheimer, Mati-matian Ubah Gaya Hidupnya",0
"Temui Relawan Jokowi di NTT, Kaesang Ajak Anak Muda Tak Golput 14 Februari",0
Puisi Tahun 1919 Soal Pandemi Karya Kathleen O Mara,1
Kata Ketua MKMK soal Masinton PDIP Usul Hak Angket DPR terhadap MK,0
ITB STIKOM Bali Berikan Klarifikasi Atas Isu Telah Terpapar ISIS,1
Cak Imin dan Anies Jadi Tersangka Dugaan Korupsi Kemnaker,1
Pemkab Bone Gelar Vaksinasi Massal Buntut 383 Warga Digigit Anjing Rabies,0
BNN Kampanyekan Anti Narkoba Lewat Pertandingan Tenis Meja di Bali,0
Klarifikasi Polisi Terkait Isu Larangan Kendaraan Plat L dan W Masuk ke Malang,0
Mouse Wireless Silent Logitech Dijamin Senyap,0
Isi Teks Keputusan Kongres Pemuda Indonesia 1928 dan Link Download,0
Permainan Ketapel Mampu Tingkatkan Motorik dan Mudah Konsentrasi Lho,0
Filosofi Logo Hari Sumpah Pemuda ke-95 Tahun 2023 Lengkap dengan Temanya,0
MenPAN-RB Dorong Peningkatan Layanan Publik Lewat MPP Digital,0
Rencana E-Voting Pada Pileg dan Pilpres 2019,1
Tiktok dan Snapchat Kompak Berantas Gambar Pelecahan Anak Oleh AI,0
Klarifikasi PT Go-Jek Terkait Isu Adanya Pemutihan Massal Akun Eks Mitra Go-Jek,0
Kapan Pemilu 2024? Cek Jadwal dan Tahapan Lengkapnya di Sini!,0
"Video Gemparkan China, Akhirnya Presiden Xin Jink Dikudeta Hari Ini",1
"Muncul Virus Baru di China Selain Corona, #Hantavirus",1
"Pemerintah Putus 50 Kontrak Migas, Ada yang Simpan 'Harta Karun'",0
"Ya Ampun! Lari-lari Ambi di Bandara Jadi Tren, Bikin Takut Penumpang Lain",0
Nostalgia Bioskop Soboharsono: Laris Manis Saat Jadwal Film Midnight,0
Antusiasme Warga Kunjungi Festival Pelatihan Vokasi & Job Fair Nasional,0
Foto Telanjang Tahanan Tersebar-Pria Digigit Komodo,0
Teks Keputusan Kongres Pemuda Indonesia 1928 untuk Upacara 28 Oktober 2023,0
Siap-siap! Komet Iblis Akan Dekati Bumi Juni 2024,0
"Dibuat dengan Teknik Cut Out, Kartun Home Invasion Sindir Kenakalan Bule di Bali",0
Pesan Terakhir Seorang Miliarder Bernama Steve Gouves,1
Tautan Subsidi Pulsa dan Kuota Kemendikbud Periode Lebaran,1
"Surya Paloh Resmikan Ganjar Sebagai Capres 2024, Anies Makin Stres",1
Melihat Keseruan Presiden Jokowi dan Menpora di Indonesia Vs Brunei,0
"RI Punya Cadangan Nikel Terbesar di Dunia, Kapan Habisnya?",0
Bamsoet Tegaskan Urgensi Percepatan Transformasi Birokrasi,0
Bukalapak dan ACT Memberikan Klarifikasi Atas Isu Menyokong Kelompok Radikal,1
Video pasien kabur ditangkap security,1
"Laporan Keuangan GOTO Q3 2023: Rugi Susut 53%, Beban Umum Turun 57%",0
Jubir Anies Dorong Politik Dibiayai Publik demi Kurangi Korupsi Gila-gilaan,0
"Jokowi Menempuh Jalur Hukum, Aparat Jemput Paksa Titiek Soeharto",1
"Artikel berjudul Arief Poyuono: Prabowo Mau Jokowi Tiga Periode, Sebab Prabowo Sudah Melihat Dan Merasakan Kerjanya Yang OK",1
Adu Perspektif: Tegang Setelah Gibran Melenggang,0
Ganjar Cerita Sejak Muda Jadi Kader Partai: Tak Pernah Loncat Kanan-Kiri,0
"Hadiahnya Banyak Banget! Yuk Ikut Event BTN Jakarta Run 2023, Buruan Daftar",0
"Luhut Ngaku Lelah Luar Biasa, Waspadai Gejala 'Fatigue' yang Tak Boleh Diremehkan",0
Vaksinasi di PPSDMK Cukup Bawa KTP Sebagai Syarat,1
Lirik Lagu dan Notasi Angka Satu Nusa Satu Bangsa Tentang Sumpah Pemuda,0
"Prabowo: Saya Terima Jabatan Menteri Pertahan, Dengan Syarat Pemerintah Pulangkan HRS",1
"Pemimpin Cerminan Pemilihnya, Cina dulu, Cina sekarang",1
NasDem: Jokowi Undang 3 Capres Makan Siang Hari Ini,0
"Saksi Kasus BTS Blak-blakan Sebar Duit Miliaran: Ke Komisi I, Menpora, BPK",0
Retas Akses ke Akun Menggunakan Ping,1
"Puan: Jika Negara Ingin Maju Dan Berkembang, Pendidikan Agama Islam Harus Di Hapus!!",1
Jurus InJourney Genjot Destinasi Wisata Super Prioritas di Mandalika,0
Pernyataan Tommy Soeharto Yang Mengganggu Fpi Akan Berhadapan Dengan Keluarga Cendana,1
"Jokowi Resuffle Kabinet, Menteri Lutfi Dipecat",1
"10 Rekomendasi Aktivitas Seru di Kintamani Bali, Sudah Coba?",0
Demi Maju Dampingi Anies ! Gibran Tunjukkan Surat Pengunduran Diri Dari Walikota,1
Pesan WhatsApp Bupati Bone Bolango Tawarkan Mobil untuk Dijual,1
"Asian Para Games 2023: Andalkan Nomor Sprint, Atletik RI Incar 4 Emas",0
"Menpora Bakal Beri Punishment Bagi Cabor Gagal, Ini Respons PBSI",0
EMPAT ORANG MASUK ISLAM SAAT MENDENGARKAN CERAMAH ZAKIR NAIK SELAMA UPACARA PEMBUKAAN PIALA DUNIA FIFA DI QATAR 2022.,1
Imigran Ilegal di Amerika Serikat Mendapatkan Kebebasan Lebih Untuk Akses Jaminan Kesehatan dan Hak Memilih Pada 2022,1
Indonesia Jadi Tampil di Piala Dunia U-20.,1
"18 Dampak Sosial Informatika, Pelajar & Mahasiswa Harus Tahu!",0
PDIP Usir Sandiaga Uno Karena Ngotot Jadi Wakil Presiden,1
"Iritnya Konsumsi BBM Suzuki Burgman Street 125 EX, Seliter Bisa Buat 56 Km!",0
"PPP Pasang Baliho Mahfud di Madura, Pengamat Sebut Langkah yang Tepat",0
"Peduli Ekonomi Hijau, Sandi Minta Semua Relawannya Dukung Ganjar-Mahfud",0
"Kasus Bunuh Diri di RI Nanjak Terus! Warning, Ini Tanda Orang Ingin Akhiri Hidup",0
5 Bahan Makanan Ini Paling Sering Dibeli Chef dalam Kondisi Beku,0
Bamsoet Kembali Terima Aspirasi Kaji Ulang Hasil Amandemen UUD NRI 1945,0
Ada Ajakan Aksi Bertajuk PUNCAK AKSI AKBAR TERBESAR *MENUJU KEMENANGAN* PRABOWO SUBIANTO SANDIAGA UNO,1
Foto Presiden Jokowi Memberikan Minyak Goreng kepada Pebalap MotoGP Miguel Oliveira,1
"Jurusan Ilmu Komunikasi Terbaik di Indonesia Versi THE WUR By Subject 2024, Selamat!",0
Rumah DP 0% DKI Jakarta dengan Foto Peti Mati,1
Foto Tentara Inggris dan Jerman Bermain Sepak Bola saat Gencatan Senjata Natal 1914,1
"Baliho Ganjar-Mahfud di Gianyar Dicopot, Ini Penjelasan Satpol PP",0
"Bobby Charlton Wafat, Skuad Inggris 1966 Tinggal Menyisakan Satu Legenda",0
Usus Buntu Bukan Disebabkan Oleh Menelan Biji Jambu,0
2014 Jokowi tidak di wakili suara rakyat menjadi presiden dengan kecurangan,1
"Reuni Alumni SMA 14 Jakarta, Bamsoet Harap Rekatkan Lagi Persaudaraan",0
Hashim Yakin Energi Muda Gibran Unggul saat Debat Vs Mahfud dan Cak Imin,0
Bamsoet Diangkat Jadi Dosen Pascasarjana Fakultas Keamanan Nasional UNHAN,0
"Jokowi Bawa Pesan Penting dari PBB soal Perubahan Iklim, Apa Itu?",0
"Kartu SIM XL, Indosat, Smarfren, dan Telkomsel Disadap Badan Intelijen AS",1
"558, 1000, hingga 50.000 Orang Masuk Islam Sebelum dan Pasca Pembukaan Piala Dunia Qatar 2022",1
"Video Ini situasi terkini di AS negara super power yang menderita, akibat adanya resesi yang melanda dunia.",1
Pernyataan Ekstrim Menteri Kesehatan Letjen TNI dr. Terawan Agus Putranto Sp. Rad,1
"FIFA Coret Israel, Tunjuk Indonesia dan Argentina Menjadi Tuan Rumah Piala Dunia U-20.",1
"Randai Kuantan, Tarian Pola Lengkap asal Kuansing Berisi Pesan Moral",0
PDIP Sulsel Mau Ketua TPD Ganjar-Mahfud Pengganti Danny dari Internal Partai,0
Video Pengibaran Bendera Bertuliskan Kalimat Tauhid,1
Audrey Yu Jian Hui Pernah Bekerja di Nasa,1
"Ma ruf Amin: Kalo Urusan Nipu Rakyat Jokowi Ahlinya, Saya juga Diajarinya, Sekarang Sudah Ahli",1
"puteri Ameera, anaknya Raja Salman",1
Pertama Kali! AI Bisa 'Baca' Teks Kuno Era Romawi pada Gulungan Papirus,0
PAN Sebut Gibran Bukan Pembangkang tapi Pejuang,0
Link Program Bantuan Pulsa 200 Ribu dan Kuota 75 GB,1
Nusron Wahid Persilakan PDIP Pecat Gibran: Tak Usah Dibuat Melankolis,0
Viralkan Berulang ulang karena Ini Masalah Nyawa,1
Pandangan Eks Hakim MK soal Polemik Putusan Usia Capres-Cawapres,0
"Akibat Sumur Resapan Amblas, Sebuah Mobil Terperosok",1
Proses Pemilu dimasa Corona hanya menguntungkan petahana,1
Teuku Yazhid Pastikan Dirinya Bukan Pria Berserban Hijau yang Ancam Jokowi,1
"Penemuan Rangka Wanita Kalangan Elit dari Abad Kedua, Makamnya Masih Utuh",0
"Video Penampakan Makhluk Asing di Kota Caldwell, Idaho",1
Prabowo Dukung Paslon No. 01 Pilkada Kalimantan Tengah 2020,1
Foto Spanduk KAMI OPTIMIS PAK JOKOWI TAK AKAN BOHONG DAN INGKAR JANJI LAGI,1
Sofyan Tsauri Brimob Pencetak Teroris,1
Penjelasan PSI Sumut Soal Tagline 'Partai Jokowi' di Baliho,0
Sejarah Kongres Pemuda I dan II,0
"Yenny Wahid Merapat Ganjar-Mahfud, PKB: Nahdliyin Jatim Sudah Sadar Politik",0
Ucapan Selamat Anies dan Ganjar untuk Prabowo-Gibran yang Daftar ke KPU,0
12 Satuan Pendidikan Vokasi Pamer 72 Karya Busana di JMFW 2024,0
Gerindra Bogor Targetkan 70% Suara untuk Prabowo-Gibran,0
"Megah! Ini Mal Terbesar di Dunia yang Luasnya 1,3 Juta Meter Persegi",0
RAJA SALMAN DOAKAN ANIES JADI PRESIDEN 2024,1
Pulau RI Dijual Online,1
"Survei LSJ: Prabowo-Gibran 52,8% Vs Ganjar-Mahfud 40,1%",0
Mesut Ozil Sindir Indonesia dan Wapresnya Perihal Uighur,1
Foto Helikopter-Tank Pertama di Dunia Buatan Turki dan Pakistan,1
Telur Palsu Beredar di Pasaran,1
Loker Dinas Pendidikan Kabupaten Gresik Januari Tahun 2022,1
"Hari Kesehatan Mental Sedunia 2023: Tema,Sejarah, dan Twibbon Lucu",0
"15 Contoh Penelitian Geografi, Kenali Juga Langkah-langkahnya",0
Inovasi NLE Optimalkan APBN 2024 Lewat Efisiensi Arus Logistik,0
"Foto ribuan orang mengantri untuk membeli jam tangan pintar Jepang ini, kekurangan oksigen menyebabkan banyak orang pingsan",1
Dito Ajak Pemuda Nongkrong di Kemenpora,0
"Snapdragon 8 Gen 3: Fitur, Peningkatan dan Daftar HP yang Disokong",0
"Bikin TikTok Meledak di 2018, Begini Kabar Bowo TikTok Sekarang",0
"Terkait Drone China, Prabowo Mengatakan China Adalah Negara Sahabat",1
Video AKHIRNYA ADIAN DIANGKAT JADI MENTERI DETIK DETIK JOKOWI PIMPIN LANGSUNG SUMPAH JABATAN,1
Kemenag Resmi Luncurkan Sertifikasi Dai,1
Asian Games 2023: Indonesia Selesai di Tujuh Emas,0
"Penggalian Kuil Api Kuno Era Sassanid, Masa Penting dalam Sejarah Iran",0
Sepi Dari Pemberitaan Media. Today REVOLUSI Di Mulai untuk Berjuang Menumbangkan REZIM JOKOWI,1
"Asian Games 2023: Widiasih Raih Perak, Penasaran sama...",0
DETIK-DETIK BABI BERUBAH MENJADI MANUSIA,1
"Lika-liku Pembangunan Tugu Kebangkitan Nasional, Ganti Nama-Ditolak Belanda",0
"Anies Akui Semua Hutangnya, Permalukan Diri & Para Pendukungnya",1
"Sakit Hati Karena Disebut Lame Duck (Bebek Lumpuh) , Jokowi Tampar Rizal Ramli",1
"Oppo Rilis File Opening Anywhere, Bikin Find N3 dan MacBook Terhubung",0
Menpora Percepat Evaluasi Cabor demi Olimpiade Paris 2024,0
Pesan Berantai Grand Design Uji Coba Pembantaian Menggunakan Gas Beracun Melalui Pertandingan Bola,1
ELITE PDIP TINGGALKAN GANJAR DAN SETUJU ANIES VS PRABOWO DI pILPRES 2024,1
Pengalaman Berada Dalam Terowongan Hamas: Seperti Tenggelam,0
Orang-Orang Israel Dikeroyok Di Piala Dunia Qatar 2022,1
Samsung Targetkan Penjualan 20 Juta Ponsel Lipat di 2024,0
Klasemen Asian Para Games 2023: Indonesia Naik ke Peringkat Delapan,0
"PDIP Merasa Ditinggal Jokowi & Keluarga, Ganjar: Banteng Nggak Cengeng",0
Kasatgas Antimafia Bola Beberkan Motif Dua Penyuap Kasus Match Fixing Liga 2,0
Radiasi 5G Menyebabkan Gelaja Mirip Flu,1
"Kaesang Safari di Kupang: Partai Banyak, Silakan Pilih Sendiri",0
PDIP Jateng Buka Suara soal Spanduk Petruk 'Ojo Ilang Jowone',0
"Mengatasi Blank Spot Pakai Satelit, Bisa?",0
"Nissan Bakal Luncurkan Calon Pesaing Alphard dan Lexus LM, Intip Wujudnya",0
"ide menarik banget dari Kwik Kian Gie, Ayo, mulai 05 November s.d 05 Desember 2020 jangan belanja di mall",1
Video Sosok Makhluk Durhaka Ke Orang Tua Berbadan Hewan Berkepala Manusia,1
Pemerintah Berencana Punya Dana Abadi Pariwisata Rp 1 T,0
BRIN Buka Pendaftaran International Workshop Ketahanan Iklim & Bencana,0
Satuan Pendidikan Segera Lakukan Verifikasi Data Siswa Penerima PIP,0
VIDEO TEAMTALK MESSI JELANG LAGA MELAWAN INDONESIA,1
Anies Baswedan Pimpin Demo di Rempang Batam,1
Ferry 'Stoik' Ngobrol Bareng Abdur Arsyad soal Beda Cara Cinta Indonesia,0
Ruhut Sitompul Diumumkan Menjadi Anggota BPIP Menggantikan Mahfud MD,1
Cerita Anak Mahfud Md Awalnya Tak Tahu Ayahnya Akan Jadi Cawapres Ganjar,0
Presiden Macron Dilempari Telur Karena Menghina Islam,1
PKS Tolak Dinasti Politik: Makan Banyak Korban karena KKN,0
Relokasi 3 SD di Pandeglang Terdampak Proyek Tol Serang-Panimbang Terkendala,0
Gerindra-Golkar Bahas Strategi Pemenangan Prabowo-Gibran di Jatim,0
Main Event Piala Presiden Esports 2023 Resmi Digelar,0
Wapres Rakyat Yang Tidak Mau Bayar Iuran Kenaikan BPJS Dosanya 3 Turunan Tidak Diampuni,1
"Maruarar: Makan Siang Bareng 3 Capres Politik Sejuk, Jokowi Negarawan",0
"Papu Gomez Positif Doping, Salahkan Obat Batuk Anak",0
Rezim Jokowi Menghapus Tap MPR Tentang Larangan Ajaran Komunisme,1
"Gibran Disayang, Gibran Membangkang",0
Undangan Sosialisasi Permendikbudristek Nomor 39 Tahun 2021,1
"Novel Bamukmin Resmi Jadi Cawapres Anies Baswedan, PKS dan Demorat Tarik Dukungannya",1
Permintaan 'Pak Lurah' 3 Periode yang Diungkit Lagi oleh Hasto,0
TINGGALKAN KURSI ISTANA || MA RUF AMIN MILIH FOKUS DAN MANTAPKAN DUKUNGAN KE ANIES.,1
"Tolak Kedatangan Ganjar, Ribuan Mahasiswa Tutup Jalan Utama Surabaya",1
Pencopotan Baliho Ganjar-Mahfud Saat Kunjungan Jokowi Bikin Sakit Hati PDIP,0
"Fakta Menarik Kota Sukabumi, dari Sejarah hingga Mitos",0
"Kisah Penjara Terkejam Batavia, Napi yang Tertawa Dilempar Granat",0
Mencermati Sikap PDIP ke Gibran yang Kini di Sisi Prabowo,0
5 Informasi Soal Jembatan Kaca di Malang Retak Bikin Ketar-ketir,0
Penjelasan terkait Video Truk Kontainer Bergambar Jokowi-Ma ruf Amin,0
Video BERITA TERKINI ~ TURK1 DAN ARAB SIAP R4TAKN PRANCIS PENGH1N4 15L4M,1
"Tangguh di Kuartal III, BSI Catatkan Laba Sebesar Rp 4,20 T",0
Video MEGAWATI PANIK !! 8 PARTAI RESMIKAN MENANGKAN ANIES 2024,1
Ganjar Respons Anies: Negara Memang Milik Kita Rakyat Indonesia,0
Guru di Langkat Cabuli 10 Siswi SD Saat Pelajaran Olahraga,0
"Pamer Kecanggihan JIS, Presiden FIFA Akui Anies Sosok Pemimpin Masa Depan",1
Gibran ngimpi akan bebasin Palestina dari Israel,1
Surat Presiden Jokowi Meminta Dukungan kepada BUMN untuk Pemenangan Pilpres 2019,1
Gus Ali Gondrong Dukung Ganjar-Mahfud Md: Keduanya Warga Nahdliyin,0
Bank DKI Teken Kerja Sama Pendirian Galeri Investasi Digital di CMSE 2023,0
Video SOMBONG BANGET ! Kapolda Metro Fadil rampas KTA Paspampres,1
Bandara Luton di Inggris Terbakar yang Bersumber dari Mobil Hybrid dengan Baterai Listrik,1
Politisi PKB Cucun Ajak Pendukung Capres-Cawapres Bekompetisi Fair,0
Fatwah wapres gila Menghina Jokowi Soal Mudik dan Pulkam Neraka Jahanam Tempatnya,1
Heboh! Pernyataan Dokter Indonesia Soal Covid,1
Bos Pabrik Pembuat iPhone Terancam Senasib dengan Jack Ma,0
"Pesan Fadli Zon kepada SBY: Saya Kena Bully Setiap Hari, Masak Saya Dibilang Ikan Buntal",1
Selain itu juga ada kolom agama di kosongkan,1
Jokowi Yakin Gibran Lebih Pintar Urus Solo Dan Jakarta Dari Pada Diri Saya,1
Letusan Gunung Tambora yang Menginspirasi Nama Sepeda,0
"Amsterdam Naikkan Pajak Turis di 2024, Jadi Termahal di Dunia",0
"Demo di Patung Kuda, Massa Bakar Ban hingga Lempar Batu ke Petugas",0
Harapan untuk MotoGP Mandalika Tahun Depan,0
Polling Perppu Ormas oleh Gibran Rakabuming,1
Ini 6 Contoh Proposal Kegiatan Beserta Strukturnya yang Benar,0
Presiden Ukraina Menyambut Prajurit Robot,1
Polisi Ungkap KKB Pimpinan Arnold Kocu Dalang Penembakan di Pos TNI Arobi,0
Video polisi cina kok di indonesia,1
PSI KECEWA DENGAN PDIP DAN BERBALIK DUKUNG ANIES BASWEDAN DI PILPRES 2024,1
Nggak Bakal Bikin Tersiksa! Ini 6 Cara Turunkan BB Tanpa Diet dan Olahraga,0
Kekhawatiran Gus Miftah Jelang Tahun Politik,0
Drone Mata-Mata Berbentuk Serangga yang didanai oleh Pemerintah Amerika Serikat dan Sudah Dalam Masa Produksi,1
"SBY Siap Kembalikan Dana Bank Century Rp6,7 Triliun untuk Bantu Covid-19",1
Huawei Patenkan Pendeteksi Demam di Perangkat Wearable,0
Ungkapan Hati BJ Habibie Soal Akhirat,1
Respons Irman Gusman Usai Dicoret KPU Sumbar dari Calon DPD-RI,0
"menolak lupa, wajah sedih diubah menjadi gembira oleh kebohongannya.",1
Akun Facebook Komisioner Komisi Independen Pemilihan (KIP) Pidie Jaya Masrur Salamuddin,1
"Gelar World Walking Day, Walkot Tangerang: Mudah-mudahan Semangat Jalan Kaki",0
AKHIRNYA TERUNGKAP.!!! RUMAH GUBERNUR DKI DISEGEL. KPK TEMUKAN BUKTI KUAT ASET KORUPSI TERNYATA,1
Ada Pelatihan Desain Grafis Gratis nih!,0
Mantan Bupati Lumajang Pimpin Timses AMIN di Jatim,0
Johnny Plate: Apa Benar Pendapat bahwa Saya Jadi Tersangka karena Politik?,0
JHONNY G PLATE DAN ISTRI PALOH TERBUKTI SEKONGKOL,1
"Pelapor Pertanyakan Sidang Etik Anwar Usman Sangat Cepat, Ini Kata MKMK",0
"Rangkaian Acara Puncak Hari Santri 2023, Digelar di Surabaya",0
Nusron Bantah Jokowi-Gibran Berkhianat: Lebih Mementingkan Kehendak Rakyat,0
Harga Remington Catokan Pelurus Rambut Oktober 2023,0
Matthew Perry Si Pendulang Tawa Penuh Nestapa,0
373 KABUPATEN SERENTAK DEKLARASIKAN ANIES PRESIDEN,1
"Rakor dengan Bawaslu, Polres Malang Siap Amankan Pemilu 2024",0
Ini Sederet Keunikan di Deli Serdang,0
"GEMPAR!! PRESIDEN TEMPUH LANGKAH HUKUM, TUDUHAN SURYA PALOH LANGSUNG DI SIKAPI TEGAS.",1
Meteor Jatuh di Wilayah Indonesia Pada Tanggal 7 Mei 2022,1
Seekor Naga Ditemukan di Mongolia,1
Ternyata Oh Ternyata! Ini Untungnya Truk Pakai Swap Baterai,0
Hasil Scanning Port Bolong,1
"Bantuan 3,5 Juta dari Pemerintah untuk Seluruh Pemilik E-KTP",1
Kata Cak Imin soal Hadapi Anak Presiden di Pilpres 2024,0
Ustadz Abdul Somad (UAS) Meninggal Dunia,1
Seorang Perempuan Rela Digilir Demi Lunasi Hutang Pada Fintech,1
Kaesang Targetkan PSI NTT Amankan 1 Fraksi DPRD Tiap Kabupaten/Kota,0
"Gelar Nobar Serentak Film 'Kejarlah Janji', KPU Raih 2 Rekor MURI",0
Saat Puan Kembali Meredam Isu Jokowi dan PDIP Memanas,0
Din Syamsuddin Mengundurkan Diri Karena Kecewa Jokowi Tak Temui Ulama Uzbekistan dan Xinjiang,1
Video Pesepeda Masuk Pantai Indah Kapuk Harus Pakai Paspor,1
Eri Cahyadi sebagai Juru Kampanye Ganjar Akan Sadarkan Pemuda Surabaya,0
"DEMI TIGA PERIODE, JOKOWI RELA BAYAR 500 TRILIUN KE BAWASLU DEMI JEGAL ANIES",1
Gubernur Khofifah Dorong Santri Ikut Cegah Perpecahan di Pemilu 2024,0
Allied Telesis Mulai Produksi Switch di Batam,0
Pemkot Palembang Putuskan Kebijakan Baru Jam Sekolah Hari Ini,0
Kemendagri Tunjuk Akbar Ali Jadi Pj Wali Kota Parepare Gantikan Taufan Pawe,0
PSI Desak Pengedit Video Jokowi Berbahasa Mandarin Diproses Hukum,0
Gambar Tangkapan Layar Artikel CNBC Luhut : Jawa Barat Pasti Mendukung 3 Periode!,1
"Dapat Suara Terbanyak Menjadi Ketua DPR, Puan Berjanji Akan Mensejahterakan Partai",1
Klarifikasi Tokopedia Terkait Isu Kebocoran Data,0
Panda Nababan Kembali Sebut Gibran Anak Ingusan,0
Video TANPA ROMPI PENGAMAN JOKOWI TINJAU LANGSUNG PULAU PASIR DI NTT,1
"Spanduk Berlogo PKS dan HTI Bertuliskan #2019 Ganti Presiden, Ganti Sistem, Khilafah Islamiyah",1
Seluruh Objek Wisata di Kabupaten Pangandaran Telah Dibuka Kembali,1
Rumah Ganjar Disita KPK,1
"Bis Surat Hilang Ditelan Zaman, Kini Jadi Pemanis Trotoar",0
"Maju Cawapres, Gibran Usung Kredit Startup Milenial",0
"Sederet Cara agar Suami Tak Cepat Keluar saat Bercinta, Bikin Istri Makin Puas di Ranjang",0
ITS Berhasil Ciptakan 7 Alkes Berbasis Teknologi Pertama di Indonesia,0
Pejabat di 11 SKPD Makassar Terancam Dicopot Buntut Realisasi APBD Rendah,0
Gibran dan Ilusi Representasi Politik Anak Muda,0
"PKI Jaya TNI, Waspadalah",1
"Asian Para Games: Lawn Bowls Buat Kejutan, Raih Emas Keenam Indonesia",0
ULAMA NU SEINDONESIA DOAKAN ANIES BASWEDAN JADI PRESIDEN 2024,1
"Mahasiswa UGM Ciptakan 'Lidah' Pendeteksi Mineral, Begini Bentuknya",0
Turnamen Biliar Ini Digelar Demi Kebangkitan Wisata Olahraga RI,0
Vaksin dengan Pfizer Dapat Menularkan Virus ke Orang yang Belum Divaksin,1
Surat Edaran Workshop PAK dan APAK untuk Jabatan Fungsional Perencana oleh Pusbindiklatren,1
Pelintiran Konteks Foto APD Hasil Ekspor Korea bertulisan Made Indonesia,1
Pernah Dengar Beehive? Konon Bisa Dinginkan Rumah Tanpa AC Lho,0
PDIP RESMI UMUMKAN PASANGAN GANJAR-AHOK,1
"Puan soal Status Gibran di PDIP: Baik-baik Saja, Sudah Cawapres Mas Prabowo",0
"Bekal ""Strategic Foresight"" untuk Para Capres",0
Artikel Berita Berjudul Barcelona Tunjuk Luhut Panjaitan Sebagai Pelatih Menggantikan Ronald Koeman,1
Refly Harun Sebut Anies Tak Bisa Jadi Presiden Karena Bukan Orang Indonesia Asli,1
Mesin Aneh HAARP Terlihat di Langit Turki yang Menyebabkan Gempa Bumi,1
Ucapan Sakit Hati PDIP ke Jokowi: Diberi Privilese tapi Tinggalkan Partai,0
Satu RT di Ciracas Terkena Covid-19,1
"KNPI Kepahiang Versi Igor Cairkan Dana Hibah, Kubu Unar Bonte Protes",0
Panglima Yudo ke KSAD Agus: TNI Harus Netral di Pemilu 2024,0
Danny Bakal Mundur dari Ketua Tim Pemenangan Daerah Ganjar-Mahfud di Sulsel,0
Daftar HP yang Tidak Bisa Akses WhatsApp per 24 Oktober 2023,0
"5 Beasiswa UI untuk Mahasiswa, Catat Tanggalnya dan Daftar Langsung!",0
"Lembaga Pengelola Dana Abadi Terbesar di Dunia Rugi Rp 538 T, Ini Biang Keroknya",0
Alasan Promotor Pilih GBK untuk Konser Ed Sheeran 2024,0
"Buat Solusi Atasi Stunting, Mahasiswa UNS Kembangkan Enkapsulasi Minyak Sacha Inchi",0
"Judul Artikel Jokowi Kembali Maju di Pilpres 2024, Rakyat akan Sangat Bahagia Sebab Rakyat Amat RI Amat Menyayanginya",1
Jalan Berbeda Gibran Dianggap PDIP Pembangkangan,0
"SMK Stella Maris Dibobol Mantan Satpam, Springbed hingga Kotak Tisu Digondol",0
Bejat! Guru SD di Langkat Cabuli 10 Siswi Saat Belajar di Sekolah,0
Viagra Dapat Menyembuhkan Covid-19,1
PT Buana Varia Komputama Kenalkan Sejumlah Inovasi di Bidang Kesehatan,0
"Peringati Hari Sumpah Pemuda, Banom PPP Kenalkan Ganjar-Mahfud ke Gen Z",0
Gambar Presiden Jokowi Kalian Siap saya pimpin Tiga Periode,1
"Di Balik Sukses MotoGP Mandalika, Ada Kisah Panjang Pembuatan Sirkuitnya",0
Pj Walkot Cimahi Diminta Segera Selesaikan Masalah Sampah-Keamanan,0
Akun Facebook Gubernur Lampung Arinal Djunaidi,1
IKN Bakal Dilengkapi Jaringan Internet Cepat,0
Breaking News: Megawati Mengundurkan Diri Dari Ketua Umum PDIP,1
Merasakan Ketegangan Gerbang Dunia Lain di Trans Sudio Bandung,0
"Singapura Blue Zone, Ini 5 Hal yang Dilakukan Warganya buat Hidup Panjang Umur",0
Saptoyogo Puas dengan Catatan Gemilangnya di Asian Para Games,0
Poster Deklarasi Anies Baswedan dan Ganjar Pranowo Untuk Capres dan Cawapres 2024-2029,1
#Pray for Banglades,1
mereka sdh melegalkan kemaksiatan,1
MPR dan DPR Resmi Deklarasikan Anies AHY Gantikan Jokowi,1
"Jadi Mentan Lagi, Amran Sulaiman Serahkan Gajinya buat Yatim Piatu",0
"Tekan Gas Rumah Kaca, PGN Kembangkan LNG Bunkering Services",0
Undangan Aksi HMI menuju Balai Kota untuk Seret Anies Baswedan,1
Batu Calcium Oxalate di Ginjal Karena Suka Sekali Konsumsi Soft Drinks,1
"BREAKING NEWS.. GIBRAN ANAK JOKOWI DI SERANG, USAI POSTING FOTO ANIES BASWEDAN PAKAI BAJU ORANGE",1
"Kim Kardashian Rilis Bra Berputing, Netizen: Dia Gila",0
Penyebab Kematian Amien Rais,1
Bom Waktu Masalah (Pengelolaan) Sampah,0
2 Ketua KONI Tapsel Divonis 1 Tahun Penjara Perkara Korupsi Rp 1 M,0
Keren! Alat Penyerap Gas Karbon Berhasil Dibuat Mahasiswa UGM & Bisa Dipantau Real Time,0
"HNW Ingin Pemuda Jadi Inisiator, Maju Terdepan Selamatkan Bangsa",0
Daftar 118 Warisan Budaya Tak Benda di Jabar,0
Alhamdulillah! Satelit Satria-1 Sampai Slot Orbit 146 Derajat Bujur Timur,0
"Gagal Jadi Cawapres, Relawan Tetap Fatsun ke Sandiaga Uno",0
"Hasto Lempar Isu Kartu Truf, Gerindra: Yang Sebar Fitnah Akan Dijauhi",0
racun di sebarkan pesawat untuk area madura,1
Dari Jusuf Kalla: PERJUANGAN MORAL JOKOWI,1
Foto Kader Perempuan PKS Menggunakan Atribut #2019TAMBAHISTRI,1
Survei UM Surabaya: Pemilih Muda Jatim Lebih Pilih Prabowo-Gibran,0
Titik Start-Finish Jalan Sehat Hari Santri 2023 Pindah ke Gedung Grahadi,0
Bakal Ada Liga Basket 3x3 Profesional Pertama di Indonesia,0
PSI Buat dan Pasang Spanduk yang Bertuliskan Hargai Hak Hak LGBT,1
Ma ruf Amin Sebut Memilih Jokowi dengan Dirinya Sama Saja Sudah Mengantongi Tiket Surga,1
Puan Sisipkan Pesan Etika Politik di Video Kompilasi Ketemu SBY-Paloh,0
"Cak Imin: Saingan Kita Kuat dan Punya Segalanya, tapi..",0
Vaksin Covid-19 Mengandung Microchip Magnetik,1
"Gangguan Jaringan Massal, Internet Indonesia Ternyata Di-hack",1
Paus Fransiskus Mengatakan Vaksin Covid Sekarang Akan Diperlukan Untuk Masuk Surga,1
Beda Sikap saat Anies Baswedan dan Kaesang Berkegiatan di Bandung,0
"Margriet Si Pembunuh Engeline, Ikan Tongkol dan Kucing Kesayangannya",0
"Anies Baswedan Tersangka Kasus Korupsi Formula E dan Bansos, Heru Budi Serahkan Bukti Akurat Korupsi ke KPK",1
Wow Akhirnya Kang Elon Musk Bikin Tweet Kunjungan Presiden Jokowi,1
"Sejarah Lagu Indonesia Raya di Momen Sumpah Pemuda, Tak Banyak yang Tahu!",0
BUS PEMAIN TIMNAS BRASIL DILEMPARI BATU SUPPORTERNYA SENDIRI,1
JOKOWI PERINTAHKAN KAPOLRI UNTUK PENJARAKAN GANJAR,1
"Waswas APBN Negaranya Jebol, Ekonom Israel Bikin Surat Terbuka ke Benjamin",0
"Putri Tanjung Senang 800 Ribu UMKM Go Digital, Tahun Ini Inovator Wanita 30%",0
"Bank Daerah Geber Ekonomi di Lingkungan Pesantren, Begini Caranya",0
Alasan Gibran Tak Dipecat PDIP Meski Jadi Cawapres Prabowo,0
Apa Tujuan Akhir Invasi Darat Israel ke Gaza?,0
Memakai Masker Dapat Menyebabkan Kematian Akibat Keracunan Karbon Dioksida (CO2),1
"TERSANDUNG KASUS 50 MILIAR, BAWASLU BIKIN ANIES GAGAL NYAPRES",1
"Hematoma: Jenis, Penyebab, Gejala, serta Cara Mengobati dan Mencegahnya",0
"6 Obat Nyeri Sendi Secara Alami, Salah Satunya Adalah Jahe",0
Foto Kebobrokan Indonesia yang Harus Ditutupi,1
GEGER SORE INI !! JOKOWI DIBIKIN TR GIS || UPAYA UNTUK JEGAL ANIES BERAKIBAT FATAL.,1
PDIP Tunggu Etika Politik Gibran Kembalikan KTA Usai Jadi Cawapres Prabowo,0
"Philips Air Fryer Philips Low Watt, Ini Harga Terbarunya",0
"Muncul Baliho Prabowo 'Medan Merdeka Utara Ya', Gerindra: Keren Banget",0
"Weekend Seru, Arung Jeram Dulu di Sungai Citarik",0
Pelaku Penembakan Mantan PM Jepang Shinzo Abe,1
Foto Bendera Ukraina dan Nazi This is Ukraine White Supremacy.,1
Anies Baswedan Resmi Deklarasikan AHY sebagai Cawapres,1
"Kejar Ketertinggalan di Bidang AI, Apple Gelontorkan Rp 15,8 T per Tahun",0
lengan kanan dekap lengan kiri,1
Foto Pendaratan di Bulan dari Deep Web,1
Bill Gates Membeli Telegram,1
Video Surat Suara Sudah Tercoblos 01 Di Medan,1
Foto 4 Orang Alami Kelumpuhan Wajah Setelah Disuntik Vaksin Corona,1
"Baliho Ganjar-Mahfud Dicopot, PPP Singgung Baliho Prabowo-Gibran di Sumbar",0
Video Pria Ditinggal Nikah Setelah Pacaran 5 Tahun,1
"Celana Travis Kelce Jadi Sorotan, Disebut Mirip Gorden Rumah Taylor Swift",0
"FX Rudy Minta Gibran Pamitan: Datang Kelihatan Muka, Pergi Kelihatan Punggung",0
GELOMBANG KE-2 Kuota Internet Free dari Operator sebesar 50 GB,1
Mentan Andi Amran Janji Segera Atasi Masalah Pangan di Papua,0
"Toyota Bakal Pamer Calon Mobil Listrik Baru, Begini Wujudnya",0
Paus Jenis Nun Terdampar di Pantai Nunhila,1
"Manfaatkan Limbah Cangkang, Mahasiswa UB Ciptakan Baterai Kendaraan Listrik",0
PAN Harap Gibran Tetap Kader PDIP Agar Tak Terkesan Ada Penzaliman,0
Rektor ITB Bantah Berikan Dukungan kepada Satu Pasangan Cagub dan Cawagub Jabar,0
"Gelar Deklarasi Akbar, Tommy Soeharto Ajak Seluruh Warga Jateng Dukung Anies Baswedan",1
BNPB KLARIFIKASI VIDEO ERUPSI GUNUNG MERAPI,0
"Sedih Banget, Ratusan Lumba-lumba Mati karena Sungai Amazon Mengering",0
Infografis 7 Kebiasaan yang Dapat Merusak Otak oleh WHO,1
"ISTANA : TIDAK ADA LOCK DOWN DAERAH, KEPALA DAERAH YANG MEMBUAT ATURAN SENDIRI, AKAN DI KENAKAN SANKSI",1
Raja Salman telah meninggal dan terindikasikan keracunan kopi,1
"MAMVUS ! AMIREN RAIS GEMETAR KETAKUTAN, JOKOWI TAK MAIN-MWIN SERET SITUA BANGKA KERANAH HUKUM",1
Rekaman Video Asusila Panji Gumilang Terhadap Para Santri.,1
China Ingin Libatkan Pihak Asing Ikut Program Luar Angkasa,0
"Murai Art Projects Gelar Pameran Seni Continuum, Langgar Batas Kreativitas",0
Di Luar Angkasa Ada Apa Saja? Ini Berbagai Hal Menakjubkan di Dalamnya,0
"Ikut JMFW 2024, Karya Siswa Vokasi Bisa Go Global-Digaet Desainer Ternama",0
BREAKING NEWS ! PANJI GUMILANG DIJEMPUT PAKSA LANGSUNG DIKAWAL MAHFUD MD APARAT GERAK CEPAT.,1
NASA Berencana Bangun Rumah di Bulan Pada 2040,0
Mal Artha Gading Ajak Keluarga Seru-seruan Lari Sehat di Kiko Run,0
Ini Cara Pertamina Hulu Energi WMO Perkuat Ekonomi Masyarakat Bayusangka,0
"Heboh Video Jokowi Fasih Bahasa Mandarin, Kominfo: Editan Menyesatkan",0
"PAN soal KPU Digugat Rp 70,5 T: Wajar, Prabowo-Gibran Pasangan Idaman",0
"Blak-blakan Anak Mahfud Md soal Terjun ke Politik: Belum, Bukan Tidak",0
Panglima TNI yang Baru Marsekal Hadi Tjahyanto Bersama Istri Lim Siok Lan,1
Berbeda Tetap Fun Juga: Peran Penting Anak Muda Lakukan Perubahan,0
Bantahan Informasi Terkait Seruan Supporter Sepak Bola Indonesia Ikut Demo di DPR,1
Oezil Apresiasi Dukungan Suporter Celtic ke Palestina,0
Menag nya Saja Bilang mesti DIRANGKUL,1
KKP Amankan 6 Kapal Maling Ikan di Selat Malaka dan Laut Sulawesi,0
Semua Fraksi Sepakat Copot Anies,1
SBM ITB Berikan Kesempatan Belajar Bagi Lulusan SMA Kurang Beruntung,0
"TERUNGKAP, IMAM BESAR JADI DALANG UTAMA PEMBAKARAN BENDERA PDI-P",1
"AJAK JIHAD BUNUH JOKOWI, PRIA BERSORBAN INI DITANGKAP SAAT CERAMAH",1
ANIES RESMI UMUMKAN GATOT NURMANTYO SEBAGAI CAWAPRES LAWAN GANJAR DI PILPRES 2024,1
Klarifikasi BIN terkait Pesan Berantai yang Sebut 29 Tokoh Pendukung Prabowo-Sandiaga sedang Dimonitori oleh Aparat,0
"Menguji Target Ekonomi Ganjar-Mahfud dan Anies-Cak Imin, Mana Lebih Realistis?",0
Warisan Ataturk Bayangi Peringatan 100 Tahun Republik Turki,0
Stop LK21 dan IndoXXI Bahaya! 17 Link Nonton Online Bebas Virus,0
RI & China Garap Studi Proyek Kereta Cepat Nyambung Surabaya,0
"Foto Planet Merkurius, Venus, dan Saturnus Sejajar dengan Piramida Giza",1
Cerita Kepala SMKN 2 Palembang Minta Mobil Listrik ke Jokowi: Siang Ini Kami Antar,0
"Jika Jadi Presiden, Ganjar Ingin Bangun Sekolah Bola di Papua",0
Rumah Rocky Gerung Dibakar Massa,1
"3 Hidden Gem di Sarkem Nih Gaes, Ada Toko Buku Unik-Bangkai Pesawat di Hotel",0
Artikel Analisis Mulyo Wibisono yang Diedarkan Kembali,1
"Demi Palestina, Cristiano Ronaldo Sumbang Rp 21,7 Miliar",1
"Desak Pencopotan Ketua MK, BEM Nusantara Jateng Gelar Aksi Damai",0
Vaksin Moderna Dirancang untuk Mengubah DNA Manusia,1
"Video Berita dengan Judul Kementerian Kesehatan Ukraina: 57 Orang Meninggal, 169 Orang Terluka di Seluruh Ukraina Akibat Serangan Rusia",1
Ribka Tjiptaning dan Iman Brotoseno adalah Ketua Panja RUU HIP,1
PKS Sumut: Hal Mendasar di Negeri Ini Tak Beres-Kebijakan Dibuat untuk Anak,0
MEGAWATI USIR JOKOWI DAN GIBRAN DARI PDIP,1
Pimpinan Muhammadiyah Cabang Mantrijeron Yogyakarta Ditangkap Densus 88,1
"RIPKA TJIPTANING : SAYA SENANG PKI BANGKIT LAGI, KAMI PASTI BISA",1
Kilang Pertamina Meledak Suplai Bahan Bakar Mengalami Kelangkaan,1
Pemuda Indonesia untuk Perubahan Deklarasi Dukung AMIN di 2024,0
PPP Putar Haluan Deklarasikan Dukung Anies Baswedan,1
Basarah PDIP Sebut Pernyataan Puan-Hasto soal Isu 3 Periode Tak Bertentangan,0
"Sering Tidur Pakai Bra, Aman Nggak Sih? Ternyata Begini Faktanya Menurut Dokter",0
Foto ternyata Ahmad Taufan Damanik ketua Komnas HAM boneka cendana,1
Proyek Metaverse Mark Zuckerberg Rugi Rp 59 T,0
Sandiaga Uno Bongkar Aib Anies Baswedan di Masa Lalu,1
Program Internet Gratis Pemerintah di situs program.internet.gratis.kominfo.go.id.kemeninfopw,1
Walkot Sebut Dapat Tiket ke Singapura jika Bisa Turunkan Hujan Cuma Jokes,0
Akun Twitter Kementerian Luar Negeri RI Unggah Video Porno,1
Pemasukan TikTok Digunakan untuk Mendirikan Kamp Konsentrasi Muslim Uighur China,1
1.048 Hektare Hutan di Lereng Gunung Agung Terbakar dalam Sebulan,0
Bencana Alam Tanah Longsor di Wilayah Lebakbarang Menimbulkan 5 Korban Jiwa,1
"MenPAN-RB Ungkap Belanja Aplikasi Pemerintah Tembus Rp 6,7 Triliun",0
"Peserta Jalan Sehat Bareng Anies-Cak Imin Padati GDC Depok, Lalin Macet",0
Ganjar Pranowo Kata Siapa Nonton Video Porno Bisa Membatalkan Orang Yang Sedang Berpuasa,1
Video Kerumunan Massa di Pemakaman Diego Maradona,1
Jawaban Sarmuji Kala Mahasiswa Pertanyakan Alasan Golkar Dukung Gibran,0
Ilmuwan Prediksi Emisi Global Bakal Pecah Rekor di 2023,0
PGTS-Ganesha Operation Buka Bimbel Gratis demi Anak di Kawasan Kaldera Toba,0
Trent Alexander-Arnold Jadi 'Pemilik' Tim F1,0
"Jawaban Nyeleneh Vera Wang Soal Resep Awet Muda di Usia 74, Burger dan Donat",0
Rektor asing pertama untuk memimpin kampus UNJ (Universitas Negeri Jakarta),1
Kesbangpol NTB Klarifikasi Pernyataan Terduga Teroris Terindikasi Bangun Ponpes,0
Forkopimda Kota Surabaya Deklarasikan Pemilu 2024 Damai,0
Lazada Gelar Seller Conference 2023 Dorong UMKM Indonesia,0
"Video Berita Terkini ~ Amien Rais Dikeroyok Oleh OTK, Keluarga Histeris Saat Mengetahui Kondisi Si Mbah!!",1
Video Protein yang Bergerak di Mikroskop,1
Peran Amir Syarifuddin Harahap dalam Sumpah Pemuda dan Sosok Pribadinya,0
"Jokowi Bertemu Relawan ABJ di Bali, Cerita soal Makan Siang dengan 3 Capres",0
Klarifikasi Milly Ratudian Purbasari terkait akun facebook Kinara Kania Putri yang memakai fotonya,0
Alasan Din Syamsuddin Mundur Dari Utusan Khusus Presiden,1
"Satria-1 VS Starlink Kasih Akses Internet di Pelosok RI, Ini Kata Bakti Kominfo",0
Enak ya di rusia .poligami jadi wajib,1
Indonesia Turunkan 32 Orang pada Defile Asian Para Games 2023,0
Video Megawati Pidato Anti Pancasila,1
surat kabar luar negeri memberitakan jokowi tukang ngibul,1
QATAR MENOLAK PENDARATAN PESAWAT TEAM SEPAK BOLA JERMAN YANG BERGAMBAR ATRIBUT LGBT.,1
Fakultas Ilmu Keperawatan UI Jadi yang Terbaik di Indonesia Versi EduRank 2023,0
Video Yel-yel Prajurit Raider Hasil Suntingan,1
"Survei ARCI di Jatim: Prabowo-Gibran 40,1%, Ganjar-Mahfud 35,9%, AMIN 22,2%",0
d'Advocate: Ancaman 3 Tahun Bui ke Suami yang Tidak Nafkahi Istri,0
Amazon Bagikan Hadiah Smartphone Huawei Mate 40 Pro 5G dalam Rangka Perayaan Ulang Tahun Ke-30,1
Momen Waka Gerindra Sulsel Salah Baca Teks Sumpah Pemuda Saat Jalan Sehat,0
"PDIP: Gibran Disiapkan ke Tingkat Lebih Tinggi, tapi Pilih Tabrak Konstitusi",0
"Menpora Dito Lepas 130 Atlet Asian Para Games 2023, Target 10 Besar-19 Emas",0
"Sukses Digelar, Apa Saja yang Ada di Beauty-Science Fest?",0
Atau ini bukti kecintaannya terhadap NKRI harga mati?,1
"Ajak Siswa Melek Literasi Keuangan, Dosen ITS Buat Permainan 'Tata Harta'",0
Catat! Ini Cara Cermat Gunakan Asuransi Kesehatan Lewat Halodoc,0
Momen Prabowo Main Air Bareng Anak-anak Banyumas Saat Resmikan Sumur Air,0
"Fasilitasi Atlet, PB ESI DIY Akan Bikin E-Sport Center",0
Najwa Shihab mempromosikan AC Mini melalui akun Facebook N b,1
"Elon Musk Pikir-pikir Mau Blokir X di Eropa, Ada Apa?",0
Bupati Dairi Apresiasi PLN yang Beri Bantuan Komputer ke SMP di Sidikalang,0
"Dituduh Tutupi Kasus Judi Ilegal Fagioli, Juventus Buka Suara",0
Muzani Tantang Hasto Buktikan Isu Kartu Truf Ketum Dipegang,0
"Pak De Donal Trump keleru nih, yang meninggal itu Maradona bukan Madonna",1
Foto Pemimpin Taliban Minum Wiski,1
Gugatan Lahan Stadion Mattoanging Tunggu Putusan PN Makassar Besok,0
Indonesia Tidak Dapat Menggugat Jika Vaksin Bermasalah,1
"Meski di Tengah Gurun yang Gersang, Kerajaan Ini Punya Pasokan Air Melimpah",0
"Mahasiswa ITS Buat Startup untuk Kurangi Waktu Rusak Mesin, Pernah Juara di Denmark",0
ATRIBUT DAN BALIHO ANIES DIBAKAR,1
FIFA Tunjuk Indonesia Sebagai Tuan Rumah Piala Dunia 2040,1
"Pantesan Singapura 'Blue Zone', Ini 5 Kebiasaan yang Bikin Warganya Panjang Umur",0
"Belum Sampai Dua Bulan Menikah, Kaesang dan Erina Tempuh Meja Hijau",1
Prabowo Pose Dua Jari Untuk Pilkada Bontang,1
Ancelotti Ingatkan Italia Waspadai Bellingham Saat Jumpa Inggris,0
Teten: Inovator Startup UMKM Digital Dilirik Investor Korea-Australia,0
Sindiran Anies Negara Bukan Milik Keluarga Dibalas Jangan Jargon Saja,0
JOKOWI RESMIKAN PASANGAN GANJAR PRANOWO-RIDWAN KAMIL UNTUK PILPRES 2024,1
PDIP Sebut Gibran Lakukan Pembangkangan Usai Jadi Cawapres Prabowo,0
Ganjar Yakin Jokowi akan Dukung Demokrasi Baik di Pemilu 2024,0
"Hadiri Ultah NWDI ke-88, Menag Dorong Madrasah untuk Bertransformasi Digital",0
Indonesia Rebut Medali Pertama di Asian Para Games 2023,0
Terowongan Gaza Bisa Bikin Pasukan Israel Mati Kutu,0
Habib Bahar dan Habib Rizieq Dieksekusi Mati Hari Ini,1
Pemprov DKI Dorong Integrasi Transportasi Massal untuk Atasi Kemacetan,0
Narkotika Jenis Kokain yang Siap Konsumsi Terdapat di Meja Kerja Presiden Ukraina,1
"Survei Indikator: 47,6% Responden Khawatir Politik Dinasti, 33,7% Biasa Saja",0
Penjelasan Lengkap terkait Miftahul Jannah yang Didiskualifikasi dari Asian Para Games 2018 karena Berhijab,0
Tema Hari Sumpah Pemuda 2023 Lengkap beserta Maknanya,0
"Djarot: Saya Gagal Beberapa Hal, Termasuk Pembangkangan Mas Gibran",0
Gerindra: Pak Prabowo Sudah Mengirim Utusan Untuk Kepulangan Habib Rizieq Shihab,1
Peran dan Kontribusi Telkomsel untuk Mewujudkan Kemajuan Indonesia,0
"Gibran: Jateng Tidak Mudah, Dulu Basis Kita",0
Indonesia dan 26 Negara Putuskan Keluar dari FIFA,1
"Jelang Pemilu, Kapolda Metro Minta Jajaran Intensifkan Jumat Curhat",0
"Israel Belum Juga Mulai Serangan Darat ke Gaza, Kenapa?",0
Viral Enuh Nugraha Lulusan ITB yang Ditemukan di Jalanan,0
Fakta Sesungguhnya terkait Video Deklarasi Keluarga Ibu Kandung Prabowo di Minahasa Mendukung Jokowi dalam Pilpres 2019,0
Kumpulan Mobil di Pool Grab Cinere karena Sopir Tidak Sanggup Bayar Kredit Saat Covid-19,1
Ayo makan tikus bakar gaes,1
Foto wanita Iran yang menonton Piala Dunia tanpa hijab menjadi viral,0
Jokowi Mendapat Gelar AMIRUL KAZZAB,1
Konsumsi Banyak Tahu Kedelai Bisa Sebabkan Parkinson,1
Retaknya Jembatan Kaca Malang Bikin Cemas Terjadi Kejadian di Banyumas,0
Terungkap! Terduga Teroris yang Ditangkap Densus 88 Perawat RSUD NTB,0
Catat! Ini Jadwal Konser di Surabaya Selama November 2023,0
Pamlfet Khofifah Mengenai KKS Proyek Pesta Para Tikus,1
Pemerataan Internet dan Urgensi Literasi Sebagai Fondasi Indonesia Digital,0
"Penjualan iPhone Bikin Kecewa, CEO Apple Temui Mendag China",0
"Walau Gunung Slamet Waspada, Kawasan Wisata Baturraden Tetap Buka",0
Foto tatacara semayam jenazah Didi Kempot (Dionisius Prasetyo) tidak dikafani,1
"5 Game Indie Horor Terseram 2023, Cocok Dimainkan Saat Halloween",0
"Din Syamsuddin-Anwar Abbas Bertemu Presiden PKS, Bahas Pilpres 2024",0
"Survei Pengguna Chrome, Berhadiah Apple iphone 13 Pro",1
"RI Disebut Berpotensi Gagal Jadi Negara Maju 2045, Ini Kata Airlangga",0
Apa Itu Diet Antiinflamasi dan Bagaimana Cara Menjalaninya?,0
Aturan Baru! Pakai Air Tanah Wajib Izin Kementerian ESDM,0
Pesan Nicholas Saputra untuk Generasi Muda di Era Digital,0
PUTRI ARIANI HADIRI ACARA PERESMIAN CAWAPRES ANIES BASWEDAN,1
Daftar Atlet Indonesia Pecahkan Rekor di Asian Games 2023,0
Mengenal Bounce Pass dalam Permainan Bola Basket dan Cara Melakukannya,0
DI LUAR DUGAANTAK MAU JD PETUGAS PARTAI GIBRAN RESMI MENGUNDURKAN DIRI DARI WALI KOTA DKUNG ANIES,1
Luhut Akhirnya Ditangkap! Ternyata Hasil Kekayaannya Adalah Hasil Merugikan Negara,1
Jejak Baik KSAD Agus Subiyanto di Kota Kelahirannya Cimahi,0
PENDUKUNG ANIES SAMPAI KE ARGENTINA,1
YouTube Akan Izinkan Kreator Pakai Suara Penyanyi Terkenal,0
"Isu 'Pak Lurah Ingin 3 Periode', Golkar: Cek Elite PDIP yang Dukung",0
Mana Suara Para Pejuang Anti Diskriminasi di Indonesia?,1
8 Contoh Penerapan Semangat Sumpah Pemuda untuk Generasi Muda Masa Kini,0
Mahfud MD Mengikuti Jejak Kakeknya Raden Ario Majang Koro yang Menjadi Penghianat,1
"Kemendikbudristek Kembangkan Database Prestasi Nasional, Ini Namanya",0
Tawaran Kuota Gratis 50GB di Perayaan Ulang Tahun WhatsApp,1
"Dokter Sebut Ras Jadi Faktor Risiko Stroke, Kelompok Ini Paling Rentan",0
KPK Panggil Dirut PT PP Terkait Korupsi Proyek Stadion Mandala Krida DIY,0
Daftar Lagu Wajib Upacara Hari Sumpah Pemuda Serta Liriknya,0
BPN Serahkan 305 Sertifikat Tanah di Lampung,0
Foto-Foto Pemberontakan Ulama dan Santri di Madiun,1
"Apa Kepanjangan dari KBLI? Ini Definisi, Fungsi, dan Struktur Pengkodeannya",0
"Video SELALU TEBAR FITNAH, JOKOWI HAJAR ANIES DAN SBY DENGAN CARA INI",1
"Wanita Pakai Sport Bra Disuruh Pakai Sweater oleh Pramugari, Dicap Tak Sopan",0
Video Merry Riana Sebut Indonesia Akan Bubar,1
Anggota KPU Pangkep Hasanuddin Kuna Diduga Kader Parpol Terancam Dipecat,0
"Media Cup 2023 Dimulai, Detikcom Beraksi!",0
"Mobil Listrik Neta V Resmi Dijual di Indonesia, Harga Rp 300 Jutaan",0
"Optimalkan Produksi, Pertamina Hulu Rokan Terapkan Transformasi Digital",0
Foto vtube skrg dibawah naungan FIFA,1
Golkar soal Masinton Usul Hak Angket MK: Bagian dari Gimik Politik,0
Foto Pantesan Komnasham selalu bersebrangan dgn pemerintah !!!,1
Jeruk Dicampur Cengkih Efektif Mencegah Nyamuk DBD,1
Valentino Rossi Menanggapi Unboxing Ilegal Motor Tim Ducati,1
Jokowi Wanti-wanti Pj Kepala Daerah Tak Memihak di Pemilu 2024,0
Terapi K3 Bermanfaat untuk Pengobatan Kanker,0
"Kasmojo, Dosen Pembimbing Skripsi Jokowi di UGM Jadi Buron",1
"Perusahaan Biofarmasi Moderna, Inc Mengembangkan Vaksin Covid-19 Sebelum Munculnya Pandemi",1
Operasi Razia Lalu Lintas di Banjarmasin dalam Rangka Operasi Patuh Intan Pada 21 September 2021,1
"Serukan Gencatan Senjata di Gaza, Pejabat Inggris Dipecat",0
Ganjar Pranowo Dipecat dari PDIP,1
Catur Tambah 3 Emas Indonesia di Hari Penutupan Asian Para Games 2023,0
Pertamina Lubricants Jadi Sponsor Tim Balap Valentino Rossi Mulai MotoGP 2024,0
"3 Hasil Rekomendasi Kongres Bahasa Indonesia XII, Ini Tindak Lanjutnya",0
"Ramai Spanduk Gambar Petruk di Solo-Semarang, Ini Analisis Akademisi UGM",0
Memasak Popcorn Dengan Ponsel ( Pop corn with cell phones ),1
"Mitos Ikan Dewa, Hewan Keramat Jelmaan Prajurit Prabu Siliwangi",0
Serangan Israel di Gaza Tewaskan Lebih dari 3.000 Anak!,0
"Video Perawat Pingsan Setelah Mendapat Vaksin Covid-19, Potensi Genosida Massal",1
Ini Alasan Bikestunt Street Show Dibawa ke Indonesia,0
BPJPH Teken Kerja Sama Jaminan Produk Halal dengan Arab Saudi,0
CAK IMIN TINGGALKAN PRABOWO DAN MERAPAT KE KUBU ANIES,1
SEMPAT MELAWAN SAAT AKAN DITANGKAP PENGHINA NABI DITEMBAK MATI,1
4.915 Personel Polisi-7 Satgas Siap Amankan Piala Dunia U-17 di Solo,0
Bank DKI: Literasi Keuangan Kunci Dukung Stabilitas Ekonomi Daerah,0
Jepang Menggunakan Ivermectin dan Menghentikan Vaksin untuk Memberantas Virus Covid-19,1
Mengenal Sosok di Balik Plaza Indonesia,0
Samsung Operasikan Lini Produksi AC di Cikarang Mulai Oktober 2023,0
Gelang Power Balance Dapat Menyembuhkan Corona,1
Gibran Janjikan Kredit Startup Milenial untuk Anak Muda,0
Desy Ratnasari Meninggal Dunia,1
LARI DARI TANGGUNG JAWAB APARAT TERPAKSA LUMPUHKAN KAKI GUBERNUR DKI,1
Seragam Baru Polri Seragam Lama Coklat untuk Satpam,1
Lowongan Rumah Sakit Universitas Indonesia,1
Video BERHASIL TEPIS SERANGAN CHINA TAK PERLU WAKTU LAMA TNI LANGSUNG PERSIAPKAN SERANGAN,1
"Nusron: Jokowi dan Gibran Tak Berkhianat, tapi Lebih Mementingkan Rakyat",0
PDIP Bali Sedih Baliho Ganjar-Mahfud Dicopot Saat Kunker Jokowi,0
PLN PASANG ALAT DETEKSI GEMPA DI SUKABUMI,1
Pendukung Sejati MU Itu Adalah Sir Jim Ratcliffe,0
Cak Fauzi Ajak Santri Bersama Pemerintah Bangun & Sejahterakan Sumenep,0
"Yenny Dukung Ganjar-Mahfud, Gus Yahya: Tak Boleh Mengatasnamakan NU",0
"Ahmad Dhani Diduga Kampanyekan Istri Saat Konser, Ini Kata Bawaslu Jabar",0
Video Ribuan Warga Yahudi Ortodoks Demo Membela Palestina di New York City,1
Parade Mahakarya Vokasi Adibusana JMFW 2024 Wujud Kurikulum Merdeka,0
"Prabowo Minta Waktu Ketemu Megawati, Hasto: Pertemuan Biasa Dilakukan",0
Awan Hitam Besar Muncul Sebelum Kecelakaan Kereta di Ohio Tahun 2023,1
AKHIRNYA PARTAI PKS DIBUBARKAN,1
Sudirman Said Anggap Putusan MK soal Batas Usia Capres-Cawapres Cacat Moral,0
Ritual Iluminati Janin Bayi Aborsi untuk Kandungan Vaksin,1
Aksi Guru SD Cabuli Murid Terbongkar dari Candaan Teman Korban,0
Kata Angelina Sondakh Soal Tawaran Gabung Lagi di Politik,0
Surat Penetapan Penerima Bantuan Fisik Pendidikan SMP oleh Kemendikbudristek,1
"Yenny Wahid Dukung Ganjar-Mahfud, Beda Dukungan dengan Suami",0
VIRAL VIDEO SUSI MENARI USAI MNTRI EDHY DTNGKP KPK,1
Narasi surat kabar luar negri mengenai koran Independent Observer,1
Jokowi Ancam Penjarakan Pejabat Negara Jika Berani Dukung Anies Baswedan,1
CDC Amerika Serikat Memperingatkan Adanya Penyakit Mirip Polio yang Akan Muncul Pada Akhir Tahun 2021,1
Akun WhatsApp Kapolres Muaro Jambi bernomor 081253469551,1
WhatsApp Dikenai Biaya setelah Diakuisisi oleh Facebook,1
Duo Sipit Yg Satu sudah menjadi Dewan Penasehat DenSus .yg Satunya Hendak mau Jadi Dewan Penasehat Mabes Polri,1
Tips Olahraga Aman Saat Panas Menyengat di Cekungan Bandung,0
"TMII sekarang diambil si Megawati madam bansos,trus dijual ke Cina",1
Desy Ratnasari Ungkap 5 Resep Awet Muda Jelang Usia 50: Ada Hindari Tepung,0
FPI Masuk Daftar Hitam Interpol Internasional Sebagai Ormas Ilegal Terlarang,1
Yenny Wahid dan Suami Beda Dukungan di Pilpres: Kami Keluarga Demokratis,0
Cara Cepat Menyelamatkan Seseorang Dari Serangan Jantung Dengan Bubuk Cabai,1
4 Nama Mencuat Jadi Ketua Tim Prabowo-Gibran di Sulsel: Menteri-Eks Walkot,0
"Partai Garuda: Kasihan Jokowi, Bersikap Netral Pun Dicaci Maki",0
Prabowo dan Gibran Gelar Deklarasi Akbar untuk Menangkan Anies,1
Habib Rizieq Lumpuh Total,1
"Ke Luar Angkasa, Ada Fasilitas Toilet Mewah Sambil Nonton Bumi",0
"Singgung Hoaks, Wapres Cerita soal Kentut Setan Tingkat RT hingga Nasional",0
"1 Anak Murid Valentino Rossi Belum Pasti Ikut MotoGP Mandalika, Ini Sebabnya",0
Hasto Ngaku Dapat Cerita Ketum Parpol soal Gibran Cawapres: Tekanan Kekuasaan,0
Vaksin Covid-19 Mengandung Graphene Oxide yang Bereaksi pada Getaran Musik,1
DPRD Sulsel Ungkap Proyek Stadion Mattoanging Akan Dianggarkan di APBD 2024,0
Ada Kemeriahan Pameran UMKM di Ajang Tour of Kemala Banyuwangi,0
"KRITIK ANIESS, WILLIAM PSI DIPECAT DPRD JAKARTA SUKURRIN",1
"Nggak Cuma Jadi Area Main Badminton, Lobi WTC Mangga Dua Dipakai buat Apa?",0
Ribuan Siswa Madrasah Ramaikan Porseni MI Jatim ke-VIII di Banyuwangi,0
Video Pidato Anthony Fauci Mengembangkan Virus Influenza Baru,1
Pipa Bawah Laut buat Kilang Balikpapan Mulai Digarap,0
Kata Jokowi Soal Baliho Ganjar-Mahfud Dicopot saat Kunker ke Bali,0
Jasa Pembuatan Sertifikat Vaksin Tanpa Harus Melakukan Vaksinasi,1
KPK Lakukan Penggeledahan di Gedung Kemenhan,1
"Sate Blengong Khas Brebes Jadi Warisan Budaya Takbenda, Ini Keunikannya",0
Studi FDA: Vaksin Pfizer Membuat Orang Lebih Rentan Tertular Covid-19,1
Del Piero: Sepakbola Italia Membosankan!,0
Ade Armando Bangga PSI Disebut Partainya Jokowi,0
Atap Bahan Bangunan untuk Industri Gudang dan Perumahan,0
"Persaingan Ketat, GOTO Kikis Beban Pemasaran hingga 36% per Tahun",0
Apa yang Terjadi Jika Air Zamzam Dicampur Air Biasa? Ini Jawabannya,0
NAMA ASLINYA HERBERTUS JOKO WIDODO,1
Tak Ada Perlawanan Disiapkan Dikdik Usai Dicopot Jadi Pj Walkot Cimahi,0
GANJAR AKUI SUAP KPK UNTUK JEGAL ANIES ATAS PERINTAH JOKOWI,1
Video Mensos Juliari Bantu Kampanye Paslon Pilkada Surabaya,1
Kemenhub Klarifikasi Terkait Isu Pilot Indonesia Banyak Yang Tidak Lulus Ujian Simulator Airbus di Australia,0
Johnny G Plate Dituding Pengecut Hingga Merasa Dizalimi,0
"35 Twibbon Sumpah Pemuda 2023 Keren dan Lucu, Pasang Fotomu!",0
AKHIRNYA !! NASDEM UMUMKAN CAWAPRES ANIES || YENNY WAHID RESMI GANDENG ANIES DI 2024,1
WHO Ungkapkan Bahwa Hasil Tes PCR adalah Cacat,1
Infografis Larangan Bagi Pendatang Asing di Qatar Selama Piala Dunia 2022,1
Praktis! Kelas Fitness Hadirkan 1 on 1 Online Personal Trainer Premium,0
PKB Incar Suara NU untuk Menangkan Anies-Cak Imin di Lombok Tengah,0
Cover Majalah Tempo Berjudul SANG DALANG PERUSAK BHINNEKA,1
Video Selebrasi Kroasia Setelah Menang dari Brazil di Piala Dunia 2022,1
DUA PEGAWAI KPK DITANGKAP KARENA TERIMA SUAP DARI ANIES,1
Moeldoko Adalah Kader Hanura,1
Membuka Lounge Judi di Arab Saudi |  Opening a Gambling Lounge in Saudi Arabia,1
WHO Sebut Penularan Corona Tak Lagi Hanya Lewat Droplet Tapi Juga Udara,1
LAUTAN MANUSIA DI KALIMANTAN SAMBUT KEDATANGAN SALAH SATU CAPRES,1
Akun WhatsApp Wakil Bupati Ponorogo Menggalang Donasi untuk Anak-Anak Yatim Piatu,1
Jepang Mengirimkan Tumpukan Kertas Origami Bangau ke Turki Setelah Gempa Bumi,1
Ngabalin Sebut Jokowi Keturunan Nabi Sulaiman,1
"Jakarta Absen di Kalender Formula E 2024, PKS: Masih Dibahas JakPro dan FEO",0
Jangan Di-skip! 6 Cara Ini Bikin Bercinta Terasa Lebih 'Nikmat',0
Bos Ducati soal Fans MotoGP Indonesia: Terbaik di Dunia!,0
Jimly Ungkap Alasan Jadi Ketua MKMK: Tak Tega Lihat Image MK Kini Terpuruk,0
Video Prajurit KRI Nanggala 402 Menggendong Bayinya Sebelum Berlayar,1
BPJS Kesehatan Memberikan Bantuan Dana Rp50 Juta Kepada TKW,1
"Hari Inovasi Indonesia 1 November 2023, Ini Pencetus Peringatannya",0
"Teori Out of Africa: Latar Belakang, Tokoh dan Bukti Pendukungnya",0
PN Makassar Tunda Putusan Gugatan Lahan Mattoanging karena Mati Lampu,0
"Tak Hanya Khofifah, Emil Juga Diusulkan Jadi Ketua TPD Prabowo-Gibran",0
"Video Orang Bayaran Anies Di Tangkap, Tak Terima Istrinya Di Fitnah Gibran Marah Besar",1
Link-Teks Amanat Pembina Upacara Hari Sumpah Pemuda 2023 Resmi Kemenpora,0
Suami Puan Maharani Terseret Kasus Korupsi,1
"Dari PDIP, Ariel Noah Nyaleg untuk DPRD Jawa Barat",1
Perwakilan Indonesia Berangkat ke MIT Dirikan Program Ekosistem Inovasi,0
Bunyi Ikrar Sumpah Pemuda untuk Memperingati Hari Sumpah Pemuda 28 Oktober,0
Tes Lengkap Toyota Yaris Cross Hybrid: SUV Terbaik Buat Harian?,0
Asa Pemprov Sulsel Menangkan Gugatan Sengketa Lahan Stadion Mattoanging,0
Vaksin covid-19 itu telah bermutasi menjadi ribuan covid-19 baru di seluruh dunia,1
Parlemen Denmark Menyetujui Penggunaan Cadar,1
Ini Barang yang Boleh Ditaruh di Kolong Tempat Tidur dan Tips Menyimpannya,0
Akun Twitter Investasi Terra Luna,1
Heru Budi: FIFA Bakal Cek Kesiapan JIS sebagai Venue Piala Dunia U-17,0
Rekaman Suara Habib Rizieq Disiksa Densus 88,1
Menhan China Dipecat Usai 2 Bulan Hilang Misterius,0
Vaksin Covid-19 Buatan Pfizer Berbentuk Vape,1
Video Keadaan RS Covid Wisma Atlet,1
Banjir Pekalongan Tidak Disiarkan di TV,1
"FX Rudy Cerita Temui Megawati di Jakarta, Ini yang Dibahas",0
"Sampah Juga Menggunung di Kotagede Jogja, Begini Kondisinya",0
"Sejarah Kotabaru Jogja, Kawasan Elite Belanda dengan Konsep Garden City",0
"6 Agenda Seru di Tasikmalaya Akhir Pekan Ini, 21-22 Oktober 2023",0
Acungan Jempol Iriana saat Ditanya soal Gibran Jadi Cawapres,0
"Sunan Prapen, Penyebar Islam Selain Wali Songo yang Nyaris Terlupakan",0
Mobil B 2 64RIS yang Ditumpangi Prabowo Subianto di Cianjur Milik Mantan pemimpin ISIS Regional Indonesia,0
"KPU Klarifikasi Terkait Kesalahan Input Data Form C1 Di TPS 093 Bidara Cina, Jakarta Timur",0
Teguran Usai Kehadiran Kaesang di Bandung,0
Akrab! Ketua Tim Pemenangan Prabowo-Gibran & Ganjar-Mahfud Hangout Bareng,0
Video Artis Dessi Ratnasari Meninggall Dunia! Tangiss Sang Anak Pecah Terungkap Penyebabnya,1
"Yenny Wahid Dukung Ganjar, PBNU Ingatkan Warga NU Bebas Tentukan Pilihan",0
Begini Cara Bagi Harta Gono-gini Bila Mantan Istri/Suami Menghilang,0
Aturan Kejam Kanye West ke Bianca Censori: Jangan Bicara & Makan Sesuai Aturan,0
Rusia Menemukan bahwa Covid-19 Tidak Disebabkan oleh Virus,1
Ketum PBNU Sambut Baik Jokowi Makan Bareng 3 Capres: Pemilu Bukan Ring Tinju,0
"Ganjar Diperiksa Bawaslu, Tertangkap Basah Bagi- Bagi Uang",1
25 Link Twibbon Hari Sumpah Pemuda ke-95 dan Cara Pakainya,0
"iPhone 15 Dicaci Maki di China, Sebut Huawei, Oppo & Xiaomi Lebih Bagus",0
"Ini fakta baru: Salah satu Pegawai KPK yang tidak lulus TWK adalah PATAR GULTOM, Adik Sang Ketua PGI",1
Asian Para Games 2023: Kontingen Indonesia Lekas Adaptasi Cuaca di Hangzhou,0
Ruang Ganti Pemain Jepang Berantakan dan Kotor Setelah Kalah dari Kosta Rika,1
"Buaya 9 Meter Terbesar Di dunia, Ditemukan di Danau Kota Maine Amerika Serikat",1
Turis China Dipaksa Tour Guide Belanja Oleh-oleh juga Terjadi di Korea,0
Video Kandungan Minyak pada Satu Kilogram Ayam Goreng,1
Dito Ariotedjo Ngaku Tak Tahu Siapa Balikin Rp 27 M Terkait Kasus BTS,0
Kevin Sanjaya Dapat Penghargaan dari PSMTI,0
Kemenparekraf Jamin Informasi Lembaganya Tidak Tertutup,0
Yuk Detikers! Dukung Detikcom di Media Cup 2023,0
Nissa Sabyan Bantah Diundang Panitia Pesta Raya Porda Jabar 2018 untuk Mengisi Acara,0
Video Kembang Api Futuristik di Beijing pada Malam Tahun Baru 2022,1
"Komet Iblis Akan Hampiri Bumi, Catat Tanggalnya!",0
"Upacara Hari Sumpah Pemuda 2023: Jadwal, Lokasi, Ketentuan Seragam",0
Laboratorium biologi China di Wuhan dimiliki oleh Glaxosmithkline,1
Saat Jokowi Minta Pj Kepala Daerah Tak Tepuk Tangan soal Evaluasi Harian,0
"Ini Sosok CEO Terpintar di Dunia, Bukan Elon Musk dan Mark Zuckerberg",0
Keturunan Tiongkok Dilarang Jadi Polisi,1
BUKTI KORUPSI ANIES DI BEBERKAN OLEH AHOK DI DEPAN PUBLIK?,1
diduga surat boongan,1
Melihat Langsung WTC Mangga Dua yang Kini Jadi Tempat Main Badminton,0
RELAWAN ANIES TERUS BERGERAK DAN KIBARKAN BALIHO RAKSASA MESKI ANIES DI MEKKAH,1
"Situs Bank Rakyat Indonesia 120th Anniversary! Through the questionnaire, you will have a chance to get 3000 Dollar.",1
500 TKA dari China untuk sebagian pekerjaan proyek di PLTU Morowali,1
Wanita hamil tidak boleh keluar selama gerhana matahari berlangsung,1
ISRAEL DIHAJAR PUTING BELIUNG DAN DILANDA BANJIR,1
Ini 8 Pemenang Hari Kedua Tour of Kemala 2023 Race 55 Km,0
Filosofi Logo Hari Santri Nasional 2023 serta Tema dan Sejarahnya,0
Ingat! Drone Dilarang Terbang di Area Sirkuit Mandalika MotoGP 2023,0
"Baliho Ganjar Diturunkan Saat Jokowi Kunjungi Bali, PDIP: Cederai Keadilan",0
"Tiket MotoGP Mandalika Sudah Ludes, Kalau Formula E APBDnya Yang Sudah Ludes",1
Kenang WR Soepratman: Suara Biola Indonesia Raya dalam Sumpah Pemuda,0
Benarkah Permainan Puzzle Bisa Atasi Masalah Mental Anak? Ini Inovasi Mahasiswa UGM,0
Cerita Dokter saat Jadi Ketua Tim Pemeriksa Kesehatan Bacapres hingga Bawacapres,0
Video RAHASIA ISTANA TERBONGKAR JOKOW1 TERTUNDUK,1
"Melihat Langsung Suzuki Swift Generasi Terbaru di JMS 2023, Kece Banget!",0
"Supporter Marocco Bersholawat, Gemparkan Dunia Bola",1
"Jadi Diri Sendiri Tetap Bikin Bangga Negeri, Comot Tipsnya di Demi Indonesia",0
PKI Anggarkan Rp5 Triliun Demi Muluskan Jokowi 3 Periode,1
"Demo di Tugu Golong Gilig, Mahasiswa Jogja Coret Foto Gibran-Anwar Usman",0
Ngabalin Sebut Jokowi Sedang Mengatur Pertemuan dengan 3 Capres,0
PLN Pasok Listrik Tanpa Byarpet di Ajang MotoGP Mandalika,0
Atap Gedung Kantor Imigrasi Cilegon Ambruk Saat Pekerja Pasang Interior,0
NYATA!!! Penampakan Kota Gaib Saranjana VIDEO AMATIR NOKIA 3660 ANTARA 2003/2004,1
Putri Thaksin Shinawatra Terpilih Jadi Ketua Partai Berkuasa Thailand,0
"PKS DAN DEMOKRAT KOMPAK TARIK DUKUNGAN, NASIB ANIES DAN NASDEM HANCUR LEBUR",1
"JOKOWI, MEGAWATI DAN PDIP TETAPKAN DUET GANJAR-GIBRAN 2024",1
Bamsoet Apresiasi Taksi Terbang EHang Raih Type Certification eVTOL,0
50 Siswi Cantik Audisi Offline Top 20 RRQ Mabar School Ambassador S2,0
Pesan Berantai Ulang Tahun Whatsapp ke-11 Gratis Kuota 35 GB,1
Politisi PDIP Heran Video Gandengan Viral: Bu Mega Nangis-nangis Bela Jokowi,0
Penjelasan BMKG Soal Isu Cuaca Panas Extreme yang Melanda Indonesia,1
Deklarasi Pemilu Damai di Banyuwangi Minta Warga Waspadai Berita Hoaks,0
FUSI Nilai Dukungan Yenny Wahid ke Ganjar-Mahfud Pilihan Pribadi,0
"Bantuan Pulsa Sebesar Rp200 Ribu untuk Guru, Dosen, dan Pelajar",1
Iran Ingatkan Proksi Tak Akan Tinggal Diam Soal Gaza!,0
"Bukit Menoreh di Kalibawang Terbakar, Pemadaman Terkendala Medan",0
Viral Pria Curhat Sering 'Beser' Tak Tahunya Gejala Awal Kanker Limfoma,0
PSI Nilai Jokowi Bertemu 3 Capres untuk Minimalkan Potensi Konflik,0
Klarifikasi BPPTKG Terkait Video Erupsinya Gunung Merapi dan Kepanikan Warga,0
"Mirip Ninja 250, Begini Jadinya Kawasaki Ninja Kena 'Setrum'",0
Anies soal Ketua Tim Pemenangan: Nggak Usah Spekulasi Nyebut Nama,0
Megawati Umumkan Ahok Sebagai cawapres Ganjar,1
"MENGEJUTKAN! BERITA HARI INI, PRABOWO TANGKAP BENI WENDA OPM PAPUA, PANGLIMA TNI, TERKINI",1
Nusron: Pak Jokowi Lebih Mengutamakan Rakyat daripada Elite Partai,0
"Jakarta Lumpuh Total, Jutaan Buruh Lengserkan Jokowi dari Istana",1
Komunitas Advokat Lisan Laporkan Hakim Arief Hidayat ke MKMK,0
Megawati Pecat dan Batalkan Ganjar Jadi Capres PDIP,1
"Jelang Moto2 Mandalika, Pertamina Mandalika SAG Team Jumpa Menpora",0
Dirut BPJS Kesehatan Ungkap Modal Utama Peningkatan Akses-Mutu Layanan,0
"Kapan Hari Sumpah Pemuda 2023? Ini Jadwal, Tema, dan Logonya",0
"Miliuner Kripto Borong Chip AI Senilai Rp 7,9 Triliun, Buat Apa?",0
Robot AI Jadi Kepala Sekolah di Inggris,0
Presiden Volodymyr Zelensky Merekam Video-Videonya di Depan Green Screen,1
Atlet RI Peraih Medali Asian Para Games Dapat Rumah Sesuai Domisili,0
: Barang-barang Pemberian Pembalap MotoGp Kepada Para Penonton di Mandalika Dilelang Negara,1
Bahaya Menyebarkan Ucapan Selamat Dengan Gambar dan Video,1
4 Tips Olahraga Nyaman Tanpa Rasa Kebas dan Kesemutan,0
"Anies dan Prabowo Mau Pisahkan DJP, Anak Buah Sri Mulyani Respons Begini",0
Vaksin mRNA Tidak Direkomendasikan Selama Kehamilan,1
PSSI Resmi Keluar dari AFF,1
Wanita di atas panser ini ternyata bernama Odilia Winneke editor Detik.com grup Gramedia,1
"KPK Serahkan Rp 12,3 M Uang Rampasan Eks Walkot Bekasi Rahmat Efendi ke Negara",0
Video Mahfud MD Joget Setelah Membubarkan FPI,1
Video Demonstrasi Buruh Tolak RUU Cipta Kerja,1
Mencari Tahu Alasan Hasto PDIP Ungkit 'Pak Lurah' Minta 3 Periode,0
"Tingkatkan Sinergisitas, Kadiv Humas Polri Gelar Kompetisi Menembak Antarpemred",0
Cerita WNI di Malaysia Beli Produk Indonesia Lewat Shopee: Murah & Mudah,0
"Erick Thohir Tunjuk Reynaldi Istanto Jadi Direktur IBC, Sosoknya Masih Muda",0
Bey Machmudin Tegaskan Kaesang Tak Kampanye di SOR Arcamanik,0
Jemaah Thoriqoh Syathoriyah Dulu Dukung Prabowo Kini Anies,0
"Judul Artikel Percuma Dilaporkan, PDIP Sebut Sukmawati Tidak Bisa Ditahan Karena Dia Orang Kuat",1
Foto Presiden Putin Terjatuh Akibat Serangan Jantung,1
Gunung Merapi Alami Erupsi 73 Kali Letusan,1
Dukungan Yenny Wahid ke Ganjar-Mahfud yang Dianggap Cak Imin Biasa Saja,0
Berencana Studi ke Luar Negeri? Datang ke Talk Global Study Fair Yuk!,0
Jokowi nyekar di kuburan Widjiatno Notomihardjo salah seorang tokoh teras PKI,1
9 Tradisi Pesantren di Indonesia,0
Virus Corona Adalah Sejenis Jamur Atau Mould,1
SURAT UNDANGAN WORKSHOP PENDUKUNG JABATAN FUNGSIONAL PERENCANAAN (WORKSHOP PAK-APAK),1
Produk Semen Tercemar Limbah B3,1
Golkar Buka Pintu ke Gibran: Semua Akan Indah Pada Waktunya,0
"Ini 8 Obat Lemah Syahwat Alami, Ada Semangka Hingga Jeruk",0
Gambar Jokowi Memanahkan Suntikan ke Ahok dalam Artikel CNBC Indonesia,1
Kaops NCS Polri Ajak Para Tokoh di Tasik Tolak Perpecahan di Pemilu 2024,0
Tes Swab Dapat Menggores Amigdala dan Dilakukan di Zaman Mesir Kuno untuk Membuat Budak Menjadi Patuh,1
"Selama Covid19 Ada, Tidak ada Orang Gila Yang Kena Covid19",1
6 Manfaat Senam Kegel untuk Tubuh Beserta Cara Terapkan Gerakannya,0
Gibran soal Program Dana Pesantren-KIS Lansia: Kita Lanjutkan-Sempurnakan,0
Vietnam Tidak Ada Korban Meninggal Covid-19 Karena Teh dan Lemon,1
Euforia Seleksi PPPK Guru dan Nasib Guru Sekolah Swasta,0
HASIL RAPAT DPR & MPR PUTUSKAN ANIES GANTIKAN JOKOWI DEMI SELAMATKAN BANGSA & NEGARA,1
Kawasan Johor Baru Malaysia Terdampak Ekonomi Pandemi Covid-19,1
Tangkapan Layar Artikel Bergambar Animasi Berwajah Jokowi,1
"TOLAK CAPRESKAN GANJAR, KADER SENIOR PDIP DEKLARASIKAN ANIES",1
Razia Masker Non Medis dengan Denda Rp30 Ribu di Bundaran SMP 5 Malang,1
"Kemenag Buka Pendaftaran Penguatan Digitalisasi di PTKIS, Bantuan sampai 500 Juta",0
Apa Itu Hak Veto Dewan Keamanan PBB buat Resolusi Palestina - Israel?,0
Megawati Meminta Jokowi Pecat Anggota TNI yang Razia Buku Berbau PKI,1
"7 Peraturan Bola Voli, Pelanggaran, dan Teknik Dasarnya",0
"Peringati Ultah Ganjar-Sumpah Pemuda, BMI Luncurkan Video Klip Spesial",0
PEOPLE POWER 10 Agustus 2023,1
Ribuan Warga Kota Kediri Jalan Sehat Sarungan Peringati Hari Santri,0
"pdip menolak dng tegas hukuman mati bagi koruptor, dengan alasan semua koruptor adalah teman sehidup semati mereka",1
Pemerintah Berikan Bantuan Internet Gratis Selama Pandemi Covid-19,1
Ini Peradaban Tertua Nusantara yang Ditemukan di Sangkulirang Kutai Timur,0
Terjemahan Pidato Netanyahu di Hadapan Knesset Israel Terkait Persekutuan Yahudi dan ISIS,1
"Kejar Target NZE, MKI-Enlit Asia 2023 Dorong Percepatan Transisi Energi",0
Racun Dari Nasi di Magic Com,1
Lowongan Kerja Komisi Pemberantasan Korupsi (KPK) Indonesia,1
"Breaking News! Pilkada Serentak Ditunda, Kecuali Solo dan Medan",1
"Lantik FKUB 18 Kecamatan, Bupati Mojokerto Paparkan Tantangan Pemilu",0
Nyanyian yg jadi kenyataan dan menyedihkan,1
Pedagang di Pasar Segiri Positif Covid-19,1
Video BERITA TERBARU HARI INI ~ AKHIRNYA DI PUTUSKAN FPI BUKAN ORMAS TERLARANG,1
"Kim Kardashian Rilis Pakaian Dalam untuk Pria, Gandeng Neymar Jadi Model",0
"Berparas Cantik, Atlet Voli Korsel Ini Curi Perhatian di Asian Games",0
"Baliho Ganjar-Mahfud Dicopot, Jokowi: Mestinya Pemda Izin ke Pengurus Partai",0
"Fabiana Souza, penerima perdana suntikan vaksin covid 19 meninggal dunia di RS.Sao Lucas Porto Alegre Brazil Selatan",1
Waketum NasDem: Saya Tak Pernah Dengar Jokowi Gulirkan Isu 3 Periode,0
"Papan Elektronik Masjid Unsri Diretas: Sholat no 1, Presiden No 2",0
Klarifikasi Polri Tentang Larangan Penggunaan GPS Saat Mengemudi,0
Microsoft Mengembangkan Implan Chip Mikro Untuk Mengumpulkan Informasi Vaksin COVID-19,1
"Prabowo-Gibran Daftar ke KPU, IHSG Terus Menguat ke 6.859,7",0
Video Jokowi Pecat Hakim yang Terbukti Terima Suap dari Sambo,1
Baju Adat Jokowi di Upacara Kemerdekaan Mengandung Makna Negatif,1
Sri Mulyani di Depan YouTuber: Saya Harap Konten-konten Edukatif Lebih Banyak,0
Kolaborasi Satgas NCS Polri dengan Warga Ciamis-Tasikmalaya Demi Pemilu Damai,0
Foto Trump dengan Judul You re Fired sebagai Sampul New York Post,1
Sultan Ibrahim dari Johor Terpilih Jadi Raja Malaysia yang Baru,0
Situs Schneider Electric Menawarkan Pembiayaan,1
Kinerja Jokowi Bikin UAS Jatuhkan Pilihannya,1
"Renang Indonesia Target Lima Medali di Asian Para Games, Satunya Emas",0
Jabatan Wamen BUMN Dilepas Rosan Roeslani Kala Pimpin TKN Prabowo,0
Wow! Produk Teh Ini Gunakan Teknologi AI Sebagai Bintang Iklan,0
Suami Puan Maharani Ditetapkan sebagai Tersangka Kasus BTS 4G,1
Pasien Korban Erupsi Semeru di RSUD dr. Haryoto Diharuskan Membeli Underpad Sendiri,1
proyek cebong terkini SIRKUIT MANDALIKA gk masuk berita tv,1
"Sekjen Golkar: Gibran Belum Jadi Kader, Kita Tunggu Berlabuh ke Mana",0
AHOK DITETAPKAN JADI GUBERNUR DKI,1
Xi Jinping Dicopot dari Jabatan Ketua Komisi Militer dan Presiden Cina karena Kudeta Militer atas Perintah Li Qiaoming,1
umat Islam New Zealand membakar Gereja,1
"Judul berita Tempo MUI minta agar jangan bermain terompet dan mercon saat tahun baru, cukup teriak TOOT dan DOR dengan keras",1
KRI Nanggala 402 Ditemukan Setelah 21 Jam Hilang Kontak,1
"Shopee, Grab dan Gojek Dukung Aksi Nasional Jokowi End Game",1
"Baliho Ganjar-Mahfud di Bali Dicopot saat Jokowi Kunker, TPN: Apa Dasarnya?",0
JOKOWI LANTIK 7 TIM PEMENANGAN GANJAR-GIBRAN 2024,1
"Panda Nababan Tak Terbayang Gibran Berbohong, Nusron Membela",0
: Formula E Jakarta Masuk Rekor Dunia Sebagai Ajang Lomba Paling Sepi Penonton,1
Foto Pesawat Kepresidenan Melintas di Proyek Hambalang,1
Kini Singapura Tantang Malaysia Perang,1
"Janji Setia Dukung Jokowi, 7 Pria di Cirebon Gunduli Kepala",0
Fagioli Ngaku Taruhan Judi Bola di Platform Ilegal Gegara Tonali,0
Penggeledahan Rumah Ketua KPK hingga Viral Video Hoax Jokowi Fasih Bahasa Mandarin,0
Catat! HP Android Ini Tak Bisa Lagi Whatsapp per 24 Oktober 2023,0
"70+ Ucapan Hari Sumpah Pemuda 2023, Bangkitkan Semangat Persatuan Bangsa",0
Gus Sadad: Ketua Parpol Jatim Representasi Nahdliyin Wakili Prabowo-Gibran,0
Ternyata Ini Alasan Rumah di Arab Dibangun Tanpa Genteng,0
Anies Resmi Ditahan KPK,1
"Akhirnya Tabir Kebenaran Terbuka, Pengakuan Seorang JK",1
Pemuda di Sleman Deklarasi Serukan Hargai Beda Pilihan Saat Pemilu 2024,0
"Awas, 5 Hal Ini Bisa Bikin Sakit Kepala Mencengkeram Saat Olahraga",0
16 Juli 2020 Jakarta putih. Triliunan manusia membludak memenuhi dinding Gedung DPR dan tiang Monas,1
Kala Ganjar Bertanya-tanya Alasan Balihonya Dicopot Saat Ada Jokowi,0
"Pep Pernah Bilang De Zerbi Jadi Penerusnya di City, Memang Benar?",0
"Itenas Kembali Gelar Job Fair, Ada 100 Loker dari 15 Perusahaan Besar",0
MITRA OJEK ONLINE DISERANG HOAKS RACUNI PESANAN MAKANAN KONSUMEN,0
SAH SECARA KONSTITUSI MENGUNDURKAN DIRI. PRESIDEN BERPAMITAN KEPADA MENTERI. SUASANA ISTANA YANG CUKUP TEGANG,1
Video Membuat oksigen dengan aerator akuarium,1
Perhelatan Puncak Balapan Formula E Sepi Penonton,1
Membincang Hubungan Bilateral Indonesia-Australia di UWRF 2023,0
Ganjar Pranowo Ucapkan Selamat untuk Gibran yang Resmi Daftar KPU,0
Menpora Halalkan Judi Bola,1
2 Tahun RS Mandaya Royal Puri Beri Layanan Komprehensif bagi Pasien,0
"Bezzecchi Pekan Lalu Naik Meja Operasi, Kini di Podium Sprint Race MotoGP Mandalika",0
Tanggal 27 Oktober Hari Apa Saja?,0
Kejagung Buka Opsi Pengembangan Kasus soal Rp 27 M yang Dikembalikan Maqdir,0
"Rayakan Ultah Ganjar, Relawan Bagikan 1.000 Bunga Mawar dan 65 Ambulans",0
Video Grace Natalie Ajak Warga Makan Babi Sama-sama,1
Diagram Chip 5G pada Vaksin Covid-19,1
minum air es setelah makan membuat perut buncit,1
Cerita Hasto PDIP soal Kartu Truf Ketum Parpol di Balik Gibran Cawapres,0
Hidayat Nurwahid Akui PKS Tak Menganut Ideologi Pancasila,1
Video Perayaan Kemenangan Gibran di Pilkada Solo,1
"Ssst, Ini 6 Alasan Wanita Mendadak Hilang 'Mood' buat Bercinta",0
FIFA semprot Messi karena tak bermain di Indonesia.,1
RSUD Waluyo Jati Ditutup Karena Semua Petugas Diisolasi Akibat Covid-19,1
"Tak Cuma Perang Hamas-Israel yang Bikin Investor Ketar-ketir, Apa Lagi?",0
"Panel Surya: Cara Kerja, Kelebihan dan Kekurangan, serta Harga Pemasangannya",0
Stadion Velodrome di Rawamangun Jakarta Terbakar,1
Foto Yosi Mokalu mengenakan kaos bertuliskan BADAN ARAHAN BUZZERP ISTANA,1
Vaksin Covid-19 berbasis mRNA Dapat Mengubah DNA Manusia,1
Ternyata Menu Telah Dipesan Sebelumnya!,1
10 Situs Nonton Anime yang Legal dan Bagus 2023,0
Peta Politik Pilpres 2024 di NTB: Kekuatan Parpol Koalisi dan Dukungan Elite,0
"Yenny Gabung Ganjar-Mahfud, Gerindra Atur Strategi Raup Suara di Jatim",0
Tak Sanggup Tahan Air Mata Putin Terharu Dengan Perlakuan Warga Indonesia Terhadap Rusia,1
Awas Kaget! Segini Biaya Perawatan Mobil Listrik Tesla,0
"Dipercaya Simpan Ramalan, Begini Sejarah Ritual Buka Cupu Panjala Gunungkidul",0
"Bukan Elon Musk atau Zuckerberg, Ini CEO Terpintar di Dunia",0
Aksi Kolaborasi Satgas NCS Polri dan Warga Ciptakan Pemilu Damai,0
Habib Rizieq Syihab : Menlu Retno LP Marsudi mengimbau staf KBRI Riyadh dan KJRI Jeddah di Arab Saudi agar memenangkan capres Jokowi,1
KOMUNITAS SOPIR AMBULANS DAN TIM MEDIS DEKLARASI ANIES 2024,1
Pengacara Rebecca Klopper Fokus pada Kasus Pelaku Penyebar Video Syur,0
"Keputusan Rakerpus, PP Polri Dukung Ganjar-Mahfud di Pilpres 2024",0
Video Radiasi Ponsel Membakar Serat Wol Baja,1
Internet Merata Untuk Papua,0
Artikel Tentang Kemunculan Dabbah di Israel,1
pendamping untuk Sertifikasi Halal dalam suatu UMKM itu syaratnya harus GP ANSHOR,1
Perlu Tahu! Ini Tanda-tanda Usia Biologis Sudah Lebih Tua Ketimbang Kronologis,0
Susunan Kabinet II Jokowi-Amin,1
Motivator Jim Rohn Sebut Jokowi adalah presiden terkelam dlm sejarah bangsa Indonesia,1
Wawalkot Pasuruan Ajak Warga Wujudkan Pemilu 2024 Sukses dan Damai,0
"Masinton Usul Hak Angkat MK, Ketua Golkar: Gimik Politik",0
Perdana Menteri Jepang Yoshiro Mori Salah Ucap Bahasa Inggris saat Bertemu Obama,1
"Video Berita Terkini ~ Resmi Megawati Bersama Prabowo Akhirnya Sepakat, Ganjar Resmi Diusung 2 Partai Ini!",1
Peresmian Patung Yesus Memberkati oleh Jokowi,1
Olimpiade Tokyo 2021 DIBATALKAN,1
"Video BERITA TERBARU HARI INI ~ SRI MULYANI SUDAH TIDAK SANGGUP LANJUT, SERAHKAN TUGASNYA KE RIZAL RAMLI",1
Sederet Alasan Kamu Wajib ke Taman Flora Surabaya,0
Gratis kuota 30GB berbagai operator,1
Saleh Daulay Minta Cawapres Gibran Abaikan Kampanye Negatif,0
"Mundur dari Waket PDIP Medan, Relawan Bobby Juga Batal Nyaleg",0
Hari Osteoporosis Sedunia 2023: Sejarah dan Tema Peringatan,0
Partai Demokrasi Indonesia Perjuangan Dihuni Gerombolan PKI,1
Jalur ke Sirkuit Mandalika Macet Jelang Race MotoGP,0
PDIP Jabar Sentil Gibran Rakabuming Soal Urusan Etika Politik,0
"Tahun Politik 2024 Banyak Perdebatan, Zulhas: Hadapinya Biasa Saja",0
"Dedikasi Tinggi terhadap Konservasi, Guru Besar UI Raih Penghargaan Medali Bosscha",0
"3 Penyebab Rendahnya Realisasi APBD Makassar yang Baru Terealisasi 47,51%",0
"Video Ekonomi Makin Hancur & Terlilit Utang, Jokowi Terancam Serahkan Indonesia pada China",1
"Muhaimin Iskandar Cawapres Anies Baswedan, Ini Fakta Kulinernya",0
"Gibran Cawapres, Hasto Ngaku Dapat Cerita Kartu Truf Ketum Parpol Dipegang",0
Pernyataan SBY Terkait Kemenangan Partainya di Amerika Serikat,1
Barcelona Mau Perpanjang Kontrak Frenkie de Jong,0
Bahaya Bertelepon di Dapur Saat Kompor Menyala,1
Video Saat Gaza Terbakar Akibat Serangan Israel,1
Pihak BRI Kalrifikasi Info Terkait Pemblokiran Massal Atm BRI Pada 30 Oktober 2018,0
"Indonesia Gagal Capai Target di Asian Games 2023, Bagaimana Nasib Bonus?",0
Petinggi PKS Merapat ke Jokowi karena Bosan dengan HTI dan Khilafah,1
"Mahasiswi Disebut Rentan Alami Pelecehan Seksual, Begini Kata Dosen UIN Jakarta",0
Video Fenomena Alam Petir Menyambar Sungai,1
AKHIRNYA TERJADI..!!!. RUMAH EDI BASKORO DISEGEL. TERLIBAT KASUS HAMBALANG AKHIRNYA KPK LAKUKAN INI,1
"Reog Cemandi, Warisan Budaya Tak Benda Asal Sidoarjo",0
Ramai-ramai Menepis Hasto soal 3 Periode Permintaan 'Pak Lurah',0
"Soal Status Gibran di PDIP, Puan: Baik-baik Saja",0
"Pesan WhatsApp AKP Suparlan dari Kapolsek Maniis, Tasikmalaya Menawarkan Motor dan Mobil Lelang",1
Tanggal 26 Oktober Memperingati Hari Apa? Simak 5 Daftarnya,0
"Israel Dicoret Piala Dunia U-20, Terciduk Sogok FIFA.",1
"Survei Indikator: 69,1% Responden yang Tahu Setuju Putusan MK",0
"Disebut Disanksi Tertutup PDIP, Gibran Ungkit Sudah Diberi Izin Puan-TPN",0
"6 Destinasi Wisata di Lombok Barat, dari Pantai Hingga Hutan Lindung",0
Anies Baswedan Ajak Masyarakat Lakukan Gerakan 1821,1
"Tes Kesehatan Terakhir, RSPAD Bakal Beberkan Hasil Semua Paslon di KPU Besok",0
ANIES BASWEDAN KRITIS!! KUTUKAN AHOK BENAR BENAR JADI KENYATAAN,1
Kartu ATM Nasabah BRI yang berwarna Biru GPN Akan Segera Diblokir Otomatis oleh Sistem,1
"Gelora Sulsel Usul 3 Calon Ketua Tim Prabowo-Gibran, Ketua Partai-Eks Walkot",0
Seluruh Biaya Muhammad Zohri Bukan Diurus Kemenpora,1
Akhirnya Jokowi Selesai Buat Tol Laut,1
Kantor Staf Kepresidenan Mengklarifikasi Bahwa Tidak Ada Dokumen Penting Negara yang Hilang Pada Kasus Pencurian Terhadap Stafnya,0
PENGUMUMAN RENCANA PEMBLOKIRAN MEDIA SOSIAL OLEH KEMKOMINFO!,1
Truk Tertua Rakitan Isuzu Masih Bisa Ngacir Lho!,0
Teks Doa Hari Sumpah Pemuda 2023: Isi dan Lampirannya,0
Politisi PDIP : Negara Akan Hancur Bila Jokowi Tidak Segera Mundur,1
Jaya Suprana Meninggal Dunia,1
GEMPARKAN MALAM INI !! DEMI MENANGKAN ANIES GANJAR MUNDUR DARI KABINET PDIP.,1
Bupati Lumajang Beri Bantuan Lewat Whatsapp,1
Whatsapp Kasir Indomaret Salah Input Voucher Games,1
"Terduga Teroris IS yang Tertangkap di Sleman, Yogyakarta Bukan Pelatih Judo di UGM",0
Tokopedia Bagikan 200 GB Data Internet untuk Semua Operator,1
Video Megawati mengatakan merombak Pancasila,1
"Video BERITA VIRAL ~ Amarahnya Suka Meledak, Jokowi : Risma Layak Kena Reshuffle Kabinet !",1
"Gantikan Luhut, Erick Sampaikan Pesan Penting ke 3 Menteri Jokowi",0
"4 Faktor Produksi dalam Kegiatan Ekonomi, Apa Saja?",0
Video Prabowo Umumkan Mahfud MD jadi Cawapres,1
Virus Corona Mati dalam Suhu 26-27 Derajat dan Saat Terkena Sinar Matahari,1
Shin Tae Yong Minta Erick Thohir Pecat Bima Sakti,1
Penjelasan Erick Thohir soal Indonesia Batal Bidding Piala Dunia 2034,0
"Hari Sumpah Pemuda 28 Oktober: Sejarah, Isi Ikrar, Kegiatan, dan Tema 2023",0
"Daftar Lengkap Pemenang Ballon d'Or dari Masa ke Masa, Siapa Favoritmu?",0
"Jalankan Instruksi AHY, Demokrat NTB All Out Menangkan Prabowo-Gibran",0
Warga Bantargebang Tolak Pembangunan PSEL: Kami Ingin Lahan Terbuka Hijau,0
Titiek Puspa Meninggal Dunia,1
Anak Wakil Bupati-Penyidik BNNK Berebut Kursi Ketua KONI Tana Toraja,0
Almarhum Habibie di Formasi Jas Merah Mob UMM,1
JOKOWI UMUMKAN CALON PENGGANTI KETUA KPK,1
"Video ulil amri wahabi semakin stress, dia membuat kode2 biadab",1
Antena 5G di dalam masker Anda,1
PDIP Sulsel Pertimbangkan dr Udin Ganti Danny Jadi Ketua TKD Ganjar-Mahfud,0
Lowongan Kerja PT Pupuk Sriwidjaja,1
"Diskusi dengan Mahasiswa di Jember, Anies Ajak Anak Muda Tak Apatis Politik",0
Neno Warisman Gabung Partai Gelora,0
laki-laki di tengah Soekarno dan Jend Soerdirman itu adalah ayahandanya Habieb Risziq Shihab,1
Tautan untuk mengetahui siapa saja yang sering ngepoin facebook kita,1
TAK TERTOLONG..!!! SELAMAT JALAN FADLIZON. ADA KEJANGGALAN ATAS KEPERGIAN NYA HINGGA SEPERTI INI,1
Video BERITA TERKINI ~ AKHIR TR4GIS JKW SRIMUL B0C0RKAN SEMUA ~ NEWS VIRAL JOKOWI,1
Pernyataan Timses Prabowo-Sandiaga Terkait #PrabowoBersamaHTI di Twitter,0
Infografis Bawaslu Kepri Tentang Pihak Yang Tidak Boleh Ikut Kampanye,1
"Ma ruf Amin: Jika Saya Kalah, Umat Islam Akan Berdosa dan Masuk Neraka Semua!!",1
Ganjar Pranowo Mundur dari PDIP karena Kasus Korupsi KTP Elektronik,1
Konflik Israel-Palestina Bikin Resah Komunitas Ilmiah,0
Taruhan Pilpres Berhadiah Lapangan Sepakbola,1
Foto Presiden Joko Widodo WFH (Working From Home),1
"Jokowi Marah, Ternyata Semua Anggota PDIP Yang Korupsi 349 Triliun",1
"Putra Pangeran Monako yang Tak Diakui Kerajaan, Bahas Hubungan dengan Ayahnya",0
Joe Taslim Merasa Beruntung dari Pensiunan Atlet Kini Dikenal Jadi Aktor Hollywood,0
"Bangun Gaya Hidup Olahraga, Kemenpora Libatkan Komunitas",0
Obat Covid-19 Molnulpiravir Mulai Beredar September Mendatang,1
"Emil Saat Diambil Darah untuk Uji Vaksin China, tutup jarumnya belum di buka",1
Kok bebas acungkan 1 jari?,1
Sapa Aruh Sultan Jogja Jelang Pemilu: Pak Lurah Ora Usah Melu Kampanye,0
Messi Masuk ke Persib,1
"JAWAB TANTANGAN DARI PDIP, NASDEM DAN PKS DEKLARASI ANIES-JUSUF KALLA",1
ATLET ANGKAT BEBAN INDONESIA MUNDUR DARI KOMPETISI SEA GAMES KARNA DISURUH LEPAS HIJAB,1
5 Alasan Kenapa Membeli vivo V29e,0
Kapan Pengumuman TKN Prabowo-Gibran? Ini Jawaban Gerindra,0
"Rudi Hartono, Legenda Bulu Tangkis Meninggal",1
Ian Latanro Resmi Dilantik Jadi PAW Anggota DPRD Sulsel Gantikan Andi Irma,0
KIM ke PDIP: Gibran Harusnya Tak Cuma Dilihat dari Faktor Loyalitas Politik,0
"7 Ide Kado Pernikahan Barang Elektronik, Murah dan Bermanfaat",0
"Viral Insinyur Lulusan ITB Tinggal di Rumah Terbengkalai, Tidak Ada Listrik dan Air",0
Permata Bank Menawarkan Pinjaman Dana Tanpa Agunan/Survey Melalui SMS,1
"Kaesang Tiba di Kupang, Akan Bertemu Relawan Jokowi-Menangkan Prabowo-Gibran",0
Istri Pelaku Penganiayaan Perawat RS Siloam Merupakan Owner Perusahaan Kecantikan PT Immortal Cosmedika Indonesia,1
"PT. Sinar Mas Membeli 1,2 Juta Box Eco Racing",1
Bahaya Menyebarkan Ucapan Selamat Dengan Gambar,1
Video Penerbangan dari Italia ke ethiopia. Semua penumpang dinyatakan positif,1
9+ Teks Pidato Orasi Hari Sumpah Pemuda 2023 Penuh Semangat,0
"Survei LSJ: Tak Ada PPP, 9 Parpol Diprediksi Tembus DPR",0
Video Setelah disuntik vaksin pingsan tak sadarkan diri,1
Wakil Presiden Maruf Amin dan Raja Salman Dukung Sukseskan Anies Pilpres 2024,1
"di DKI setiap keluarga sudah diberi paket bantuan sebesar Rp1,2 juta. Hanya penyaluran bantuan bertahap.",1
Pesan Telak KOPASSUS Untuk PKI Yang Sekarang Mulai Bangkit,1
Mengenal Sosok Pj Wali Kota Parepare Akbar Ali Pengganti Taufan Pawe,0
"DI TUDUH CURI MEDALI MILIK BAMBANG PAMUNGKAS, MUHAMMAD YUSUF BUKA SUARA",1
Foto Roman Colosseum carved into a real tooth.,1
CdM Kontingen Indonesia di Asian Games 2022 Dibubarkan,0
Demokrat Bicara Pilihan Politik soal Cak Imin Bersyukur Tak Jadi Koalisi,0
"Beasiswa S2 MEXT Buka di Tokyo Institute of Technology 2024, Yuk Daftar!",0
"Foto pahlawan perang era 11, dengan teknik ngibul 1 negara musuh dengan janji manisnya",1
Misteri Tsunami Dahsyat 373 Tahun Silam Akhirnya Terpecahkan,0
Aplikasi Game Talking Angela Berbahaya Khususnya Untuk Anak-Anak,1
PB Mansion Sports Box Raih Medali Perak di Turnamen KJA Open 2023,0
KPU Akhirnya Bakal Revisi PKPU 19/2023 Sesuai Putusan MK,0
Hari Osteoporosis Sedunia 2023: Tema hingga Asal-usul Peringatan,0
Balasan Golkar soal Gibran Usai PDIP Singgung Narasi 'Dizalimi',0
Video Akhirnya Penyidik Temukan Ruang Rahasia Ferdy Sambo | Berisi T4ng4n M4nusi4,1
"Heboh WTC Mangga Dua Jadi Arena Main Badminton, Begini Kondisinya!",0
Video Para Supporter Bola Masuk Islam di Piala Dunia Qatar,1
Ganjar soal Foto Pelukan dengan Basuki: Tanya-tanya Politik Infrastruktur,0
Vaksin Melemahkan Kekuatan TNI,1
"Takut Dibunuh, Ahli Virus China Kabur ke AS: Saya Bersaksi Covid-19 Hasil Persekongkolan Jahat",1
Foto Kemasan Vaksin Sinovac Only for clinical trial,1
Pengiriman barang di Nigeria.. drone. Indomie Berjaya di Afrika.,1
"Hari Lansia Internasional, Menko PMK Usul Bentuk Sekber Khusus Lansia",0
KPU Palopo Kunjungi Parpol Lakukan Verifikasi Nama Surat Suara Caleg,0
"Perjalanan Rosan Roeslani: Pengusaha, Dubes, Wamen, Kini Ketua TKN Prabowo-Gibran",0
Chicco Jerikho Belajar Hidup Sehat Usai Sakit hingga Tubuhnya Tak Berdaya,0
Susunan Upacara Hari Sumpah Pemuda 2023 sesuai Panduan Kemenpora RI,0
"Video BERITA TERKINI ~ TAK DISANGKA SANGKA, DEKLARASI GANJAR 2024, LANGSUNG DISAMBUT PEMECATAN DARI PDIP",1
"Bawaslu Ingatkan Money Politic: Tolak Uangnya, Jangan Pilih Orangnya!",0
GURU Mau DIIMPOR Juga,1
"2 Hari Kunjungi Kupang, Kaesang Harap PSI dan Prabowo-Gibran Menang di NTT",0
Logo HUT Ke-128 Maknai Perjalanan BRI Dampingi UMKM Lebih dari 1 Abad,0
Segini Target Penjualan Suzuki Burgman Street 125 EX di Indonesia,0
ENAM ORANG TERNAMA INI SIAP PERANG DEMI DUKUNG ANIES,1
"Maaf, foto ditutup sebagian karena dilarang memperlihatkan aurat",1
UNIVERSITAS SEBELAS MARET NYATAKAN TAK ADA PENCABUTAN PENERIMA BEASISWA BIDIKMISI,1
Danny Dorong Milenial Ganti Posisinya Jadi Ketua TPD Ganjar-Mahfud di Sulsel,0
Akun Gerindra Jawab yang Berandai-andai Prabowo Meninggal saat Presiden,0
"DIAM DIAM MENGEJUTKAN, TITAH PRABOWO DAMAIKAN PERANG ISRAEL DAN IRAN",1
OVO Bagikan 1000 Jam Tangan Pintar dalam Rangka Perayaan Ulang Tahun OVO yang ke-60,1
"Ancaman Hoax Deepfake AI Nan Canggih, Jokowi Pun Jadi Korbannya",0
"Gabung TPN Ganjar-Mahfud, Eko Sulistyo Mundur dari Komisaris PLN",0
GEMPAR HARI INI ! MEGAWATI RESMI TANDATANGANI PUAN JADI CAWAPRES ANIES 2024,1
"Gejala Lupus Nefritis, Dikaitkan Riwayat Sakit Shena Malsiana yang Wafat di Usia 32",0
: Seekor Ular Raksasa Melilit Sebuah Mobil Van,1
Pemprov Sulsel Kerap Anggarkan Stadion Mattoanging Tapi Ragu Realisasikan,0
"PSIS Luncurkan 'The Pryto', Jersey Ketiga Mahesa Jenar yang Semarang Banget",0
"Hari Santri Nasional 2023: Sejarah, Tema, dan Logo",0
"Lirik Lagu Bangun Pemudi Pemuda, Makna dan Profil Penciptanya",0
Komunitas Olahraga Subang Dukung Putusan MK: Pemuda Bisa Maju Pilpres,0
"PLN Mulai Antisipasi Gangguan saat Musim Hujan di Sulsel, Sultra, Sulbar",0
"Hanya Ada di Jepang! 5 Inovasi Canggih, Mesin Cetak Sushi hingga Robot Teh",0
Podcast: Nasib Rupiah di Tahun Politik dan Konflik Timteng,0
"Amien Rais: Kalau Jokowi Sampai Diturunkan Akan Lebih Parah.Karena Dia Adalah Yang Terbaik Saat Ini,Dan Selamanya Buat RI",1
Misi PB PORLASI Bangkitkan Olahraga Layar Indonesia,0
"Said Aqil: Negara China Bukan Negara Komunis, Yang Komunis Itu Justru Arab?",1
Pesan berantai Teresia Fidalgo,1
KSAL Minta Dankodiklatal Baru Fokus Kembangkan Teknologi Kesenjataan,0
Etika dan Hukum Perang dalam Islam,0
Perubahan Tarif Transaksi BRI,1
"Sepertinya berangkat sendiri, biaya sendiri, selebrasi sendiri, tidak ada yang kasih bendera",1
Berita Mengerikan Akhirnya Dibuka Untuk Publik,1
Pengertian Semangat Patriotisme dalam Era Globalisasi dan Contohnya,0
Kepercayaan ke Mahkamah Konstitusi di Era Jokowi Dinilai Sudah Rusak,0
Ini Drone Mematikan Hamas yang Bikin Pasukan Israel Gentar,0
30+ Contoh Teks Anekdot Singkat dan Lucu Lengkap dengan Strukturnya,0
"Prabowo-Gibran Daftar ke KPU, Gemoy Muda Bersatu Trending X",0
"Pendaftaran Guru Penggerak Tutup 3 Hari Lagi, Cek Kembali Cara Daftarnya!",0
Ratusan Pekerja Pertamina RU II Dumai Tolak Akuisisi Pertagas,0
"Rana Tonjong, Danau Teratai Terbesar Kedua di Dunia Ada di Manggarai Timur",0
REKRUTMEN PENERIMAAN PEGAWAI PEMERINTAH NON PEGAWAI NEGERI KOMISI PEMILIHAN UMUM TAHUN 2022,1
Ibu Bharada E Menemui Presiden Jokowi,1
PPP Bali soal Yenny Wahid Dukung Ganjar-Mahfud: Anak Politiknya Gus Dur,0
Apa Benar Minum Kopi Bisa Cegah Kenaikan Berat Badan?,0
Foto Shinta Hudiarto Menyamar Menjadi Muslim dengan Memakai Mukena,1
"Klarifikasi LIPI Terkait Isu Pemusnahan Buku, Tesis, dan Disertasi",0
Gibran Pimpin Pasukan Akan Tuntut Rocky Penjara Seumur Hidup,1
"Jangan gunakan ponsel sambil mengisi pulsa meteran, sangat berbahaya!",1
Foto Massa Sudah Tumpah Ruah Mengepung Gedung DPR Terkait RUU HIP,1
"Porkot Makassar 2023 Dibuka Hari Ini, Cek Venue dan Jadwal Pertandingannya!",0
"Video Berita Terkini ~ Mulut Kotor fadlizon Berujung Petaka, Desakan Densuss88 Bubar Berakhir Begini",1
"TPN: Visi Jokowi Indonesia Maju, Ganjar-Mahfud Indonesia Unggul",0
"Apa Itu Copywriter? Ini Pengertian, Tugas hingga Jenis Kontennya",0
Wapres Amerika Mike Pence meminta umat Islam yang menuntut hukum syariah meninggalkan Amerika,1
PWNU JAWA TIMUR SIAP MENANGKAN PRABOWO SANDI,1
Golkar Sulsel Ogah Pasang Baliho Capres Sebelum Masa Kampanye: Rugi Bandar,0
Maklumat KSAD Untuk Siaga Aksi 20 Oktober 2020,1
Seorang Anak Meninggal Saat Bukber Karena Konsumsi Coca-Cola,1
"Ketua MK Disebut Lobi Putusan Usia Capres, Arief: Nggak Tahu, Nggak Dilobi",0
Video Penyiksaan oleh komunis terhadap muslim Uighur,1
Kominfo Butuh Polisi dan Masyarakat untuk Sikat Judi Online,0
Gambar hasil suntingan di berita Sandiaga Tak Yakin Indonesia Raih Juara di Asian Games 2018,1
Vaksin Sinovac Covid-19 yang akan di suntikkan kepada warga hanya untuk kelinci percobaan,1
RS Al-Quds di Gaza Tolak Ultimatum Israel untuk Evakuasi Segera!,0
"Siapkan SDM Terampil, Menaker Resmikan Workshop Pariwisata di Surakarta",0
Dito Ariotedjo Penuhi Panggilan Jadi Saksi Sidang Kasus Korupsi BTS,0
Judul Artikel merdeka.com Ma ruf amin : Ekonomi meroket jika Presiden Jokowi 3 periode,1
Survei Indikator Ungkap Magnet Kuat Jokowi di Balik Elektabilitas PDIP,0
Ganjar Pranowo Dipecat dari Partai PDIP,1
Ombudsman Akan Panggil Bey Machmudin soal Insiden Relawan Anies di GIM,0
Pemasangan Barcode pada Badan Manusia,1
Ahmad Dhani Minta Maaf Kampanye Prabowo di Area Militer AU Tasikmalaya-Garut,0
Jokowi Dinilai Sebagai 'Pak Lurah' yang Minta Jabatan Presiden 3 Periode,0
INDONESIA DIPASTIKAN TAMPIL DIPIALA DUNIA U20,1
PSI Akan Komunikasi dengan PDIP Buntut Ade Armando Digugat Rp 200 M,0
Imagispace Ajak Pencinta Seni Main dan Lebih Rileks,0
Beredar Risalah Rapat Pengangkatan Nama nama Menteri Kabinet Kerja Jilid II dengan Lambang Garuda dan Bertuliskan Koalisi Indonesia Maju,1
Kominfo Bantah Punya Akun di Situs Porno Pornhub,1
Golkar Bela Gibran yang Dianggap PDIP Membangkang: Dia Pemuda yang Berani,0
Al Haris Warning ASN di Jambi Tetap Netral Menuju Pemilu 2024,0
7 Tips Melunturkan Lemak Perut yang Membandel dari Pakar,0
Eks Atlet Papua Ungkap Kendala Tak Bisa Ikut Event di Jakarta: Tiket Mahal,0
"Pengertian Glosarium, Manfaat, Cara Membuat dan Contohnya",0
"Panda Nababan: Saya Syok, Ini Bukan Jokowi yang Ku Kenal",0
"Hari Inovasi Indonesia 1 November: Sejarah, Tujuan, dan Fakta Uniknya",0
Penjelasan terkait foto-foto yang diklaim sebagai perlakuan kejam pemerintah China di kamp konsentrasi Muslim Uighur,1
Kisah Darmanto Bikin Motor Roda Tiga Buat Sesama Disabilitas,0
Manajer Newcastle Kaget Sandro Tonali Kena Kasus Judi,0
Momen FX Rudy Bertemu Megawati untuk Melapor,0
"Penertiban Baliho Caleg di Batam Diprotes Tebang Pilih, Ini Kata Bawaslu",0
5 Sumber Energi yang Paling Aman Bagi Lingkungan dan Contoh Penerapannya,0
Ronaldo Tandatangani Kontrak dengan Real Madrid,1
Menpora Dito Minta Maaf Indonesia Gagal Penuhi Target Asian Games 2023,0
Jembatan Kaca Kampung Warna-warni Malang yang Retak Resmi Ditutup Sementara,0
Tentara merah RRC di pluit jkt,1
Jokowi Nama Lahirnya Herberthus,1
Inovatif! Mahasiswa UNS Ciptakan Sarung Tangan Penerjemah Bahasa Isyarat,0
Apa Singkatan PGRI? Ini Pengertian hingga Sejarah Organisasinya,0
Demokrat: Gibran Cawapres Penanda PDIP Sukses Mengkader Calon Pemimpin,0
Bila nampak dalam perut ikan sejenis telur ikan seperti dlm gambar ini,1
"Akan Diresmikan, Jembatan Kaca Bromo Apakah Aman?",0
Video Banjir Bandang di Libya tahun 2023,1
"Pemkab Badung Gelontorkan Bantuan Rp 105,35 Miliar ke Klungkung",0
Respons Gibran Usai Disebut Membangkang PDIP,0
"Di panggil langsung ke istana, Surya Paloh tanda tangan pencapresan Anies resmi di cabut hari ini.",1
rakyat antusias sekali menyambut kedatangan Anis for presiden 2024,1
"5 film Ikonik dari Studio Chizu, yang Mana Kesukaanmu?",0
"Hasto Tuding Kartu Truf Ketum Dipegang, PAN Bantah Terpaksa Dukung Gibran",0
Prabowo-Gibran Lanjutkan Proyek Kontroversi Jokowi,0
"Semula Dicemooh, Kini Bintaro Jadi Kota Satelit Pertama di Selatan Jakarta",0
KPU Tak Masalah Gibran Masih Kader PDIP saat Daftar Cawapres,0
"Kominfo Tak Ingin Buru-buru Bikin Aturan AI, Kenapa?",0
"Presiden Jokowi Diam, Bukan Berarti Takut",1
"50+ Link Poster dan Gambar Sumpah Pemuda 2023 Gratis, Pilih yang Paling Keren!",0
Suzuki Pamer Mobil Listrik Ternyar hingga Kendaraan Terbang di Japan Mobility Show,0
Sandiaga Ungkap Kunci Penting buat Dongkrak Investasi Dalam Negeri,0
Indonesia mengirimkan perwakilan LGBT/GAY ke festival LGBT Paris,1
Dunia Hari Ini: Produk Selai Australia Vegemite Berulang Tahun ke-100,0
Relawan Pengusaha Muda Dorong Ekonomi Indonesia Berdaya Saing Global,0
"Insentif Virus Corona, Pemerintah Gratiskan Akses Internet",1
Bagaimana Cara Menjaga Otot Agar Tetap Kencang Dok?,0
Presiden Jokowi Kembalikan Ahok Menjadi Gubernur Jakarta,1
Kisah Abdur Arsyad Pernah Dicap Jadi Mahasiswa Kurang Ajar hingga Dibully,0
Rumput Paragis untuk Menyembuhkan Kanker,1
Ilmuwan Pembuat Virus Corona Telah Ditangkap,1
Menakar Kekuatan Ganjar-Mahfud Usai Yenny Wahid Labuhkan Dukungan,0
BUPATI LUMAJANG AJAK SELURUH WARGANYA PILIH ANIES-MUHAIMIN DI PILPRES 2024,1
Gibran dan Blusukan Era Digital,0
"Riska Syabila, Mahasiswi Penemu Formula Ajaib Pemutih Badan Tanpa Suntik Kimia dan Alat Kecantikan",1
JOKOWI USIR PRABOWO DARI ISTANA NEGARA,1
Pengamat Sebut Prabowo-Gibran Bisa Dulang Suara NU Lewat Cawe-cawe Jokowi,0
ANIES SUKSES BUJUK FIFA CORET ISRAEL DAN RESMIKAN INDONESIA JADI TUAN RUMAH PIALA DUNIA U20 2023,1
"Indonesia Vs Brunei Malam Ini, Jalan Depan Balai Kota Solo buat Nobar",0
MEMALUKAN!! INDONESIA JADI TERTAWAAN NEGARA ASEAN??,1
Cerita di Balik Perjalanan Panjang Sirkuit Mandalika,0
Kapolri : Masyarakat boleh di tembak,1
Membantu Petani Menghadapi Perubahan Iklim,0
RS Mandaya Royal Puri Upgrade Layanan Deteksi-Terapi Kanker Payudara,0
Siapa Saja Pimpinan Penting Hamas?,0
Jokowi: Jangan Lupa Akar Masalah Adalah Pendudukan Palestina oleh Israel,0
"Sir Jim Ratcliffe Datang, Memangnya Bakal Pengaruh Banyak ke MU?",0
"Soroti Literasi, Kepala Badan Bahasa: Anggaran Cetak Buku Sampai Rp 175 Miliar",0
"Kapolri: Kawal Politik Bermartabat, Hindari Hal-hal Memecah Belah Rakyat",0
"Gemparkan 1 Indonesia, Pasangan Ganjar-Mahfud MD Di Tetapkan Di Istana Sore ini",1
"Pj Gubernur Jateng Gencarkan 10 Program Prioritas, Ini Rinciannya",0
LIPI Tidak Mengeluarkan Hasil Survei Capres-Cawapres,0
Tim Judo Senior Bali Kuasai Kejurnas Piala KASAD,0
"Kertas suara Pemilu dibakar seperti sampah, kecurangan ini mau didiamkan karena dilindungi oleh aparat dan pejabat?",1
Video Penduduk Aborigin di Australia Menyambut Pemerintah dengan Busur dan Panah sebagai Bentuk Penolakan Vaksin Covid-19,1
Orang yang Shalat Aman dari Corona,1
TAKTIK BARU SCAMMER Melalui Status Whatsapp,1
Pesan WhatsApp Wawali Makassar Fatmawati Rusdi Beri Sumbangan ke Pesantren,1
"25 Finalis Golden Boy Award 2023, Ada Bellingham hingga Hojlund",0
Semudah Apakah Menyebarkan Berita Palsu di Facebook?,0
Eksotisnya Pantai Tikus Emas di Pesisir Timur Bangka,0
"Nggak Cuma Fokus Jualan, Subaru Akan Bikin Jalanan Bebas Kecelakaan",0
Nonton Project Pop Gratis Cuma di Demi Indonesia,0
Cara Dapat Tanda Tangan Digital buat Transaksi di TEI 2023,0
Rani Hatta Rilis Koleksi Terbaru Sabamodest yang Serba Monokrom di JFW 2024,0
KPK Beri Klarifikasi Atas Isu Tunggangi Demonstrasi Mahasiswa,1
"Manajemen Buka Suara WTC Mangga Dua Jadi Tempat Main Badminton, Ini Faktanya!",0
CINA BANGUN PANGKALAN MILITER DI INDONESIA,1
Jokowi Sebut Sungai di RI Bisa Hasilkan Listrik Jumbo,0
Bendera Uni Soviet Dikibarkan di Mariupol di Tengah Ketegangan Rusia Ukraina Tahun Ini,1
Bamsoet Buka Kejurnas Tarung Derajat 2023 di Bandung,0
"Jika Jadi Presiden, Anies Ingin Tambah Kosakata Bahasa Indonesia Jadi 250 Ribu",0
Klarifikasi Kemenpora Terkait Pelatih Asian Games 2018 yang Belum Terima Bonus,0
"Kini Sudah Ada Fasilitas Rahim Buatan, Orang Tua Bisa Memilih Karakteristik Bayinya",1
"Djarot Ngaku PDIP Anti Dinasti Politik, Sebut Jokowi Ingin Gibran-Bobby Maju",0
"Jelang Pilpres, Kapolda Metro Imbau Warga Saling Menghargai Walau Beda Pilihan",0
Aturan Baru Penggunaan Air Tanah: Wajib Izin Kementerian ESDM!,0
Daftar Gaji Karyawan Perusahaan Fintech,0
Pertandingan Timnas Sepakbola Indonesia vs Portugal 28 Juli 2023,1
"Bulan Bahasa Oktober, Tema dan Slogan Kongres 2023",0
PDIP PANIK TOTAL!! GANJAR PUAN KELUAR DARI DAFTAR CAPRES 2024,1
"Dipimpin Langsung Megawati, Kader PDIP Kampanyekan Anies Cak Imin",1
"Ini lho bapaknya Jokowi, yang namanya Widjiatno",1
Anies Janji Jadikan Ulama Sebagai Penasihat Jika Terpilih Jadi Presiden,0
Tugas Penting Perguruan Tinggi Kenalkan Pangan Pengganti Beras,0
"20 Jajanan Anak Sekolah Terfavorit yang Murah dan Enak, Ada Telur Gulung!",0
Lirik Lagu Bangun Pemudi Pemuda dan Notasi Angkanya Karya Alfred Simanjuntak,0
APKASI Sediakan Beasiswa Indonesia Emas untuk 5.000 Putra-Putri Terbaik Daerah,0
Semarak Arak-arakan Bola Raksasa Piala Dunia U-17 di Surabaya,0
Azan Dapat Melemahkan Virus Corona,1
Cristiano Ronaldo Tergiur Melawan Indonesia Setelah Pertandingan Indonesia Lawan Argentina Kemarin.,1
Akhirnya Bocor Juga Bapaknya Jokowi Yang Asli,1
Pemain AC Milan Keturunan Jawa Bela Timnas,1
Pemkab Bogor Tingkatkan Keamanan Usai Sejumlah Warga Ditangkap Densus 88,0
Joe Taslim Bocorkan Resep Tembus Hollywood di Demi Indonesia,0
"Wujudkan Pemilu Damai, Kaops NCS Polri Bagikan 1.500 Paket Sembako di Tasik",0
Alasan Prabowo-Gibran Batal Hadiri Jalan Sehat Gerindra Sulsel di Makassar,0
Gambar Tangkapan Layar Artikel Batam.tribunnews.com Bandar Judi Mulai Panik Semenjak Adanya APK CHEAT SLOT,1
Ayah Jokowi Bernama Widjiatno Merupakan Anggota PKI: Jokowi Asli PKI Tulen!,1
"Pengalaman Mendikbud, Kata Nadiem Makarim, Mematahkan Mitos NEM, IPK dan Rangking",1
Pemprov Jatim Sukses Raih 5 Sertifikat Cagar Budaya & 12 Penetapan WBTB,0
"12 Template PPT Gratis: Tema Simpel, Elegan, dan Aesthetic",0
"Pelaku Utama Penjegalan Anies Baswedan Menyerahkan Diri, Akui Diperintah Istana",1
Daftar Harga Tiket Pertandingan Persahabatan Indonesia VS Argentina,1
Video Raja Bahrain tiba di Dubai dengan pengawal robotnya,1
Walkot Eri Ajak Arek-arek Suroboyo Ramaikan Piala Dunia U-17,0
MAHAR UNTUK GULINGKAN GANJAR 563 M RUPANYA MUSUH BEBUYATAN JOKOWI INI AKTOR INTELEKTUALNYA !!,1
Soda Susu Tak Dapat Bersihkan Paru paru Perokok,0
"Dubes China Buka Kartu: Tiap Tahun, 2 Juta Lebih Warga Kami Masuk Indonesia",1
Hakim MK Arief Hidayat Ingatkan Hukum Indonesia Bukan Hukum Sekuler,0
Drone Kamikaze Hamas Diprediksi Bikin Pasukan Israel Gentar,0
Video PKI Dukung Anies,1
Ratusan Kader Demokrat Sambut Anies Baswedan,1
"Rosan Ketuanya, TKN Prabowo-Gibran Segera Finalisasi Struktur Pengurus",0
"Ubah Imej Jadi Brand Inklusif, Penjualan Victoria's Secret Dikabarkan Anjlok",0
Video Sindiran Pedas Sultan Brunei Darusalam Kepada Presiden Jokowi,1
"Oppo Find N3 Resmi Dirilis, Layar Lebih Besar dan Kamera Flagship",0
Hewan Mati Bergelimpangan karena Efek Radiasi 5G,1
Anggota DPR Sihar Sitorus Dorong Pengembangan Desa Wisata di Nias,0
Mendag Zulhas Jelaskan Pengaruh Geopolitik Terhadap Perdagangan RI,0
Foto Sam si Koala dan Cooper & Merlot,1
"Tips Jaga Tubuh ala Dokter Nadia Alaydrus, Biar Nggak Mudah Sakit di Tengah Cuaca Ekstrem",0
Pesan Berantai Tautan Subsidi Kuota Belajar Gelombang Pertama 2021,1
Hati2 Alat Ini Sdh Di Setting Suhu 36-37 C Olh Komunis Cina Utk Mmbunuh Para Ulama2 Kita,1
"Opini dari Dahlan Iskan MENYEMBAH TUHAN, MENGABAIKAN KEMANUSIAAN",1
Demokrat: Pertemuan Jokowi dan 3 Capres Kendurkan Ketegangan Kontestasi,0
"Kisah Larry Ellison, Kena DO dari Kampus Sekarang Tajir Mampus",0
"Demo depan les bahasa Prancis, Emang ngaruh?",1
"Tingkat Sulfur Dioksida tinggi di Kota Wuhan tanda kremasi massal korban coronavirus, indikasi ada lebih dari 50.000 korban jiwa dibakar",1
Bambang Pamungkas Meninggal Dunia,1
Pembangunan Jembatan Gantung Sikundo,0
"Seru-seruan Bareng Anak di LazMall Daily Bundafest, Banyak Lomba Menarik!",0
Rian Fahardhi Punya Pendapat soal Pengaruh Gen Z di Tahun Politik,0
"Kabar Cawapres Bertemu Ma'ruf Besok, Cak Imin Ngaku Belum Dapat Undangan",0
"Covid-19 Adalah Bakteri yang Terpapar Radiasi, Sumber: Kementerian Kesehatan Rusia",1
"Dapat Kejutan dari Hotel di Bali, Quartararo Puji Orang Indonesia",0
"Golkar Optimis RK Bakal Menangkan Prabowo-Gibran di Jabar-DKI, Dibantu Airin",0
Vaksin booster yg ke 2 harus bayar 100 Ribu,1
Sertifikasi Halal mau di Hapus di RUU Sapu Jagat,1
"November, Museum MACAN Persembahkan Pertunjukan Wayang Eksperimental",0
Anies Sebut Relawan dan Kader Partai Bak Superhero Avengers,0
Pemerintah Membagikan Kuota 10GB Gratis sebagai Insentif untuk Melawan COVID-19,1
Link Twibbon Resmi Hari Sumpah Pemuda 2023 untuk Dipasang Saat 28 Oktober,0
Mahasiswa UI Bikin Inovasi Permudah Difabel Dapatkan Sertifikasi Bahasa,0
Jokowi Temui dan Tawarkan Putranya Jadi Cawapres Anies Baswedan,1
Hari Tulang dan Sendi Anak Sedunia: Sejarah dan Cara Memperingatinya,0
"Sosok di Balik Kaisa Group, Korban Baru Krisis Properti China",0
Survei ARCI: 3 Partai Berpotensi Gusur Dominasi PDIP di Jatim,0
Yandri Susanto : Pilpres Kontestasi Putra-Putri Terbaik Bangsa,0
Pesan Berantai Pemerintah Menyediakan Laptop Gratis Untuk Siswa dan Guru,1
"Jelang BTN Jakarta Run, Bank BTN Gelar 42K Dress Rehearsal",0
"Masinton PDIP Usul Hak Angket MK, Ini Kata Pimpinan DPR",0
"Ma'ruf Percepat Kunker di Papua, Ada Rapat Penting Bareng Jokowi di Istana",0
"Waspada Hoax di Masa Pemilu, Kini Sudah Muncul Editan AI",0
Hendropriyono Dukung Mahfud Md di Pilpres 2024,0
"Tri Koro Dharmo: Pendiri, Visi, dan Bentuk Perjuangannya",0
Kata Ganjar Soal PDIP Ditinggal Keluarga Jokowi: Banteng Enggak Cengeng!,0
Burhanuddin Muhtadi Dituding Dalang Quick Count Palsu,1
"Pengumuman Hasil Seleksi Administrasi CPNS dan PPPK 2023, Cek Sekarang!",0
Link Program Kuota Belajar Kemendikbud,1
Foto Penampakan Bigfoot terlihat oleh seorang warga di Purwokerto yang sedang memancing,1
300 Kabupaten serentak dukung Anies,1
Seorang Pria Melempar Laptop dan Membanting Televisi Saat Menonton Wawancara Najwa dengan Presiden Jokowi,1
MEGAWATI MINTA JOKOWI PECAT ANGGOTA TNI YANG MERAZIA BUKU BERBAU KOMUNIS.,1
Foto Perkumpulan maling suara,1
"Datang Langsung ke Demi Indonesia, Ini Keseruan dan Keuntungannya!",0
"Sidang Umum IPU, Fadli Zon Serukan Buka Blokade Gaza dan Kritik PBB",0
Status Gerakan Si Kadrun Harus di Hentikan,1
"Pre-Order Tanpa Eror, Blibli Serahkan iPhone 15 ke Pelanggan",0
"Alasan Relawan Bobby Mundur dari PDIP: Kita Jokowisme, Dukung Prabowo-Gibran",0
"Sukabumi Inflasi 2,78 Persen, Ini Biang Keroknya",0
"Cak Imin Klaim Suara Pemilihnya Kuat di Jatim, Jabar dan Jateng",0
"4 Kerabat Kepala Daerah Incar DPRD Sulsel di Dapil 4, Ada Istri-Anak Bupati",0
Makna Hari Sumpah Pemuda Bagi Bhante Dhira dan Gita Bhebhita,0
"Jokowi: Posisi RI Jelas dan Tegas, Kekerasan di Gaza Harus Dihentikan!",0
Video politisi Brasil dilempar ke sungai,1
Mengintip Jeroan Pabrik Isuzu yang Bisa Bikin 2.500 Tipe Truk Berbeda,0
Video Siaran Kecurangan Pilpres TV Al Jazeera,1
"PDIP Merasa Ditinggalkan Jokowi & Keluarga, Ganjar Bilang Begini",0
"Kahforward, Ajak Anak Muda Beri Solusi Nyata untuk Indonesia",0
Lowongan Pekerjaan Pemkot Surabaya,1
Video yang Diambil saat Konser Coldplay,1
"Sandiaga Berkomitmen Selesaikan Tugas, meskipun Tak Jadi Cawapres",0
Video DPR BONGKAR DANA HARAM ANIES ~ BERITA TERBARU HARI INI 4 MARET 2021 USAHA MIRAS DKI JAKARTA,1
BSSN Pantau Aktivitas Telepon dan Media Sosial Masyarakat,1
BMKG TANGGAPI RAMALAN GEMPA DAN TSUNAMI AKHIR TAHUN DI NTB,1
"Hari Listrik Nasional, Sejarah 27 Oktober 1945",0
Di Bekasi Sudah Ada Terduga Pasien Virus Corona,1
"Sambut Hari Sumpah Pemuda, Tokopedia Bagikan Kisah Sukses 2 Pelaku UMKM",0
"Puan Pimpin Rapat Paripurna DPR, 154 Anggota Dewan Hadir Fisik",0
"Tradisi Surat Menyurat Zaman Now, Kartu Pos Ternyata Masih Eksis",0
Surat Dari K.H. Mustofa Bisri (Gus Mus) di Whatsapp,1
Wamenag: Reuni 212 Berpotensi Menimbulkan Dosa,1
Prabowo Resmikan Sumur Air Bersih di Jateng: Laksanakan Perintah Presiden,0
"Indonesia resmi keluar dari AFF, Indonesia dipastikan akan gabung di piala EAFF",1
SBY dan Surya Paloh minta Ganjar Pranowo ditangkap KPK karena terlibat korupsi dan penyuapan.,1
Menpora Dito Jadi Ketua Panitia Aquabike dan Formula 1 Powerboat,0
"Ketahuan Ingin Jegal Anies Baswedan, KPU Tolak Pendaftaran Ganjar Pranowo Jadi Capres",1
Puluhan Sapi Hanyut di Bojonegoro,1
SK Mentri Prabowo Resmi Di Copot,1
Menpora Imam Nahrawi Mundur Dari Jabatannya,1
"Masih Cekak, Barcelona Mungkin Tak Belanja di Januari",0
64 Polisi-Jurnalis di Bali Beradu Ketepatan Menembak,0
"Pendaftaran Kampus Mengajar Angkatan 7 Segera Dibuka, Kuota 30.000 Mahasiswa!",0
Pengobatan Tumor Ganas/ Kanker CELL CURE RS Gatot Subroto Jakarta,1
"Jangan Lupa Nonton Langsung Demi Indonesia, Dapat iPhone 15 dan Macbook Air!",0
Selamatkah Kita Tahun Depan dari Pemanasan Global?,0
World Economic Forum Menyerukan Larangan Konsumsi Telur,1
Nusron Wahid Kritik Hakim Konstitusi Bicara Prahara MK: Etikanya di Mana?,0
Selamat! 9 Dosen dan Peneliti ITB Masuk World's Top 2% Scientists 2023,0
Binatang Langka dan Sangat Berbahaya yang Dapat Membunuh Setelah 4 Jam,1
"KSAD TNI-Mentan Baru Dilantik, Puan Ingatkan Pentingnya Netralitas di Pemilu",0
Rabiot: Messi Tidak Pantas Raih Ballon d'Or,0
"Ini Tahapan Seleksi Calon Guru Penggerak yang Ditutup Besok, Buruan Daftar!",0
HRS dilaporkan tewas tertabrak Unta pada acara Balapan Unta di Arab Saudi,1
Menantu Danny Pomanto dr Udin Masuk Radar Calon Ketua TPD Ganjar-Mahfud Sulsel,0
JOKOWI DIPASTIKAN TIDAK MENANG PILPRES 2019 By: Restu Bumi,1
Basket DKI Lolos Kualifikasi PON 2024 di Semua Kategori Putra dan Putri,0
10 Cara Memperbanyak ASI Secara Alami bagi Ibu Menyusui,0
FPI & BANSER Geruduk Kantor PDIP. Jgn Di Atur Oleh Partai PKI Komunis,1
Ketua BPOM Ditekan dan Diancam Untuk Keluarkan Vaksin Sinovac,1
"5 Peran Jamur dalam Kehidupan Manusia, Ciri-ciri, dan Jenisnya",0
Video Timnas U-15 Bertanding di Piala Dunia Swiss,1
Hakim Arief Sedih dan Harap Narasi 'Mahkamah Keluarga' Tak Disebarluaskan,0
"Terkait Israel, Deretan Produk Ini Diboikot Dunia",0
Francesco Bagnaia Puji Indonesia: Negara Terbaik Gelar Balapan MotoGP,0
KPK Segel Rumah Milik Prabowo Subianto,1
Keseruan Iriana Main Balap Karung hingga Bagi-bagi Sepeda di Surabaya,0
"GANJAR-MAHFUD RESMI BERSATU, PDIP GELAR DEKLARASI BESAR-BESARAN HARI INI",1
"Target Emas Meleset, Pelatih Tolak Peluru Akui Jepang di Luar Prediksi",0
"COVID-19 Merupakan Buatan Manusia sebagai Senjata Biologis dari Carolina Utara, Amerika Serikat dan Pasien Nol Bernama Maatje Benassi",1
Surat Pengangkatan CPNS Lewat Jalur Khusus,1
Steak Berbahan Dasar Kotoran Manusia dari Jepang,1
Hyundai Pamer Teknologi IONIQ 6 di Semarang,0
Reaksi PAN Kabupaten Cirebon Usai Kantor Digembok Eks Ketua,0
Video Mike Tyson salat di kafe yang pemiliknya melarang orang muslim masuk ke kafenya,1
"Pemanasan Global Adalah Hoax, Data Menunjukkan Suhu Bumi Semakin Mendingin 0,11 C per Dekade",1
Video Agen CIA Mendoktrin Mahasiswa Berdemo Dan Melawan Pemerintah,1
10 Pekerjaan yang Terbuka untuk Semua Jurusan,0
Cincin Lancip Perusak Lembar Pungutan Suara Pemilu 2024,1
Joe Biden menggunakan Massonic Illuminaty Bible(kitab setan) dlm sumpahnya mnjdi presiden,1
"Pemkab Selayar Teken NPHD Pemilu 2024, Anggaran Naik 4% Jadi Rp 33,3 M",0
"Biasa Pesan Ayam Bakar Online, Pria Ini Kaget Ketika Makan Langsung di Warungnya",0
Vaksin pertama kali dibuat di bawah kekhalifahan Ottoman. Tahun 1717,1
Mursal (Reporter) Meninggal Terbunuh Setelah Memaparkan Limbah Minyak Goreng,1
Apa Itu Golang? Ini Pengertian dan Fungsinya,0
Wanti-wanti Jokowi ke Pj Kepala Daerah 'Miring' Bakal Langsung Diganti,0
"MERENDAM KAKI MENGGUNAKAN MINYAK TANAH, GARAM DAN ES BATU DAPAT MEREDAKAN KOLESTEROL, ASAM URAT DAN DARAH TINGGI",1
Klaim Hadi Pranoto Soal COVID-19,1
Video ufo sudah satu jam lebih berada diatas daerah tanah abang,1
Gambar Majalah Tempo Sugeng Suparwoto Bohir Anies,1
"Warga Solo Gugat ke MK, Minta Hanya Gubernur U-40 yang Bisa Nyawapres",0
Ketum PBNU Akan Buka Santri Innofest 2023,0
VIDEO SHALAT BERJAMAAH SAAT PIALA DUNIA 2022 DI QATAR,1
Tim Kickboxing DKI Jakarta Perlu TC di Belanda,0
TV Nasional Belum Siarkan Berita Terkait Banjir yang Melanda Kalsel,1
"Beredar Video Jokowi Fasih Mandarin, Kominfo: Editan AI Menyesatkan!",0
Bayang-Bayang Kehancuran Gaza,0
"Apple Guyur Rp 15,8 Triliun per Tahun Garap Pembunuh ChatGPT",0
"Tuduh Semua Ijazah Jokowi Palsu, Dengan Tegas Presiden Tunjukkan Ijazah Asli Miliknya",1
"Yenny ke Ganjar-Mahfud, PD Singgung Prabowo Didukung SBY dan Jokowi",0
Seluruh Warga Jombang dan Santri Pesantren Tebu Ireng Dukung Anies Yenny Wahid di Pemilu 2024,1
Bhante Dhira Sebut Tahun Politik Jadi Proses Pendewasaan Bagi Pemuda,0
Jokowi Diruqiyah dan Tambah Ilmu Ghaib untuk Menangi Pilpres 2019,1
Pemantauan Aktivitas Telepon Seluler dan Media Sosial Oleh BSSN,1
"Adian soal Sikap Jokowi: Orang Bisa Berdalih, Waktu Jadi Penguji",0
"Amien Rais Sentil Ketua MK Anwar Usman: Dulu Takut Allah, Ternyata Takut Ipar",0
Video Mengaji dalam Opening FIFA 2022,1
PUPR Sebut Terowongan Tol Bawah Laut IKN Bakal Dibangun 2025,0
"Pesona Istana Taman Jepun: Lokasi, Fasilitas, Daya Tarik",0
BRI Bagikan Subsidi Pengentasan Kemiskinan dari Pemerintah Rp 5 Juta,1
Jawa Barat Menggelar Pesta Kemenangan Sebagai Juara Umum PON Papua 2021,1
"Perangi Polusi Plastik, Uni Eropa Larang Mikroplastik Dalam Produk Konsumen",0
Greysia Polii Beri Motivasi untuk Generasi Muda Agar Dapat Berprestasi,0
HNW Tegaskan Ponpes Gontor Terus Konsisten Merajut Persatuan,0
Jurus Polisi Tangkal Kenakalan Remaja di Karawang,0
Upaya Kawan Angkatan ITB Cari Enuh Nugraha yang Viral,0
Pemerintahan Joe Biden Memberikan 30 Juta Dollar Untuk Pipa Kokain kepada Komunitas Kulit Hitam di Amerika Serikat,1
"Asian Para Games Tuntas, Kemenpora Segera Usulkan Bonus ke Presiden",0
Ketua Umum Partai Golkar Tanda Tangani Kesepakatan Gabung Koalisi Perubahan,1
KORAN INGGRIS,1
"Gerindra Jawab Amien Rais soal Gibran, Singgung Mantu Jadi Ketum Partai Ummat",0
"Punya Gen Pemicu Alzheimer, Chris Hemsworth Mati-matian Ubah Gaya Hidup",0
Resmi Demokrat Gabung Koalisi PDI-P untuk Dukung Ganjar Pranowo,1
Prabowo-Gibran Bakal Dapat Dukungan dari Pimpinan Ponpes di Jabar,0
"Dicari Alumnus, Enuh Nugraha Lulusan ITB Kini Menggelandang sampai Grobogan",0
"Kartu Pra Kerja Sudah Jadi, Menganggur Digaji",1
KPK Tahan 1 Tersangka Baru Korupsi Stadion Mandala Krida DIY,0
"25 Contoh Visi Misi OSIS SMP, SMA, dan Organisasi Kuliah",0
"'DBON Mulai Membuahkan Hasil, Harus Terus Dilanjut'",0
Seorang Pengguna Facebook Memprediksi COVID-19 Sejak 2013,1
"Rp 100 Jutaan, Hunian di TMC-Cikarang Cocok buat Milenial dan Karyawan",0
Video Pencurian Di Kereta Api Tengah Malam,1
Cerita di Balik Dukungan Yenny Wahid untuk Ganjar-Mahfud,0
setelah di vaksin maka kasus HIV dan kanker akan meledak,1
GELOMBANG KE-3 Kuota Internet Free dari Operator!,1
"Perintah SBY: PAN, Demokrat, dan PKS Deklarasi Anies Presiden 2024",1
Video KABAR TERBARU ~ PER1N.T4HKAN PULUHAN MAHASISWA UNS DIT4N9KAP | News Jokowi,1
Heboh Ketua DPAC PKB Dipecat karena Dukung-Pasang Baliho Gibran,0
Prabowo Gagal Nyapres Karena Batasan Usia,1
Tim Garuda UNY Ikut Kontes Mobil Hemat Energi 2023,0
"Asian Para Games 2023: Indonesia 9 Emas, Saptoyogo Sudah Sumbang 3",0
Video Pertempuran Pesawat Ukraina dan Pesawat Rusia,1
Prabowo-Gibran Selesai Jalani Pemeriksaan Kesehatan di RSPAD,0
Foto Hasil Tangkapan Layar Sebuah Laptop Bergambar MS Excel Tentang Hasil Pilwali Kota Mojokerto yang Dibuat oleh KPU,1
Solusi Ampuh Hilangkan Rasa Nyeri di Pergelangan Tangan,0
Cara STiMB Menjaga Eksistensi Industri Musik,0
"Mengenang Sumur Timba, Tradisi Cari Air yang Kini Ditelan Zaman",0
"Adian Nggak Mikirin Gibran yang Kini di Sisi Prabowo, Ini Kata Gerindra",0
Hari Santri Meneguhkan Harmoni Islam dan Budaya,0
stop beli ikan dulu. terkhususnya ikan tongkol dan tembang Karena Ada pexakit Baru sekarang,1
Partai Golkar Mengajukan Surat Permohonan Pembatalan Hasil Pilpres,1
"Streaming Film-Bola Anti Putus di Vidio, Langganannya Cuma Setengah Harga",0
"Cabor Gagal di Asian Games 2023, Siap-siap Tak Didukung Pemerintah!",0
Aplikasi Body Temperature Diary bisa mengukur suhu tubuh kita sendiri tanpa harus beli alat test,1
Feminisme Adalah Gerakan Kesetaraan Gender Perempuan di Berbagai Bidang,0
"Jakarta Absen di Kalender Formula E 2024, Ketua DPRD: Pemilu Harus Dihargai",0
Tangkapan Layar Detiknews MENHAN Prabowo Subianto demi stabilitas terhadap pertahanan negara memperingkatkan Gatot Nurmantyo dan KAMI agar tidak bikin kisru di NKRI,1
Sederet Kesaksian Wakil Rektor di Sidang Perkara Korupsi SPI Unud,0
menteri kesehatan America sdh menandatangani persetujuan penggunaan chip 666 untuk virus corona,1
"Masuk Awal Musim Hujan Indonesia, Waspada Dampak Ini",0
"Lutut Bengkak hingga Tak Bisa Jalan, Apakah karena Asam Urat Dok?",0
Partai Kebangkitan Nusantara Menyerukan PKI Jaya,1
Rekrutmen Perwira TNI/AU Tituler Melalui Whatsapp,1
"Hoaks, Surat Pendataan Pembangunan Ibu Kota Baru Catut BPPT",1
Operasi Marinir Kerajaan Inggris di Ukraina pada Maret 2023,1
"Hari Tulang dan Sendi Sedunia 19 Oktober, Tujuan dan Faktanya",0
Anies Mengalami Kecelakaan di Tol,1
"Profil Mohammad Yamin, Tokoh yang Merumuskan Ikrar Sumpah Pemuda",0
"Gabung PAN, Verrell Bramasta Ingin Ubah Stigma Negatif soal Politik",0
Menjinakkan Bocah-Bocah Kosong ke Arena Politik,0
"Investor Jepang Tinjau Pembangunan IKN, Begini Progres Terbarunya",0
Mendikbudristek Apresiasi Program Transformasi Internasionalisasi USU,0
Bandara Kertajati Majalengka Hadiah dari Jokowi untuk Provinsi paling syaringah di Indonesia,1
Foto Di PERANCIS kerusuhan menghadirkan perampokan SUPER MARKET. Ternyata BACON (DAGING BABI) masih tersusun rapi di raknya,1
Dugaan Penyebab Keretakan Jembatan Kaca Kampung Warna-Warni Malang,0
Megawati Usir Jokowi dari Istana Terkait Ijazah Palsu,1
"Safari di Kupang, Kaesang Tampung Usulan Dana Abadi Pendidikan Calon Imam",0
Partai Pandu Bangsa Dukung Prabowo di Pilpres 2024,0
Dana Bantuan Pemerintah Rp100 Ribu untuk Pelanggan Setia Telekomunikasi Selular Indonesia,1
Bamsoet Apresiasi Pelaksanaan Kejuaraan Lomba Tembak KASAL Cup 2023,0
"Terus Diganggu Cedera, MU Bikin Investigasi Internal",0
Shopee Bagikan Cashback Senilai Rp2 Juta Kepada Pengguna Aplikasi Shopee,1
"BERSEPEDA PAKAI MASKER, MAKAN KORBAN JIWA DI DENPASAR",1
Jangan Terlewat! Tonton Keseruan Babak Final AXIS Nation Cup 2023,0
PENETAPAN 17 PROGRAM PRIORITAS PEMBANGUNAN TNI OLEH PANGLIMA TNI MARSEKAL HADI TJAHJANTO,1
Foto Quick Count dari Situs Tirto Menangkan Prabowo,1
KPK BIKIN ANIES GAGAL NYAPRES SURYA PALOH NGAMUK SAMPAI BEGINI,1
Pertemuan Jokowi dan 3 Capres Dinilai Untuk Tepis Serangan soal Tak Netral,0
10 Pidato tentang Sumpah Pemuda Singkat dan Penuh Semangat,0
Australia Korbankan Warganya dalam Perang Melawan Indonesia,1
Respons Cak Imin soal Yenny Wahid Dukung Ganjar-Mahfud,0
Ganjar Bakal Keliling Ponpes di Lombok Bareng TGB Seusai Nonton MotoGP Mandalika,0
"Makna Kalimat Kedua dalam Ikrar Sumpah Pemuda, Berikut Penjelasannya",0
Korea-korea Melentinglah!,0
Jam Kerja Di Denmark 33 Jam Per Minggu,1
110 Tebak-tebakan Lucu untuk Menghibur Semua Usia,0
PELATIH PERSIS SOLO DIPECAT AKIBAT TIDAK LEPAS SANANTA KE ASIAN GAMES,1
KANTOR PUSAT NASDEM DIBAKAR AKIBAT SURYA PALOH INGKAR JANJI,1
Ini 4 Kebiasaan Buruk yang Bikin Usia Biologis Lebih Tua dari Kronologis,0
"SMK Minta Mobil Hybrid, Jokowi Kasih Mobil Listrik Wuling Air ev",0
Video Protes Muslim India,1
Panen Raya Sukadiri Tangerang Jadi Angin Segar di Tengah Kemarau,0
Putusan Mahkamah Agung Republik Indonesia Nomor 31 P/HUM/2022 menyatakan Pandemi Covid-19 telah berakhir,1
Akun Facebook Wali Kota Payakumbuh Riza Falepi,1
PKB Tunggu Sikap PDIP soal Gibran: Semoga Pilpres Tetap Dinamis,0
Nasib Orang Tanpa Kewarganegaraan di Jerman,0
"Ini sumbernya Din Syamsudin, Presiden Joko Widodo menolak menemui ulama dari Uzbekistan dan Xinjiang, Cina",1
Bendera Golkar yang Sempat Dicabut Satpol PP Karangasem Dipasang Lagi,0
Jokowi anak kandung dari SULAMI,1
Penjelasan Terkait Beredarnya Foto Kartu E-Money Prabowo-Sandi,0
Kenapa Banyak Buruh Thailand Jadi Korban Serangan Hamas di Israel?,0
Kesalahan Penggunaan HP Yang Bikin Boros Baterai,0
"Tingkat Pengangguran Pemuda RI Tinggi, Kemenko PMK Dorong Belajar Wirausaha di EHUb",0
"Ronaldo Didesak Dihukum Cambuk, Pemerintah Iran Membela",0
E KTP Yang Diproduksi China Sudah Dipasang Chip Untuk Menyadap Pembicaraan,1
Burger yang Diproduksi oleh McDonald s Mengandung Ammonia Hydroxide,1
Mendagri Pecat PJ Gubernur DKI Jakarta,1
Mahfud Benarkan Capres Bertemu Jokowi di Istana Siang Ini,0
Kominfo: Pemanfaatan Teknologi AI Bikin PDB RI Meroket Sampai Rp 5.820 Triliun,0
"Pemilu Di Australia Pendukung 02 Tidak Boleh Masuk, Alasan Waktu Sudah Habis",1
Holding BUMN Danareksa Bangun Pengelolaan Air Limbah Bawah Tanah Pertama di RI,0
Kourtney Kardashian Dilarang Bercinta Selama Hamil Demi Keselamatan Janin,0
20 Contoh Ceramah Hari Santri Nasional 2023 Kreatif dan Inspiratif,0
Sah! Awal Chairuddin Ketum PP PESTI 2023-2028,0
"5 Rekomendasi Street Food Area di Makassar, Ada Jajanan Kekinian-Tradisional",0
"Alibaba cs Jadi Investor Pesaing OpenAI Buatan China, Sumbang Rp 5,42 T",0
Fakta Seputar Futsal: Sejarah hingga Bedanya dengan Sepakbola,0
Melihat Papua dan Aceh Sejahtera Timor Leste Ingin Gabung Dengan Indonesia,1
Vaksin covid-19 fungsinya untuk mengontrol manusia bukan untuk kesehatan,1
"Luhut: Memilih Prabowo, Berarti Anda Menginginkan Ideologi Pancasila Dirubah, Termasuk Penghianat Bangsa",1
Penggunaan foto di post tulisan Pencak Silat Memeluk Semua yang Mencintainya,1
Yenny Wahid Resmi Jadi Cawapres Anies Baswedan,1
Investigasi Majalah Tempo Menyimpulkan Penolakan Israel adalah Sikap Resmi Pemerintahan RI dan PSSI,1
Video Pemuda Pemudi Ini Terkena Sindrom Tiktok,1
Video GENDERANG PERANG DI TABUH TNI SIAGA TEMPUR LAWAN MALAYSIA,1
"Kebijakan PNBP 2024, Kemenkeu Fokus pada Lingkungan dan Layanan",0
Atlet Karate Berjilbab Dilarang Bertanding Dalam Kompetisi Karate se-Jatim,1
PERAYAAN KEMENANGAN MAROKO,1
Waka MPR Ajak Masyarakat Bangun Kesadaran Pentingnya Pola Hidup Sehat,0
"Hamza Dalj asal Aljazair, hacker yang membantu Palestina dihukum mati",1
Lowongan Kerja Bagi Lulusan SMA/SMK di Satpol PP Surabaya,1
"Sederet Menteri-Wamen Dampingi Prabowo-Gibran ke KPU, Ini Daftarnya",0
"Pencapaian Medali Emas di Indonesia di Asian Games, Tahun Ini Oke Nggak?",0
"KABAR GEMBIRA Menag Fachrul Razi Tarik Ucapannya, Ibadah Haji 2020 Bisa Dilaksanakan, Ini Syaratnya",1
Tips Bangun Kebiasaan Membaca di Keluarga ala Mendikbud Nadiem & Dee Lestari,0
"VIRAL MALAM INI ! ROCKY GERUNG KENA AZAB, RUMAHNYA DI BAKAR BESERTA ISINYA LENYAP TAK TERSISA",1
"Pasang Baliho Gibran, Ketua DPAC PKB Muntilan Magelang Dipecat",0
"INI BUKTI ANIS BAS EDAN ANGGOTA ISIS, Bersama Syekh Yusuf Al-Qaradhawi pimpinan ISIS",1
DKPP Periksa Anggota KPU Pangkep Hasanuddin Kuna Diduga Kader Parpol,0
pak habib pilih musik nya punya Gad Elbaz (lagu yahudi) Hashem Melech,1
Festival Pustaka Sastra Tokopedia Bantu Perkuat Perlindungan HKI Penulis,0
Apa Itu Tepung Sagu? Ketahui Kandungan dan Manfaatnya untuk Kesehatan,0
Jawaban Ketus Romario Soal Rumor Ancelotti Latih Brasil,0
Kenapa Dinding Tebal dan Perabotan Bikin Sinyal Wifi Jelek? Ini Jawabannya,0
Hakim MK Manahan Bantah Dilobi Anwar Usman untuk Setuju Ubah Syarat Cawapres,0
Raja Charles III Proklamasikan Donald Trump sebagai Presiden Amerika yang Sah Pada Pilpres Amerika 2020,1
Ini Teknologi yang Buat Gambar di TV SHARP AQUOS XLED Tampak Nyata,0
Jakarta Dicoret dari Kalender Balap Formula E 2024!,0
Gerindra Sulsel Lirik Amran Sulaiman Jadi Ketua Tim Kampanye Prabowo-Gibran,0
Calon Laris! Mobil Listrik Rp 135 Jutaan Ini Sudah Bisa Dipesan,0
IMPORT KITA SAMPAI KE KONDOM BEKAS,1
Pesan Erick Thohir Ajak Anak Muda Biar Nggak Mager,0
Indonesia Lolos Semifinal AFF U-19,1
Andre Rosiade Apresiasi Makan Siang Jokowi dan 3 Capres: Perlu Dirutinkan,0
Pemain Ligue 1 Prancis Lakukan Aksi Teatrikal Sindir Penggunaan Gas Air Mata di Tragedi Kanjuruhan,1
Sepakbola Ajarkan Ancelotti Jalin Hubungan Antarmanusia,0
"Hidup Lagi Capek-capeknya, eh Ada Museum Patah Hati di Bandung",0
WHO Merencanakan Modifikasi Genetik Manusia Melalui Vaksinasi,1
Mobil Listrik Murah Wuling E200 Dijual di Indonesia,1
"KPPU Usut 44 Pinjol Kartel Bunga Utang, AFPI Buka Suara",0
Pengakuan Fadil Jaidi 'Si Paling Mager' yang Lagi Persiapan Full Marathon,0
Suara Uang Tunai Di ATM Suara Palsu Yang Dihasilkan Speaker,1
"10 Ide Kegiatan Memperingati Hari Sumpah Pemuda 2023, Seru dan Bermakna",0
Seluruh Mahasiswa Indonesia Gelar Konvoi Mendukung Anies Baswedan,1
"Hasto Bicara Kartu Truf, Nusron Ungkit PPP Ganti Ketum Lalu Dukung Ganjar",0
Promo Iklan Kacamata Ray Ban di Instagram,1
Whatsapp Berikan Hadiah Natal Berupa Paket Internet Gratis 35GB dalam 6 Bulan,1
Rumah Ahok Jadi Sasaran Pembakaran Warga Plumpang,1
Samsung Pamer Kamera Galaxy S24 Ultra Bikin iPhone 15 Pro Max Ketar-ketir,0
Sabam Sirait Meninggal Dunia Pada 17 April 2020,1
KPU: Surat Suara Mulai Dicetak 10 November,0
Bupati Bandung Dorong Produk Pertanian Tembus Pasar Malaysia-Singapura,0
5G Dapat Mengganggu Keamanan Penerbangan yang Berarti Juga Berbahaya Bagi Kesehatan Manusia,1
Tegak Lurus ke Jokowi Bikin Relawan Bobby Nasution Keluar dari PDIP,0
Foto Keluarga CEO BioNTech,1
"Gaya Thariq Halilintar Perdana Pamer Foto Bareng Aaliyah Massaid, Go Publik?",0
Mantan Komisioner KPU Wahyu Setiawan Adalah Keturunan PKI,1
"Garmin Venu 3 dan Vivoactive 5 Tiba di Indonesia, Ini Harganya",0
154 Warga Masih Ngungsi Akibat Kebakaran di TPA Rawa Kucing Tangerang,0
"Survei LSJ: 66,5% Responden Yakin Jokowi Endorse Prabowo-Gibran",0
7 Makanan Ini Bisa Merusak Ginjal Jika Terlalu Banyak Dikonsumsi,0
Foto Mahfud MD Mengaku Mirip Ashraf Ingin Nikahi BCL,1
Pemprov DKI Jakarta Beberkan Strategi Kendalikan Sampah,0
Chemtrail Gempur Jakarta pada 14 Februari Pukul 1 Tengah Malam,1
Gejala Skoliosis Ringan dan Cara Mengatasinya,0
Ini buktinya Prabowo bersama cucu PKI,1
Pesan Larangan Kendaraan Plat AD Solo ke Jogja,1
"Sir Jim Ratcliffe, Fans yang Bakal 'Naik Kelas' Jadi Pemilik MU",0
"Putus dari Travis Kelce, Sang Mantan Sampai Harus ke Psikolog",0
Narkoba dari China Melalui Tiang Pancang Proyek Infrastruktur,1
BADAI MENGHANCURKAN ISRAEL,1
Cacing Hidup di Sarden |  Living Worm in Sardine,1
Surat Edaran Walikota Palembang Soal Virus Corona,1
Foto Anak Rohingya Disiksa Komunis,1
Ribuan Penggemar Moge Hadiri Jambore Nasional II MBI di Bandung,0
Pesta Homo Seksual di Italia Sebelum Covid-19 Mewabah,1
Golkar Klaim Persiapkan Khofifah Perkuat TKN Prabowo-Gibran di Jatim,0
"Hari Inovasi Indonesia, Pengingat Pentingnya Budaya Inovatif",0
GAK PUNYA MUKA ANIES BAR BAR BONGKAR DANA KORUP YANG DI LAKUKAN PD1P,1
Kucing Berusia 30 Tahun atau Setara dengan 90 Tahun Umur Manusia,1
Daftar Hari Penting Tanggal 23 Oktober,0
Jokowi Resmi Tunjuk Ahok Sebagai PLT Gubernur DKI Jakarta,1
HERU BUDI BONGKAR KORUPSI ANIES DI DEPAN MEDIA,1
"Diet 7 Hari Dapat Turunkan Berat Badan Hingga 15 Kg, Apakah Bisa?",0
"Cerita Hilangnya Gitar Milik Gitaris Mocca, Bukan Punya Eross Sheila On 7",0
Kemenhub Gelar Raker soal Pentingnya Angkutan Perintis di Wilayah 3T,0
KPU Kota Bandung Targetkan 90 Persen Partisipan Pemilu,0
Transformasi Digital Hutama Karya Sukses Kebut Konstruksi-Diakui Dunia,0
7 Mobil Sedan Murah 2023 dengan Harga Kurang atau Pas Rp 125 Juta,0
PAK MAHFUD RESMI DAMPINGI ANIES DI PILPRES 2024 ATAS RESTU JOKOWI,1
Foto Jokowi bvngk4m saat pdip buktikan keinginan nya 3 periode,1
Cerita Irmandy: Mahasiswa MIT Asal RI di Balik Karya Raksasa di Gurun Amerika,0
Harga Xiaomi Redmi Buds 4 Terbaru dan Spesifikasi,0
Ngabalin Ungkap Bakal Ada Pertemuan Jokowi dan 3 Capres,0
"Bos Napoli Tak Senang Lihat Kinerja Rudi Garcia, Bakal Dipecat?",0
Pengurus IMI bantah ada korban jiwa di kecelakaan Reli Mobil APRC 2019,1
Isu Reshuffle Pekan Ini: Anggukan Jokowi dan Posting AHY soal Pertanian,0
Foto Bayi Selamat Dari Kecelakaan Pesawat Sriwijaya,1
Foto Detik-detik Polisi Maritim Swiss Menemukan Eril Kamil Di Sungai Aare Swiss,1
Video Gibran Marah Obrak Abrik Rumah Cak Nun,1
Surat Utang Ridwan Kamil,1
Cara Aqeela Calista Obati Kangen Syuting,0
Gambar Mark Zuckerberg Membawa Plakat Bertuliskan I Stand With Israel,1
Hasto Sebut Ada Kartu Truf Ketum Parpol Dipegang Terkait Pencalonan Gibran,0
Bermain HP Di Dekat Kompor Menyebabkan Kompor Meledak,1
Seluruh Hewan Percobaan Vaksin Covid-19 Terbukti Mati Karena Suntik Vaksin,1
Senapan Mematikan di Balik 22 Korban Tewas Penembakan Massal AS,0
Pesepakbola Christian Eriksen Terkena Serangan Jantung setelah Divaksin,1
Alasan di Balik Tangisan Di Giannantonio di Mandalika,0
Bangunkan saudara2mu #RakyatTahuKalianCurang,1
"Stafsus Ungkap Jokowi Dengarkan Harapan Anies, Ganjar, dan Prabowo",0
101 Pinjol Legal Berizin OJK Terbaru Oktober 2023 dan Ciri-cirinya,0
Potret Reka ulang Bentuk Wajah dari Mumi Firaun Ramses II,1
Projo NTB Antar Prabowo-Gibran ke KPU: Kami Anak Kandung Jokowi,0
MANTAN PRESIDEN RI KE 3 DI NOBATKAN SEBAGAI PEMILIK IQ TERTINGGI SEPANJANG SEJARAH MANUSIA NAMUN DI SIA SIAKAN OLEH BANGSA INDONESIA,1
4 Kerabat Kepala Daerah Nyaleg Dapil 4 DPRD Sulsel Punya Modal Basis Suara,0
Suramadu Macet Total Sambut Anies Baswedan,1
Jembatan Kaca Bromo yang Diresmikan Akhir November 2023 Sudah Diuji Kelayakan,0
Bantuan Sosial Rp1.2 Juta Rupiah untuk 9.8 Juta Masyarakat,1
"Nih yang bikin Covid, si jagoan Wall Street (Rockefeller Foundation)",1
Pertemuan Jokowi dan Prabowo adalah Setingan,1
Anies Baswedan Mendapat Karma atas Perilakunya,1
"Sri Sultan Hamengku Buwono X Katakan Cina dan Keturunannya Tidak Pantas Jadi Pemimpin di Bumi Nusantara dan Fakta Sejarah, Tionghoa adalah Satu-satunya Penghianat NKRI",1
Ricky Harun-Zaskia Sungkar Akui Kesegaran Le Minerale,0
Bioskop di Palangka Raya Kembali Buka di Tengah Persebaran Covid-19,1
"Harun Masiku Belum Tertangkap, Pukat UGM Ungkit Penangkapan Nazarudin",0
"TERLIBAT KUDETA PRESIDEN, DIJEMPUT PAKSA, ANIES BABAK BELUR BEGINI",1
Kapolda Jateng dan OKP Cipayung Plus Deklarasi Rumah Kebangsaan Se-Jateng,0
50+ Contoh Soal SKD CPNS 2023 Kategori TWK Lengkap dengan Pembahasannya,0
Foto berwarna Pertama dari Pesawat Ruang Angkasa China Zhurong yang mendarat di Mars,1
Foto Satelit Ungkap Ratusan Kendaraan Militer Israel Dekati Gaza,0
"Dilaporkan soal Renovasi Rumdis, Wabup Tanjabbar Hairan: Gorengan Politik",0
"Video Kondisi Gibran BERITA TERBARU HARI INI~ISTANA BANJIR TANGIS,VIRUS MENGGROGOTI TUBUHNYA HINGGA BEGINI~VIRAL NEWS JKW",1
Chicco Jerikho Nggak Akan Malas dari Kebiasaan Hidup Sehat Karena Ingat Hal Ini,0
Tangkapan Layar Grup WA Pendukung 02,1
AKHIRNYA!! DUNIA SETUJUI VAKSIN NUSANTARA,1
Ma'ruf Amin: Santri Harus Terdepan dalam Bangun Ekonomi Nasional,0
Menari di Trampolin Jadi Olahraga Baru yang Digandrungi Emak-emak Bandung,0
Ngasih Tip Housekeeping Hotel Minimal Berapa? Segini Kisarannya,0
Indonesia Tidak Bergabung ke Aliansi Strategis Militer Islam Sunni Karena Dianggap Merapat ke Komunis China,1
KIB dan KIR Deklarasi Prabowo Ganjar,1
Respons Jokowi soal Baliho Ganjar-Mahfud Dicopoti Saat Dirinya Kunker ke Bali,0
MAHFUD MD TUNTUT 5 MILIAR KE MK AKIBAT PENUNDAAN PEMILU,1
Ini Tokoh Terkenal Jatim yang Didambakan Demokrat Dukung Prabowo-Gibran,0
"Keberatan Angkut 27 Pesumo, Maskapai Gercep Cari Pesawat Tambahan",0
"ANCAM JEBLOSKAN KEPENJARA JOKOWI, GIBRAN TURUN TANGAN HADAPI AMIEN RAIS",1
"Relawan 'Pagi' Resmikan Posko, Pede Prabowo-Gibran Menang 1 Putaran",0
"Lampu Boleh Sama Putih tapi Cahayanya Beda-beda, Begini Penjelasannya",0
Din Syamsuddin: Saya Haqqul Yakin Warga Muhammadiyah Dukung Anies-Cak Imin,0
"Menkes Luncurkan 'Corporate University', Program Apa Lagi Nih?",0
Adobe Kenalkan Gaun Digital yang Dilengkapi AI,0
"Vaksin Astrazeneca, Pfizer, dan Moderna Berafiliasi dengan Bluetooth kecuali Sinovac",1
Cak Imin Yakin Bisa Kuasai 60 Persen Suara di Jatim,0
Pemblokiran Jalan di WKO Jelang Putusan MK,1
"Sempat Raib 23 Tahun, Catatan Tangan Imam Bonjol Muncul di Payakumbuh",0
Takbier Bir yang Sempat Jadi Kontroversi Diproduksi Di Arab Saudi!,1
Lowongan Kerja oleh PLN Wilayah Denpasar Oktober 2022,1
Mengupas Seberapa Canggih Teknologi Generative AI,0
"1 minggu kedepan padang hati hati dan waspada gempa 7,6 SR",1
Klarifikasi Ridwan Kamil Terkait Tudingan Bermain Dua Kaki,0
"Padel Tennis, Olahraga Bule-bule di Bali yang Kini Makin Diminati",0
Tjahjo Kumolo meninggal karena Vaksin Covid-19,1
Menpora Tanda Tangan MoU Olahraga dengan Arab Saudi,0
Lirik Lagu Satu Nusa Satu Bangsa serta Maknanya,0
Relawan Anak Muda di Sultra Deklarasi Dukung Gibran Jadi Cawapres 2024,0
"Jangan Panik, Seseorang yang Terinfeksi Covid-19 Varian Omicron Dapat Sembuh Setelah Mengonsumsi Paracetamol 500 mg, Vitamin C 1000 mg, dan Vitamin D3 1000 IU",1
diteriakkan nama Prabowo,0
"UYM: Prabowo Masih Kurang Cocok Jadi Menhan, Harusnya Coba Menjabat Dari Ketua RT Dulu",1
"Dukung Industri Kreatif, Pameran Audio, Visual dan Lighting Digelar di RI",0
Anwar Usman Bantah Lobi Hakim MK Lain Terkait Putusan Batas Usia Cawapres,0
Video JOKOWI AKUI SUDAH GAGAL SEBAGAI PRESIDEN & AKAN SERAHKAN SEMUA JABATAN PRESIDEN ke PRABOWO ?,1
6 Contoh Amanat Pembina Upacara Peringatan Hari Sumpah Pemuda 2023,0
Zulhas Ungkap Pertama Kalinya Indonesia Diundang ke Pertemuan Mendag G7,0
Aktivis 98 Rahmat Pulungan: Kehadiran Gibran Itu Ijtihad Politik Jokowi,0
Surat Donasi Tempat Ibadah Oleh Pemkab Gresik,1
Sejarah dan Makna Peristiwa Sumpah Pemuda 28 Oktober,0
Marc Marquez tiba di Bandara Internasional Sultan Hasanuddin lanjut menuju kediaman Daeng Naba Tukang Urut,1
Momen Ganjar Makan Malam Bareng Warga Desa Karangpucung Purbalingga,0
Awan Berbentuk Topi di Gunung Rinjani Tidak Berdampak Gempa,1
Rudy Hartono Meninggal Dunia (Lagi),1
Politisi Golkar: Jokowi Tak Pernah Beri Arahan ke Parpol soal 3 Periode,0
Pameran Seni Imersif Imagispace Hadir di Indonesia Design District PIK 2,0
"Lowongan Kerja PT. Astra International, Tbk",1
Iriana Unjuk Jempol Lagi Sambil Goyang Ditanya soal Gibran Cawapres Prabowo,0
Pemimpin Masyarakat Adat Asli Amerika Dikorbankan Sebagai Persembahan Selama Epidemi,1
Lukas Enembe Seret SBY Dan Ketum Demokrat,1
"NASA Mau Bangun Pemukiman di Bulan, Bisa Beli Rumah di Sana?",0
"Mobil Dinas Presiden Baru, Harga berkisar 12 M, Dibeli Tahun 2020 saat Pandemi Copid",1
Mahfud Md Tanggapi Putusan MK-Wacana Hak Angket DPR Saat Diskusi di Makassar,0
VIDEO SUPORTER TIMNAS INDONESIA SAAT SEA GAMES 2023,1
Ternyata Sang Anak Sempat Kecewa Saat Mahfud Md Batal Cawapres di 2019,0
Melihat Kekuatan Anies-Ganjar-Prabowo Usai Putusan MK Versi 2 Survei,0
"Saya Di-PHK 2 Tahun Lalu dan Pesangon Belum Cair, Bagaimana Cara Menuntutnya?",0
"Hari Pos Sedunia 9 Oktober: Sejarah, Tema, dan Link Twibbon",0
"Surya Paloh Apresiasi Pertemuan Jokowi dengan Anies, Ganjar dan Prabowo",0
Terciduk! Diduga Oknum BAIS TNI PROVOKASI Massa di Aksi 22 Mei dan Menyudutkan POLRI,1
Penanganan Stunting dan Sampah Jadi Prioritas Penganggaran 2024 di Jabar,0
Rumah Pribadi di Jakarta Utara Jadi Persembunyian TKA Ilegal,1
Benarkah Sakit dan Bengkak di Area Lutut Bisa Dipicu Asam Urat?,0
ASN Pemkot Medan Bakal Pakai Baju Kasual Setiap Selasa Mulai November,0
SBY Sudah Telepon Moeldoko Suruh Jokowi Akui Kekalahan,1
RIDWAN KAMIL KERAHKAN SEMUA WARGA JABAR UNTUK MENANGKAN ANIES DI PILPRES 2024,1
"Pencemaran Udara: Pengertian, Penyebab, Dampak, dan Contohnya",0
"20 Menu Diet Sehat dan Bernutrisi untuk Tubuh, Ada Dada Ayam",0
"Embung Sanur Dibuka untuk Umum, Bisa Jogging dan Wisata",0
Tentang Teknologi Deepfake Bikin Jokowi Seolah Fasih Mandarin,0
Telegram Membagikan Voucher Pulsa Gratis Bagi Pengguna Senilai Rp500 Ribu,1
Israel Tembakkan Senjata Baru Iron Sting ke Lokasi Hamas,0
"JOKOWI STRES, GIBRAN DIPASTIKAN DIHUKUM MATI",1
"Pertandingan Liga 1, PSIS Semarang Vs Persebaya Diselenggarakan Tanpa Penonton",1
Xiaomi dan Alibaba Tanam Modal ke Startup Pengembang Saingan ChatGPT Asli China,0
Ribuan warga Baduy sudah bergerak menuju Ibukota,1
Video HAKIM & JAKSA TERKEJUT! ARAB SAUDI & MUI AKAN PASANG BADAN BEBASKAN HABIB RIZIEQ DARI JERUJI BESI!,1
JERMAN TELAH MENGHENTIKAN SEMUA VAKSIN COVID-19,1
KPU Anulir Keputusan Peserta Pemilu 2024,1
Satpol PP Jembrana Ultimatum Parpol Turunkan Baliho Liar,0
Detik detik Adian Napitulu Permalukan SBY Saat Live TV Nasional,1
Video Badak Terlepas di Jalanan Umum Saat Kerusuhan Prancis,1
Teknologi AI Makin Canggih Tapi Ada Juga Sisi Gelapnya,0
"Subaru Kenalkan Pesawat, Tanda Mereka Serius di Dunia Aviasi?",0
"Kitab Kuning: Definisi, Asal-usul dan Isi yang Dipelajari Santri",0
Rio Rizki Bukan Peraih Medali Emas Termuda Di ASIAN Games 2018,0
China Lakukan Uji Coba Vaksin di Indonesia Karena Kekurangan Monyet,1
Pemkab Bandung Barat Siapkan Rp 62 M untuk Pemilu 2024,0
"DAHSYATNYA FITNAH CORONA, ketakutan para elit global akan kebangkitan umat Islam",1
Surat Edaran Kementerian Koordinator Perekonomian Republik Indonesia untuk Sponsorship Penerbitan Buku,1
"Kim Kardashian Rilis Bra Berputing, Alasannya Ini Auto Diolok-olok Netizen",0
Pengusaha di Parepare Keluhkan Omzet Turun 30% Imbas Listrik Sering Padam,0
Ini Sosok Penyemangat Nunung untuk Cepat Pulih dari Kanker Payudara,0
Wapres Ma'ruf Kunker ke Papua Usai Groundbreaking Masjid-RS di Makassar,0
Tutorial Mendapat Kuota Gratis 20GB dari Program Covid-19,1
Membedah Visi-Misi Pariwisata dan Ekonomi Kreatif Pasangan Ganjar-Mahfud,0
Pria Bule yang Hadir pada Debat Pilpres Perdana ialah Konsultan Politik Prabowo Sandi,1
Gisella Anastasia dan Gading Marteen Resmi Rujuk,1
Tanggal 20 Oktober 2023 Memperingati Hari Apa? Ada Hari Osteoporosis,0
Ini Daftar Visi Misi dan Program Kerja Ekonomi Anies-Cak Imin,0
Sengitnya Berebut Juara dan Hadiah Ratusan Juta di AXIS Nation Cup 2023,0
OPPO Find N3 Flip: Desain Elegan & Ketahanan hingga 600.000 Lipatan,0
"7 Makanan Agar Sperma Tidak Encer, Bapak-Bapak Wajib Coba",0
"Mengenal Pantai Sorake, Surga Selancar Kelas Dunia di Pulau Nias",0
Ada Ruang Khusus Para Dewa di Kuil Romawi Kuno yang Ditemukan di Italia,0
ITU SIAPA BRO??? PRESIDEN INDONESIA BRO,1
"Trias Politica, Pembagian Tiga Kekuasaan Pemerintahan",0
Inikah Motor Baru Suzuki yang Meluncur di Indonesia Pekan Depan?,0
Foto Wanita Mengenakan Kaos Berisi Tulisan Umpatan Untuk Anies,1
"4 Produk Kebahasaan dan Kesastraan Baru di KBI XII, Ada KBBI Daring VI",0
"Kamis Besok, FPI-PA 212 DEMO DEPAN DPR RI Stok makanan di rumah menipis Lumayan dapat nasi bungkus+15.000",1
"OPPO Find N3, Smartphone Foldable Pertama yang Diproduksi di Indonesia",0
Menpora Dito: Bulutangkis Gagal di Asian Games 2023 karena...,0
Undian Resmi Whatsapp Rp175 Juta,1
"Video BERITA VIRAL ~ YUSRIL GANDENG HOTMAN PARIS, BIKIN SBY & AHY TAK TERTOLONG ~ BERITA TERBARU",1
"Bencana Kelaparan di Yahukimo, Menko Muhadjir Segera Terbang ke Papua",0
"KPU Sulsel Akan Cetak 6.816.579 Surat Suara Pemilu 2024, Ini Sebarannya",0
"MK Disebut Mahkamah Keluarga, Anwar Usman: Keluarga Bangsa Indonesia",0
"KPU Panik, Semua Data BPN, TNI, PKS, IPB & ITB Semua Memenangkan 02",1
Ini Faktor yang Membuat Prabowo-Gibran Unggul di Jatim Versi Survei ARCI,0
Inovasi Kain Ramah Lingkungan dalam Koleksi 4 Desainer APR di JFW 2024,0
"Besok! Demi Indonesia Ada Pemuda Hebat: Pevita Pearce, Joe Taslim hingga Greysia Polii",0
"Gelar Forum TGIF, Taspen Genjot Kepatuhan-Manajemen Risiko Perusahaan",0
Kemenkeu soal KIS Lansia Besutan Gibran: Harusnya Program Saat Ini Cukup,0
227 Perguruan Tinggi Teken Kerja Sama Praktisi Mengajar Angkatan 3,0
"Perketat Pengawasan di Sejumlah Perairan, KKP Amankan 6 Kapal",0
"Klarifikasi dari Dinkes terkait Informasi Ramuan Minyak Tanah yang Bisa Mengobati Penyakit Asam Urat, Kolesterol, dan Tekanan Darah Tinggi",0
Burung Surakav |  Surakav Bird,1
"Mitratel Kantongi Laba Bersih Rp 1,43 T di Kuartal III-2023",0
Khofifah Sematkan Satya Lencana untuk 525 Sukarelawan Donor Darah PMI Jatim,0
Jokowi Ungkap Pembagunan 320.000 Km Jalan Desa di Depan Pengusaha China,0
KIM Cerdas Tarumajaya Bandung Sabet 2 Penghargaan Tingkat Nasional,0
Modus Pencurian Menyemprot Bius ke Helm Pengendara Roda Dua,1
"50 Jargon Hari Santri 2023 Berbagai Tema, Kreatif dan Seru",0
PAN DAN DEMOKRAT SIAP MENANGKAN ANIES DI PILPRES 2024,1
Burung Elang Mampu Hidup Hingga 70 Tahun,1
"Projo, Relasi Kuasa, dan Hegemoni Jokowi",0
Ketua Golkar Jatim Sebut Prabowo-Gibran Menang Pilpres Sebelum Bertanding,0
"Jelang Tayang Perdana, Film Tokusatsu Bardion Rilis Trailer Utama",0
Akun Telegram PT Kresna Graha Investama Tbk Menawarkan Skema Investasi Kontrak Harian dan Mingguan,1
Ahok Gantikan Ma ruf Amin?,1
Diskominfo Garut Beri Materi Bijak Bermedsos ke UKM Jurnalistik STAIM,0
Kondisi masjid yang diserang polisi dan brimob saat ini,1
Video Ganjar dan Ahok menjadi Tersangka Pencucian Uang 300 Triliun untuk Modal Kampanye Capres,1
Sanksi Denda E-Tilang Mencapai 5 Juta,1
"Ini Motor Listrik Termurah di IMOS 2023, Cuma Rp 5,3 Juta!",0
PDIP bubar,1
Jokowi Siap Pimpin 3 Periode,1
Catat! Ini Ancaman Pidana ke DC Kartu Kredit Menagih dengan Meneror,0
Imbauan DJP Pati Perihal Pembayaran Pajak Virtual ke Rekening Pribadi,1
Foto Kepanikan Fira un Jaman Now,1
Pertamina Grand Prix of Indonesia 2023 Torehkan Prestasi bagi Indonesia,0
"Heru Budi Hadiri Panen Raya 3,5 Ton Cabai Se-Jakarta Timur",0
PHK Besar-Besaran BCA Segera Terjadi,1
Najwa Shihab Ziarah ke Makam Kakek Putri Ariani,1
Lowongan Kerja PT Angkasa Pura II (Persero) untuk 19 Posisi,1
Masinton PDIP Sebut Gibran Sudah Disanksi Secara Tertutup,0
ITB Perpanjang Pendaftaran Calon Tenaga Kependidikan Tetap sampai 24 Oktober,0
"Bocoran Luhut Kereta Cepat Nyambung Surabaya Digarap China, Bunganya Murah",0
KPK SITA PULUHAN MOBIL MEWAH DAN MOGE MILIK SRI MULYANI,1
MEGA USUNG GIBRAN-GANJAR 2024,1
"Safari Politik di NTT, Kaesang Disuguhkan Sirih-Pinang",0
Formula E Tidak Disiarkan oleh TV Nasional,1
Instruksi Gubernur Jateng tentang penilangan bagi yg tidak bermasker di muka umum Rp.150.000 menggunakan e-tilang Via apps PIKOBAR,1
TNI-Polri Bunuh 3 Wanita di Kabupaten Puncak Papua (Ilaga),1
"Filosofi 'Jihad Santri Jayakan Negeri', Tema Hari Santri Nasional 2023",0
"125 Contoh Soal SKD CPNS 2023 Lengkap TWK, TIU, TKP beserta Jawabannya",0
"Tanjung Lesung Sukses Gelar Lomba Mancing Tuna, Diserbu 200 Mancing Mania",0
Meme BJ Habibie Mengatakan lawan berat Prabowo itu bukan Jokowi tp kecurangan,1
Terungkap Tokoh Backingan Dalam Kasus Penembakan Habib Bahar bin Smith,1
Conte ke Pelatih Lain: Siap-siap Saja Kesulitan saat Aku Comeback,0
Rusia dan Korea Utara Membela Indonesia,1
Gibran Secepatnya Bicarakan KTA PDIP dengan FX Rudy,0
Jokowi akan Bekerja Sama dengan Beberapa Bank Menggunakan Dana Nasabah untuk Proyek Besar,1
Video Obat COVID-19 Telah Ditemukan dan Siap Disebarkan ke Seluruh Indonesia,1
"Usia 50 Tahun Masih Suka Kebut-kebutan, Capirossi Takut kalau Anak Main Motor",0
Tawaran kerja sampingan,1
"Anies: Singkatan AMIN Bukan Hasil Konsultan, Ini Ketemunya dari Langit",0
DENGAN BANGGANYA MEREKA BERANI MEMAKAI SERAGAM MILITERNYA,1
Obral Murah Batu Bara RI ke China Hanya Rp103.000/Ton,1
Selamat datang TKA China sebarkan virus corona #TergagapCorona,1
"Kisah Pendiri Toyota Bikin Mobil, Dulunya Pelajari 'Jeroan' Chevrolet",0
Facebook Menghapus Status Presiden Terpilih di Akun Facebook Joe Biden,1
"Baliho Ganjar-Mahfud Dicopot, PPP Bali: Aparat Pemerintah Hati-hati Menertibkan",0
38 Nama Senjata Tradisional di Indonesia Beserta Asalnya Lengkap,0
"Susah Tidur Sampai Pagi, Bagaimana Cara Mengatasinya Dok?",0
Tips 'Curi Waktu' untuk Olahraga buat Pekerja Kantoran,0
"Terbawah Lolos Parlemen, Demokrat Duga Dampak Pindah Koalisi di Akhir",0
HARUS ADA YANG BERGELAR FX LAGI YANG MEMIMPIN SOLO,1
Anissa Pohan Grebek AHY Dengan Wanita Lain,1
Jangan Harap Ada Wisata Seperti 'Disneyland' di IKN,0
"TUDUH GIBRAN DAN KAESANG KORUPSI, RIZAL RAMLI DAN AMIN RAIS TERANCAM DIPROSES HUKUM",1
Judi Bola Menjerat Pemain Muda Italia,0
Anies Baswedan Ajak Masyarakat Tolak Timnas Argentina Bahkan Pemain Pun Dibujuk Tak Datang Latihan!!,1
Batu2 an karya seni Gabion ternyata dari terumbu karang yg dilindungi UU,1
"Prosedur Pasang Ring Jantung, Dijalani Hotman Paris Imbas Penyumbatan Pembuluh Darah",0
Pesan Sultan Jogja Agar Pak Lurah Tak Ikut Kampanye,0
Gibran Bantah Hasto: Emangnya Aku Kuning? Nggak,0
"Korban Pencabulan Guru SD di Langkat Bertambah Jadi 15 Murid, 4 Laki-laki",0
"Jelang Tes Kesehatan, Mahfud: Agak Batuk karena Sering Pidato",0
"#DemiIndonesia, Menlu Retno Ajak Rawat Persatuan dan Kesatuan",0
Mansion Sports Entertainment Group Makin Eksis di Bidang Sportaiment,0
Bocoran dari Luhut: Kereta Cepat Nyambung ke Surabaya Mau Digarap China,0
"Apple Perkenalkan Chipset Terbaru M3, M3 Pro dan M3 Max",0
"Anies: Jika Dapat Kepercayaan Warga Depok, Insyaallah Jabar di Tangan Kita",0
FIFA Jatuhkan Sanksi Pada PSSI Karena Pemalsuan Dokumen Stadion JIS,1
Foto Santa Claus ikut salat berjamaah,1
HAMAS RUSAK GEREJA DAN TENDANG PATUNG YESUS DI GAZA,1
IndoXXI dan LK21 Bahaya! Link Nonton Film Ini Bebas Malware Pencuri Data,0
Kondisi Enuh Nugraha Saat Kembali ke Bandung Belasan Tahun Lalu,0
"Cak Imin: Orang Bilang AMIN Kecil, Kok Massa Depok Sebanyak Ini?",0
Emil Dardak Harap Khofifah Gabung Tim Kampanye Prabowo-Gibran,0
Teks Doa Upacara Hari Sumpah Pemuda 2023 Resmi sesuai Panduan Kemenpora,0
Video Bukti Aksi Demo Tolak UU Cipta Kerja Merupakan Aksi Bayaran Bukan Gerakan Murni,1
Jaringan Terowongan Bawah Tanah Hamas di Jalur Gaza,0
Sandiaga Serap Aspirasi Relawan Se-RI untuk Dukung Visi Ganjar-Mahfud,0
"Penjualan Emiten Bus Listrik Bakrie Naik, Suku Cadang Laris Manis",0
Test Swab COVID-19 dapat Menyebabkan Lapisan Otak Pecah dan Pendarahan Hingga Kematian dan Pernah Terjadi di Kanada,1
Mewaspadai Praktik Curang Uang Digital Bersama Tel-U dan KPK,0
Suntikan Vaksin Kosong di Indonesia,1
Pemerintah Kanada Beri $2.000 Kepada Seluruh Warga Kanada,1
Golkar Masih Lobi Khofifah Gabung TKN Prabowo-Gibran,0
Kader Golkar Diminta Mulai Bergerak Menangkan Prabowo-Gibran,0
Visi Prabowo-Gibran: Bersama Indonesia Maju Menuju Indonesia Emas 2045,0
Aplikasi DANA Adalah Buatan China Dan Memiliki Nama Asli Alipay,1
"Selama Ini, Perawatan Jembatan Kaca Kampung Warna-warni Ditanggung Warga",0
Penghormatan Terakhir untuk Mantan PM China Li Keqiang,0
Prestasi Sektor Keuangan: Stabil di Tengah Kekacauan Global,0
Dito Ariotedjo Bantah Terima Rp 27 M untuk Amankan Perkara BTS,0
Video Konspirasi Ricuhnya Papua Diduga Ulah Australia Yang Ingin Kuasai Papua Dari Indonesia,1
"Apa Beda Yahudi, Israel, dan Zionis? Simak Penjelasannya Agar Tak Keliru",0
wabah flu Spanyol penyebabnya bukan virus melainkan gejala pneumonia oleh bakteri akibat oleh karena adanya wajib masker,1
"Sarjana Baru, Badai PHK, dan Pengangguran Terdidik",0
5 Tips Self Healing Tanpa Bikin Nguras Kantong ala Tokopedia,0
"Pembukaan STQH Nasional di Jambi, Menag Yaqut Kampayekan Pemilu Damai",0
"Rangkap Jabatan Menteri Dan Anggota DPR, Puan: Khan Gajinya Dobel",1
KemenPAN-RB Tidak Terlibat Dalam Acara Seminar Nasional Pengadaan Tes CPNS 2018,0
Gunung Merapi Kubur 15 Desa Secara Brutal April 2023,1
"Elite PDIP Kritik Baliho Ganjar-Mahfud Dicopot, Sindir Bawahan Cari Muka",0
"Jawab Hasto, Golkar Sebut Tak Ada Tekanan Dukung Gibran Jadi Cawapres",0
"Tugas TPPK untuk Cegah dan Tangani Kekerasan Di Sekolah, Apa Saja?",0
Gambar Jokowi Meminta Wakaf,1
GEMPAR! PELAKU YANG INGIN HABISI ANIES DITANGKAP? PELAKU AKUI DIBAYAR & DIPERINTAH HABISI NYAWA ANIES,1
"Lokapala, Game E-Sport Pertama Bikinan Indonesia yang Masuk Cabor PON",0
Jokowi: Insentif Kartu Pra Kerja Bukan Berarti Gaji untuk Pengangguran,1
Sandro Tonali Resmi Dihukum 10 Bulan Akibat Judi Bola,0
"Disandera Hamas, 3 Wanita Israel Marah-marah ke Netanyahu",0
"Video 21 Mei 2022, Jokowi Resmi Tunjuk Risma Gantikan Anies",1
Meme Jokowi toast menggunakan Wine,1
"Gibran Batal Hadir, Gerindra Klaim Jalan Sehat Makassar Diikuti 500.000 Orang",0
"Kejurnas Gymnastics 2023 Selesai, DKI Jakarta Juara Umum",0
"Wanita Bandung Idap Skoliosis 70 Derajat, Sempat Diterapi 'Kretek-kretek'",0
Masinton PDIP: Pak Jokowi Masih Sayang Bu Mega Nggak?,0
"Huawei Mate 60 Pro Laris 1,6 Juta Unit, 'Bunuh' iPhone 15",0
KETUM DEMOKRAT BERSAMA RIBUAN RELAWAN BERALIH DUKUNG GANJAR PRANOWO,1
GEGER !! GANJAR DI USIR PAKSA PPP || PERLAWANAN MENGERIKAN PILIH & BERI DUKUNGAN KE ANIES,1
Kaesang Pangarep Tolak Tawaran Partai Demokrat,1
"Jimly: Belum Pernah Image MK Terpuruk Kayak Sekarang, Saya Pendiri Tak Tega",0
Pramuka Dajjal,1
"Pemerintah Pemprov DKI Habiskan Rp 90,45 Miliar Untuk Bayar Buzzer Buat Bikin Hoaks",1
"Rajai IMAG 2023, Tim Kickboxing DKI Bertekad Taklukkan PON 2024",0
5 Fitur Samsung Super Smart TV Plus untuk Ganti TV Analog,0
"Asosiasi Adalah: Pengertian, Bentuk, Ciri-ciri, dan Contohnya",0
Menag Minta Madrasah Gagah Hadapi Perkembangan Zaman,0
"Ganjar Bingung Balihonya Dicopot: Jika Tak Melanggar, Tak Perlu Berlebihan",0
Video Detik jatuhnya pesawat lion air,1
Mensesneg Pratikno Hadiri Penutupan Dies Natalis ke-68 Fisipol UGM,0
Mahasiswa Sering Capek Setelah Bangun Tidur? Hati-hati Ini Penyebabnya,0
Mobil Mungil Suzuki Ini Pajaknya Cuma Rp 500 Ribuan/Tahun,0
Video Pemain Argentina Merayakan Kemenangan Dengan Bersholawat,1
Faldo soal Isu 3 Periode: Saya Dengar Ada Ketegangan di Internal Elite PDIP,0
NYALAKAN AC TANPA BUKA KACA SAAT PERTAMA MASUK MOBIL BISA SEBABKAN KANKER,1
"Teten ke Pengusaha: Saya Lindungi UMKM Indonesia, Bukan Tiongkok",0
Korban Virus Corona,1
Foto di Cuitan Presiden yang tertukar,1
BMKG: Alat Pendeteksi Tsunami di Selat Sunda Hilang Sejak 2007,0
Tanda Tanya Status Gibran di PDIP Usai Jadi Cawapres Prabowo,0
"Tangkapan Layar Ahox Tidak Akan Dicopot, Erik Tohir : Kami Punya Kepentingan Dengan Cina, Mohon Dipahami.",1
JOKOWI SIAPKAN PERANG MELAWAN RAKYAT MELAYU,1
Cek Saldo Rekening di Bank BRI Terutama yang Sudah Registrasi HP Menggunakan KK dan NIK,1
Julio Iglesias meninggal karena covid19,1
Kisah Anak Pewaris Saham Red Bull yang Tajir Melintir,0
Mengenal Jalur Gaza dan Perbedaannya dengan Tepi Barat Palestina,0
Ambyaar Pemilik 201kg Sabu Dipetamburan Ternyata Anggota FPI,1
GANJAR DI BANJIRI TERIAKAN ANIES PRESIDEN SAAT BLUSUKAN,1
"Project Silica, Cara Microsoft Simpan Data di Kaca",0
Luhut dan pak mahfud tidak divaksin dengan alasan usia,1
Lowongan Kerja PT AGS Waskita Karya dengan Sejumlah Biaya,1
"Yenny Wahid Dukung Ganjar, Nusron: Prabowo Jadi Presiden Kata Gus Dur",0
COVID-19 adalah Akronim dari Certification Of Vaccination Identification 2019 dan Penanaman Barcode Implan di Wuhan pada Tahun 2019,1
"Dapat Modal Rp 365 Miliar, Aplikasi Bahasa Teknologi AI Ini Perluas Pasar di RI",0
Erick Thohir Cawapres Potensial bagi Milenial Jambi: Kinerja Terbukti,0
Dari Baanjung Petani Sanipah Kutai Kartanegara Menolak Punah,0
CNN Indonesia: Airlangga Pimpin Paling Depan Mengajak Relawan KIB Maju Menangkan Anies-Khofifah 2024,1
HANYA DI TV MNC GRUP ADZAN MAGHRIB DIGANTI IKLAN,1
Alasan Wapres Ma'ruf Amin Betah Berkantor di Papua,0
"Catat! Jelang Pildun U-17, Kawasan Stadion Manahan Steril Mulai 26 Oktober",0
Kasus Dugaan Kartel Bunga Pinjol Berlanjut ke Penyelidikan di KPPU,0
El Shaarawy Menangis Usai Bobol Gawang Monza: Akibat Dituduh Berjudi,0
"Atlet Jetski Aqsa Aswar Bakal Tanding Tinju, Banting Setir?",0
"Profil R Katjasungkana, Tokoh Sumpah Pemuda Asal Pamekasan Madura",0
JUTAAN UMAT SIAP MENANGKAN ANIES BASWEDAN,1
AM HendroPriyono Meninggal Di Singapura,1
Video Ini lockdown di Spanyol,1
Sederet Tantangan Industri Baja Kejar Target RI Jadi Negara Maju,0
"Di Kazan, Rusia, pemain Sepak Bola dan supporternya Sholat Isya secara berjamaah",1
Pandemi Bikin Desa Tenganan Serasa Balik ke Zaman Dulu Lagi,0
Jokowi sdh berkunjung ke Christchurch,1
Kutipan Marcus Aurelius tentang Opini dan Perspektif,1
"Fuso Rilis Truk Bongsor Terbaru: Panjang Nyaris 12 Meter, Punya Fitur Anti Blind Spot",0
RIDWAN KAMIL RESMI JADI CAWAPRES PRABOWO,1
"Kinerja Bisnis Solid, Bank bjb Bukukan Laba Rp 1,7 T di Triwulan III 2023",0
Foto Lionel Messi memegang seragam PDI-P,1
Ada Festival Berkata-kata di M Bloc Space,0
OLIGARKI KEJANG2 !! ISTANA DIAM2 KECOLONGAN || TERNYATA MAHFUD MD DUKUNG ANIES.,1
Akun Instagram Bank BPD Bali Mengadakan Undian Berhadiah,1
RIBUAN MASYARAKAT SAMBUT ANIES BASWEDAN DAN MUHAIMIN ISKANDAR DI SUMATRA,1
Kantor Jeff Bezos di 1999 |  Jeff Besoz Office in 1999,1
Link Download Logo Hari Sumpah Pemuda 2023 Beserta Bentuk Visualnya,0
Pengelolaan Sampah di Bekasi Dinilai Butuh Penanganan Serius,0
Minum Kopi 3 x Sehari untuk menangkal Covid-19,1
"Pemuda, Politik dan Era Akselerasi",0
FA Serukan Penggunaan 'Wasit Robot' di Inggris,0
'Biang Kerok' Serangan Jantung Mulai Banyak Dialami Usia Muda,0
"Gibran Maju Cawapres, BEM UNS Tanyakan Nasib Sanitasi Kampung Gilingan",0
Tema dan Logo Hari Sumpah Pemuda 2023 Beserta Link Downloadnya,0
Luhut: Loyalitas Saya Kepada Jokowi Tidak Pernah Luntur,0
"Rutin Gelar Nobar Sepakbola, Segini Biaya yang Dikeluarkan Pemkot Solo",0
Pembalap MotoGP Jorge Lorenzo Selebrasi Dengan Berenang di danau Sirkuit Mandalika,1
Kader Partai Nasional Demokrat Mengundurkan Diri setelah Deklarasi Anies Baswedan,1
Gempuran Toko Online Tak Bikin Hasan Menyerah Jual Buku di Palasari,0
Poster Launching Pusat Poligami PKS Cikarang Utara,1
Gambar sampul majalah Hidayah: Azab Seorang Penghoetang,1
"Hadirkan iPhone 15, Telkomsel Lanjut Rilis eSIM?",0
Erdogan Tidak Pernah Akui Kemenangan Jokowi,1
Ini ada ajakan yg menarik : Ada ide menarik banget dari Kwik Kian Gie,1
"Pengertian Sparing dan Manfaatnya, Termasuk Mengukur Kemampuan Atlet",0
ASN Wajib Berbenah buat Bikin Pelayanan Kelas Dunia,0
Video BLACK MARKET *ITALIA SUDAH MENYERAH*,1
Gambar praktis .. bisa dicoba .. pengganti tabung oksigen,1
Klarifikasi BPPT Terkait Isu Potensi Tsunami 57 Meter di Pandeglang,0
Sby akhirnya mendukung kerja pemerintah jokowi,1
Gaza Disebut Bisa Jadi 'Neraka Stalingrad' Bagi Israel,0
Hepatitis Misterius disebabkan oleh Vaksin Covid-19,1
Triathlon Indonesia Cari Ketum Baru,0
Jurus Duta Bahasa Nasional dari UI Bantu Literasi Digital UMKM,0
Kota Kupang Gelar Kejuaraan Atletik Pelajar,0
Video Wawancara Bill Gates Membicarakan Pencurian Ide Sistem Teknologi Microsoft,1
"Prabowo-Gibran Punya Asta Cita, Ini Isi Lengkapnya",0
"Perbedaan Antara Yahudi, Israel dan Zionis, Pahami agar Tak Salah",0
Samsung Kembali Menjadi Tempat Kerja Terbaik di Dunia Versi Forbes,0
Sandro Tonali Disanksi 10 Bulan gegara Judi,0
"PUTUSKAN SISTEM PEMILU TERTUTUP, ANIES PERINTAHKAN MAHKAMAH KONSTITUSI DIBUBARKAN",1
"Pangling Banget! Ivan Gunawan Sukses Pangkas BB 90 Kg, Intip Resepnya",0
"Sederet Permasalahan Industri Game E-Sports Indonesia, Salah Satunya Birokrasi",0
"Vivo V29e Segera Rilis di Indonesia, Ini Bocoran Spek dan Fiturnya",0
Indonesia Datangkan Sistem Pertahanan Aster 15 untuk Ibu Kota Baru,1
Klub sepak bola yang pertama kali ditayangkan di televisi adalah pertandingan Arsenal vs Everton pada tahun 1937,1
Gambar Munarman Berjalan Menggunakan Tongkat Usai Ditembak Aparat Kepolisian,1
"Sertifikat Vaksin Menjadi Syarat Pengisian BBM di SPBU Wilayah Trumon Raya, Aceh Selatan",1
Ganjar: Saya Hormati Keputusan Pak Jokowi dan Mas Gibran,0
"Jangan Asal Bor Sumur Air Tanah, Sekarang Wajib Izin Kementerian ESDM",0
Tautan Subsidi Kuota Internet dan Pulsa Kemendikbud,1
RSCM Praktekkan Penyedotan Plug (Sumbatan) Vena/Saluran Darah,1
Dasar jokodok tukang tipu tapi goblok nya kenapa ebong tetap percaya,1
Pose Jari L oleh PLN,1
Fakta Peringatan Hari Pos Sedunia 9 Oktober 2023,0
"Tangisan Pilu Fabio Diggia di MotoGP Mandalika, Apa Sebabnya?",0
Terowongan Rahasia di Gaza yang Bikin Israel Ketar-ketir,0
Perang Jenderal Tiga Capres,0
"Anies : Solusi Banjir Di Jakarta Bukan Dari Gubernur Melainkan Dari Allah Swt, Mintalah Supaya Tidak Hujan !!",1
Beredar Nama-nama Menteri dan Pejabat Setingkat Menteri Kabinet Jilid II yang diputuskan Jokowi Ma ruf di Istana Bogor,1
Video Kampanye Capres 01 Bahasa Mandarin,1
"Waspada, indikasi nyata PKI mulai bangkit",1
"MacBook Pro M3 Diklaim Lebih Ngebut dari Chip Intel, Harganya?",0
"Kualitas Individu Inggris Lebih Bagus dari Italia, tapi...",0
Vaksin Booster Covid-19 Dapat Menyebabkan AIDS,1
Foto Kakek Tua Menggendong Kucing Menjadi Korban Serangan Rusia di Ukraina,1
Menanti Akad di Ruang Tamu Pekan Kebudayaan Nasional,0
10 Contoh Percakapan Bahasa Batak Singkat dan Artinya,0
"Toyota soal Mobil Listrik: Bagus, tapi....",0
Heru Budi Enggan Kampung Bayam Berpolemik: Saya Tak Tahu Janji yang Lama,0
Joe Biden Minta AS Fokus Kembangkan AI,0
Eksekusi Mati Ferdy Sambo Akan Dilakukan Tengah Malam,1
"Dukung Prabowo-Gibran, Bahlil Lahadalia Pidato soal Cawapres U-40",0
RESTORAN GAIB DI PULAU LAKI DI KLIK TETEP GAK BISA,1
ANIES RESMI DICOPOT !,1
"Setelah cina di landa virus corona,allah beri hadiah kpd umat muslim di cina yaitu terbukanya mesjid2 seluruh daratan cina",1
"Fasilitas RS Wirasakti Makin Lengkap, Pangdam Udayana Resmikan 4 Ruangan",0
"Abdur, Ferry Irwandi & Presiden Gen Z Singgung Judi Slot hingga Diskriminasi",0
Video Eric Tohir Sangat Terbuka Menjelaskan Tentang Chip yang Ada dalam Vaksin Covid-19,1
Wizstren Mudahkan Umat Bayar Zakat dan Donasi dari HP,0
"Baju Desain SMKN 1 Batu Bakal Ramaikan JMFW 21 Oktober, Seperti Apa Wujudnya?",0
"Lihat Langsung Kawasaki Ninja Hybrid, Setara Moge tapi Seirit Motor 250 cc",0
Gaikindo Mau Bikin GIIAS Seperti Japan Mobility Show,0
DOA BERSAMA JUTAAN UMAT DAN PARA SANTRI UNTUK ANIES BASWEDAN JADI PRESIDEN 2024,1
Catat! Ini 5 Pemeriksaan Kesehatan yang Wajib Dilakukan Setahun Sekali,0
KSAD Jenderal Andika Perkasa Adu Otot dengan Tentara Amerika Serikat,1
Klarifikasi tvOne terkait foto Ustadz Abdul Somad dan Direksi serta karyawan tvOne di akun twitter @saididu,0
Menhan Prabowo Target Rampungkan 200 Titik Sumber Air hingga Akhir Tahun,0
Foto Jokowi Pakai Kaos Bertuliskan Aica Aibon,1
Asian Para Games 2023: Boccia Persembahkan Emas Ketujuh bagi Indonesia,0
Foto Mesut Ozil menginjak bendera Tiongkok,1
Ini Pria Muda Terkaya di Dunia Pewaris Saham Red Bull,0
Vaksin Pfizer-BioNTech Dapat Menyebabkan Radang Otak,1
5 Seniman Bandung yang Meniti Karier hingga Internasional,0
Logitech Bikin Experience Store Erajaya Digital Complex,0
PB PASI Puji Hydration Partner Jakarta Marathon 2023,0
Zulhas Minta Pondok Pesantren Adaptif terhadap Perkembangan Dunia,0
Gula Jawa Mengandung Formalin,1
Thailand Gaet Turis Mancanegara dengan Sim Card Gratis,0
"Video Didemo rakyat, KETUA WAKIL RAKYAT DAN EMAKNYA ngga berani mongol malah GOYANG CORONA",1
Sandiaga Uno Bongkar Sifat Buruk Anies,1
"Ganjar Ajak Mahasiswa Terjun ke Politik, Bicara Etika-Moral",0
Ancaman Balik Vladimir Putin Untuk FIFA,1
"HEBOH || BERKAT BANTUAN MAHFUD MD & SRI MULYANI, AKHIRNYA KEJAGUNG TETAPKAN PAK PALOH JADI TERSANGKA.",1
Anies Janji Bakal Perbaiki Jalan Sawangan Depok jika Menang Pilpres 2024,0
WhatsApp Kini Bisa Kirim Chat Tanpa Koneksi Internet!,1
Pengakuan Jusuf Kalla perjuangan moral Jokowi,1
Gubernur Provinsi Papua Meninggal Dunia,1
Video Live TV Ukraina yang diduga merekam orang mati di TV yang terbunuh selama invasi,1
BALIHO ANIES PRESIDEN TERPAMPANG DI BUS KONVOI TIMNAS,1
Dokter Israel Membantu Pasien Corona di China,1
Anies mendapatkan gelar Liem Ay Bon,1
"Bid'ah Adalah: Kenali Hukum, Jenis, dan Contohnya",0
"Kebugaran Jasmani: Pengertian, Manfaat, dan Contoh Latihannya",0
"Pelatih Timnas, Shin Tae Yong memutuskan tinggalkan Indonesia usai meraih Kemenangan",1
"Usai Keliling Jakarta, Jutaan Jakmania Tumpahkan Dukungan untuk Anies Baswedan",1
Puan Tak Khawatir Gibran Rebut Suara PDIP di Jateng: Semua Punya Strategi,0
Mahfud MD Resmi Bubarkan Ponpes Al Zaytun,1
Truk Listrik Ngecasnya Lama? Nih Isuzu Kasih Solusi Ganti Baterai 3 Menit Aja,0
Ilmuwan Jepang Menemukan Cara Menjadi Tembus Pandang,1
"Anies: Negara Ini Milik Seluruh Rakyat Indonesia, Bukan Satu Dua Keluarga",0
"VIRAL MALAM INI || PENYIDIK TEMUKAN DANA 500 MILIAR, VERAKAN ORMAS 212 TERNYATA UNTUK HABISI JOKOWI?",1
"Tak Hadir di Istana, Gatot Nurmantyo Tolak Bintang Jasa Jokowi",1
Bantahan Menpora Dito Terima Duit Pelicin Amankan Perkara BTS Kominfo,0
Video TikTok Waspada Cuaca Ekstrem 29-30 Desember 2022,1
"26% Pemuda Jatim Menerima Politik Dinasti di Pilpres 2024, 33% Menolak",0
Kelakar Jubir Anies Minta TPN Ganjar Limpahkan Sumbangan Jika Berlebih,0
"Prabowo Ungkap Menu Makan Siang Jokowi Bareng 3 Capres, Soto hingga Cumi-cumi",0
Video Nasbung Buat Reuni Kadrun diludahin dulu,1
Daftar Gaji Karyawan Fintech-IT hingga Skill yang Bikin HRD Auto Terima Kamu,0
Perusahaan Farmasi Moderna yang Menciptakan Virus Corona,1
Kata Gibran soal Membangkang di PDIP hingga Opsi Mundur dari Walkot Solo,0
"Sempat Jadi Primadona, Bis Surat Kian Hilang Ditelan Zaman",0
Jokowi dan Megawati Akan Dipenjara Akibat Ketahuan Atur KPK dan KPU untuk Jegal Anies Baswedan,1
"Avanza Hybrid Diduga sedang Disiapkan, Gimana dengan Daihatsu Xenia?",0
Panda: Mahfud Jawaban Atas Kelemahan Pemerintahan Jokowi Berantas Korupsi,0
Klub Basket RANS Punya Markas Baru di Bogor,0
Bola Raksasa Akan Diarak di Surabaya Sambut Piala Dunia U-17,0
Pidato Gibran Bikin Pendukung Pede Jelang Debat Vs Mahfud dan Cak Imin,0
Pose Dua Jari Peace Rentan Duplikasi Sidik Jari,1
Y2K38 Komputer tidak akan bisa membedakan antara waktu nyata dengan data yang tercatat,1
Andre Rosiade Dukung Erick Thohir Bidding Piala Dunia 2034,0
"Tokoh Jatim Terkenal Bakal Dukung Prabowo, PAN-Demokrat Singgung Khofifah",0
Vaksin Covid Sebabkan Mandul,1
Pesan tentang Video Argentina Is Doing It yang Dapat Retas Ponsel,1
"Gereja Ortodoks Ukraina yang Berafiliasi dengan Rusia Dibakar di Mykolaiv, Ukraina",1
"Dari DR. Ir. Hj. Sri Nurdiati, Dekan FMIPA IPB : Banyak Yang Tidak Tahu: Ini Rahasia Imunitas Tubuh",1
Gerindra Pastikan Prabowo-Gibran Sehat Jalani Tes Kesehatan di RSPAD,0
"Pertama di Surabaya, Tempat Nongkrong dengan View Lapangan Bola",0
Polda Metro Dalami Foto Pertemuan SYL dan Firli di Lapangan Bulutangkis,0
Link Untuk Mendapatkan 35 GB Kuota Gratis dari Operator,1
